-- phpMyAdmin SQL Dump
-- version 4.9.0.1
-- https://www.phpmyadmin.net/
--
-- Servidor: sql200.infinityfree.com
-- Tiempo de generación: 25-11-2025 a las 14:05:40
-- Versión del servidor: 11.4.7-MariaDB
-- Versión de PHP: 7.2.22

SET SQL_MODE = "NO_AUTO_VALUE_ON_ZERO";
SET AUTOCOMMIT = 0;
START TRANSACTION;
SET time_zone = "+00:00";


/*!40101 SET @OLD_CHARACTER_SET_CLIENT=@@CHARACTER_SET_CLIENT */;
/*!40101 SET @OLD_CHARACTER_SET_RESULTS=@@CHARACTER_SET_RESULTS */;
/*!40101 SET @OLD_COLLATION_CONNECTION=@@COLLATION_CONNECTION */;
/*!40101 SET NAMES utf8mb4 */;

--
-- Base de datos: `if0_36309636_borgattaingenieria`
--

-- --------------------------------------------------------

--
-- Estructura de tabla para la tabla `almacenes`
--

CREATE TABLE `almacenes` (
  `id_almacen` int(11) NOT NULL,
  `nombre_almacen` varchar(100) NOT NULL
) ENGINE=InnoDB DEFAULT CHARSET=utf8mb4 COLLATE=utf8mb4_general_ci;

--
-- Volcado de datos para la tabla `almacenes`
--

INSERT INTO `almacenes` (`id_almacen`, `nombre_almacen`) VALUES
(1, 'Almacen General'),
(2, 'Area de Maquinado'),
(3, 'Area de Ensamble'),
(4, 'Almacen Dental Trade'),
(5, 'Producto Terminado'),
(6, 'Almacen Radiotecnologia Producto Terminado'),
(7, 'Area de Ventas'),
(8, 'Descarte de Producto Terminado'),
(9, 'Descarte de Desgaste herramientas'),
(12, 'Capacitación'),
(31, 'Almacén General Piezas Maquinadas Sin Pintar'),
(32, 'Área de Pintura'),
(34, 'Almacén General Piezas Maquinadas Pintadas'),
(36, 'Lote 1'),
(37, 'Lote 2'),
(38, 'Lote 3'),
(39, 'Lote 4');

-- --------------------------------------------------------

--
-- Estructura de tabla para la tabla `areas`
--

CREATE TABLE `areas` (
  `id_area` int(11) NOT NULL,
  `nombre_area` varchar(255) NOT NULL
) ENGINE=InnoDB DEFAULT CHARSET=utf8mb4 COLLATE=utf8mb4_spanish2_ci;

--
-- Volcado de datos para la tabla `areas`
--

INSERT INTO `areas` (`id_area`, `nombre_area`) VALUES
(1, 'MAQUINADOS'),
(2, 'ENSAMBLE'),
(3, 'ALMACEN'),
(4, 'ADMINSTRACION'),
(5, 'GERENCIA');

-- --------------------------------------------------------

--
-- Estructura de tabla para la tabla `categorias`
--

CREATE TABLE `categorias` (
  `id_categoria` int(11) NOT NULL,
  `nombre_categoria` varchar(100) NOT NULL
) ENGINE=InnoDB DEFAULT CHARSET=utf8mb4 COLLATE=utf8mb4_general_ci;

--
-- Volcado de datos para la tabla `categorias`
--

INSERT INTO `categorias` (`id_categoria`, `nombre_categoria`) VALUES
(1, 'Herramientas generales'),
(2, 'Insumos consumibles'),
(3, 'Herramientas maquinados'),
(4, 'Papelería'),
(5, 'Tlapaleria'),
(6, 'Materia prima maquinado'),
(9, 'Piezas para kit de articulador'),
(11, 'PRODUCTO TERMINADO');

-- --------------------------------------------------------

--
-- Estructura de tabla para la tabla `catmetodospago`
--

CREATE TABLE `catmetodospago` (
  `id_catmetodospago` int(11) NOT NULL,
  `Clave` char(3) NOT NULL,
  `Descripcion` varchar(255) NOT NULL
) ENGINE=InnoDB DEFAULT CHARSET=utf8mb4 COLLATE=utf8mb4_spanish2_ci;

--
-- Volcado de datos para la tabla `catmetodospago`
--

INSERT INTO `catmetodospago` (`id_catmetodospago`, `Clave`, `Descripcion`) VALUES
(1, 'PUE', 'Pago en una sola exhibición'),
(2, 'PPD', 'Pago en parcialidades o diferido'),
(3, '99', 'Por definir');

-- --------------------------------------------------------

--
-- Estructura de tabla para la tabla `catusoscfdi`
--

CREATE TABLE `catusoscfdi` (
  `id_catusoscfdi` int(11) NOT NULL,
  `Clave` char(3) NOT NULL,
  `Nombre` varchar(255) NOT NULL
) ENGINE=InnoDB DEFAULT CHARSET=utf8mb4 COLLATE=utf8mb4_spanish2_ci;

--
-- Volcado de datos para la tabla `catusoscfdi`
--

INSERT INTO `catusoscfdi` (`id_catusoscfdi`, `Clave`, `Nombre`) VALUES
(1, 'G01', 'Adquisición de mercancías'),
(2, 'G02', 'Devoluciones, descuentos o bonificaciones'),
(3, 'G03', 'Gastos en general'),
(4, 'I01', 'Construcciones'),
(5, 'I02', 'Mobilario y equipo de oficina por inversiones'),
(6, 'I03', 'Equipo de transporte'),
(7, 'I04', 'Equipo de cómputo y accesorios'),
(8, 'I05', 'Dados, troqueles, moldes, matrices y herramental'),
(9, 'I06', 'Comunicaciones telefónicas'),
(10, 'I07', 'Comunicaciones satelitales'),
(11, 'I08', 'Otra maquinaria y equipo');

-- --------------------------------------------------------

--
-- Estructura de tabla para la tabla `claves_productos_sat`
--

CREATE TABLE `claves_productos_sat` (
  `id_clave_sat` int(11) NOT NULL,
  `clave_sat` varchar(8) NOT NULL,
  `descripcion_clave_sat` varchar(255) NOT NULL
) ENGINE=InnoDB DEFAULT CHARSET=utf8mb4 COLLATE=utf8mb4_spanish2_ci;

--
-- Volcado de datos para la tabla `claves_productos_sat`
--

INSERT INTO `claves_productos_sat` (`id_clave_sat`, `clave_sat`, `descripcion_clave_sat`) VALUES
(1, '42152401', 'Articuladores o accesorios dentales'),
(2, '42152501', 'Instrumentos de examen dental o accesorios'),
(3, '42152701', 'Equipo de laboratorio dental y accesorios'),
(4, '42152001', 'Equipo de rayos x dental y suministros'),
(5, '42152005', 'Unidades o partes de sistemas dentales'),
(6, '81101706', 'Servicio de mantenimiento o reparación de instrumentos dentales');

-- --------------------------------------------------------

--
-- Estructura de tabla para la tabla `clientes`
--

CREATE TABLE `clientes` (
  `id_cliente` int(11) NOT NULL,
  `nombre_cliente` varchar(255) NOT NULL,
  `rfc_cliente` varchar(13) NOT NULL,
  `direccion` text NOT NULL,
  `email` varchar(100) DEFAULT NULL,
  `telefono` varchar(50) DEFAULT NULL
) ENGINE=InnoDB DEFAULT CHARSET=utf8mb4 COLLATE=utf8mb4_general_ci;

--
-- Volcado de datos para la tabla `clientes`
--

INSERT INTO `clientes` (`id_cliente`, `nombre_cliente`, `rfc_cliente`, `direccion`, `email`, `telefono`) VALUES
(1, 'DENTAL TRADE', 'DTR070219G47', 'CALLE PUEBLA SUR, MZA. 4 LT 5 NAVE B INT 1, COL. JARDIN INDUSTRIAL IXTAPALUCA C.P.56535', 'dentaltrade@borgatta.com.mx', '55336363');

-- --------------------------------------------------------

--
-- Estructura de tabla para la tabla `cpi_art_af`
--

CREATE TABLE `cpi_art_af` (
  `id_cpi_art_af` int(11) NOT NULL,
  `nombre` varchar(255) NOT NULL,
  `descripcion` text DEFAULT NULL
) ENGINE=InnoDB DEFAULT CHARSET=utf8mb4 COLLATE=utf8mb4_general_ci;

--
-- Volcado de datos para la tabla `cpi_art_af`
--

INSERT INTO `cpi_art_af` (`id_cpi_art_af`, `nombre`, `descripcion`) VALUES
(1, 'CPI', 'Dispositivo medico dental CPI'),
(2, 'ARTICULADOR', 'Dispositivo medico dental ARTICULADOR'),
(3, 'ARCO', 'Dispositivo medico dental ARCO FACIAL'),
(4, 'EMPAQUE', 'Empaque del kit');

-- --------------------------------------------------------

--
-- Estructura de tabla para la tabla `detalle_factura`
--

CREATE TABLE `detalle_factura` (
  `id_detalle_factura` int(11) NOT NULL,
  `id_factura` int(11) NOT NULL,
  `precio_sin_IVA` decimal(10,2) NOT NULL,
  `total` decimal(10,2) NOT NULL
) ENGINE=InnoDB DEFAULT CHARSET=utf8mb4 COLLATE=utf8mb4_general_ci;

--
-- Volcado de datos para la tabla `detalle_factura`
--

INSERT INTO `detalle_factura` (`id_detalle_factura`, `id_factura`, `precio_sin_IVA`, `total`) VALUES
(4, 3, '1058.00', '1058.00'),
(8, 5, '63.10', '73.20'),
(9, 6, '5886.45', '6828.28'),
(10, 7, '31821.00', '36912.36'),
(11, 8, '800.00', '928.00'),
(12, 9, '123.80', '143.61'),
(13, 10, '317.73', '368.57'),
(14, 11, '362.50', '420.50'),
(15, 12, '2079.00', '2411.64'),
(16, 13, '104200.00', '120872.00'),
(17, 14, '236.50', '274.34'),
(18, 15, '63.00', '73.08'),
(19, 16, '4705.50', '5458.38'),
(20, 17, '204.25', '236.93'),
(23, 0, '36090.00', '41864.40'),
(24, 20, '7715.95', '8950.50'),
(25, 21, '875.00', '1015.00'),
(26, 22, '2533.50', '2938.86'),
(27, 23, '4154.74', '4819.50'),
(28, 24, '15332.97', '17786.25'),
(29, 25, '710.00', '823.60'),
(30, 26, '2480.00', '2876.80'),
(31, 27, '11380.00', '13200.80'),
(32, 28, '1514.40', '1756.70'),
(33, 29, '1480.00', '1716.80'),
(34, 30, '1900.00', '2204.00'),
(35, 32, '960.00', '1113.60'),
(36, 33, '325.00', '377.00'),
(37, 34, '1078.00', '1250.48'),
(38, 35, '12287.00', '14252.92'),
(39, 36, '1878.00', '2178.48'),
(40, 37, '2160.00', '2505.60'),
(41, 38, '126.38', '146.60'),
(42, 39, '47000.00', '54520.00'),
(43, 40, '1331.72', '1544.80'),
(44, 41, '910.00', '1055.60'),
(45, 42, '25000.00', '29000.00'),
(46, 43, '1900.00', '2204.00'),
(47, 44, '4690.00', '5440.40'),
(48, 45, '4186.00', '4855.76'),
(49, 46, '550.20', '638.23'),
(50, 47, '3152.90', '3657.36'),
(51, 48, '37204.00', '43156.64'),
(52, 49, '116.25', '134.85'),
(53, 50, '24060.00', '27909.60'),
(54, 51, '362.50', '420.50'),
(55, 52, '1302.00', '1510.32'),
(56, 53, '336.00', '389.76'),
(57, 54, '2136.00', '2477.76'),
(58, 55, '4000.00', '4640.00'),
(59, 56, '65559.40', '76048.90'),
(60, 57, '94.60', '109.74'),
(61, 58, '269.76', '312.92'),
(62, 59, '887.60', '1029.62'),
(63, 60, '1560.00', '1809.60'),
(64, 61, '336.00', '389.76'),
(65, 62, '5136.00', '5957.76'),
(66, 63, '666.12', '772.70'),
(67, 64, '602.57', '698.98'),
(68, 65, '6900.00', '8004.00'),
(69, 66, '1029.36', '1194.06'),
(70, 67, '5500.00', '6380.00'),
(71, 68, '1610.00', '1867.60'),
(72, 69, '2995.49', '3474.77'),
(73, 70, '6000.00', '6960.00'),
(74, 71, '542.30', '629.07'),
(75, 72, '200.00', '232.00'),
(76, 73, '2934.80', '3404.37'),
(77, 74, '1282.79', '1488.04'),
(78, 75, '2308.50', '2677.86'),
(79, 76, '1360.00', '1577.60'),
(80, 77, '3051.00', '3539.16'),
(81, 78, '4230.90', '4907.84'),
(82, 79, '533.76', '619.16'),
(83, 80, '856.00', '992.96'),
(84, 81, '97.50', '113.10'),
(85, 82, '150.87', '175.01'),
(86, 83, '1540.00', '1786.40'),
(87, 84, '3925.85', '4553.99'),
(88, 85, '1655.83', '1920.76'),
(89, 86, '1470.00', '1705.20'),
(90, 87, '1170.00', '1357.20'),
(91, 88, '862.05', '999.98'),
(92, 89, '3085.00', '3578.60'),
(93, 90, '2958.23', '3431.55'),
(94, 91, '2359.00', '2736.44'),
(95, 92, '4000.00', '4640.00'),
(96, 93, '20101.00', '23317.16'),
(97, 94, '5790.00', '6716.40'),
(98, 95, '5634.48', '6536.00'),
(99, 96, '300.00', '348.00'),
(100, 97, '84.50', '98.02'),
(101, 98, '9600.00', '11136.00'),
(102, 99, '1002.65', '1163.07'),
(103, 100, '579.99', '672.79'),
(104, 101, '43.00', '49.88'),
(105, 102, '1249.65', '1449.59'),
(106, 103, '639.21', '741.48'),
(107, 104, '6300.00', '7308.00'),
(108, 105, '5836.42', '6770.25'),
(109, 106, '7250.00', '8410.00'),
(110, 107, '1293.82', '1500.83'),
(111, 108, '145.00', '168.20'),
(112, 109, '2000.00', '2320.00'),
(113, 110, '2360.00', '2737.60'),
(114, 111, '2100.00', '2436.00'),
(115, 112, '3306.00', '3834.96'),
(116, 113, '5554.38', '6443.08'),
(117, 114, '15877.04', '18417.37'),
(118, 115, '1560.00', '1809.60'),
(119, 116, '29796.00', '34563.36'),
(120, 117, '793.15', '920.05'),
(121, 118, '1609.76', '1867.32'),
(122, 119, '1925.00', '2233.00'),
(123, 120, '184660.00', '214205.60'),
(124, 121, '117.00', '135.72'),
(125, 122, '195.00', '226.20'),
(126, 123, '590.51', '684.99'),
(127, 124, '178.50', '207.06'),
(128, 125, '480.00', '556.80'),
(129, 126, '792.24', '919.00'),
(130, 127, '5540.00', '6426.40'),
(131, 128, '3078.00', '3570.48'),
(132, 129, '366.00', '424.56'),
(133, 130, '332.70', '385.93'),
(134, 131, '392.30', '455.07'),
(135, 132, '4800.00', '5568.00'),
(136, 133, '2850.00', '3306.00'),
(137, 134, '106.14', '123.12'),
(138, 135, '6876.46', '7976.69'),
(139, 136, '643.97', '747.01'),
(140, 137, '44360.88', '51458.62'),
(141, 138, '5634.51', '6536.03'),
(142, 139, '362.50', '420.50'),
(143, 140, '117.00', '135.72'),
(144, 141, '900.85', '1044.99'),
(145, 142, '14220.00', '16495.20'),
(146, 143, '14219.83', '16495.00'),
(147, 144, '328.00', '380.48'),
(148, 145, '28865.50', '33483.98'),
(149, 146, '125786.00', '145911.76'),
(150, 147, '10000.00', '11600.00'),
(151, 148, '895.20', '1038.43'),
(152, 149, '5116.00', '5934.56'),
(153, 150, '1428.00', '1656.48'),
(154, 151, '479.30', '555.99'),
(155, 152, '5116.00', '5934.56'),
(156, 153, '200.00', '232.00');

-- --------------------------------------------------------

--
-- Estructura de tabla para la tabla `detalle_nota_entrada`
--

CREATE TABLE `detalle_nota_entrada` (
  `id_detalle_nota` int(11) NOT NULL,
  `id_nota_entrada` int(11) NOT NULL,
  `numero_orden` varchar(50) NOT NULL,
  `numero_partida` varchar(255) NOT NULL,
  `nombre_producto` varchar(1500) NOT NULL,
  `id_producto` int(11) NOT NULL,
  `cantidad` decimal(11,2) NOT NULL,
  `id_unidad_medida` int(11) NOT NULL
) ENGINE=InnoDB DEFAULT CHARSET=utf8mb4 COLLATE=utf8mb4_general_ci;

--
-- Volcado de datos para la tabla `detalle_nota_entrada`
--

INSERT INTO `detalle_nota_entrada` (`id_detalle_nota`, `id_nota_entrada`, `numero_orden`, `numero_partida`, `nombre_producto`, `id_producto`, `cantidad`, `id_unidad_medida`) VALUES
(1, 1, 'ROG-073', '5', 'jkljgbh', 0, '21.00', 5),
(8, 22, 'ROC-069', '1', 'Iman de neodimio NEOD ND6006 DE 3/4\" x 0.100\" | 19MM DIAMETRO x 2.54MM ESPESOR ', 0, '250.00', 1),
(9, 23, 'ROG-068', '1', 'IMAN DE NEODIMIO 15x15x3MM', 0, '400.00', 1),
(10, 24, 'ROC-067', '1', 'PLUG TELEFONICO 4 VIAS', 0, '150.00', 1),
(11, 25, 'ROG-003', '1', 'Escariador CN H7, HSS+E, diámetro de corte 6,4 mm (0.252\"), MCA. GARANT. TECNOLOGIA ALEMANA.', 0, '2.00', 1),
(12, 25, 'ROG-003', '2', 'Escariador mecánico CN de MDI (carburo), diámetro de corte 6,4 mm (0.252\"), MCA. GARANT. TECNOLOGIA ALEMANA.', 0, '1.00', 1),
(13, 26, 'ROG-070', '1', 'Fresa 4 filos, diámetro 1/8\", recto, longitud de corte 1\", zanco cilíndrico 1/8\", carburo en acabado brillante, Marca Dormer', 0, '5.00', 1),
(14, 26, 'ROG-070', '2', 'Fresa 4 filos, diámetro 1/8\", recto, longitud de corte 1\", zanco cilíndrico 1/8\", carburo en acabado brillante, Marca Dormer', 0, '5.00', 1),
(15, 26, 'ROG-070', '3', 'CORTADOR DE 3/16 DE DIAMETRO 4 FILOS DE CORTE X 5/8 DE LARGO DE CORTE X 2 DE LARGO TOTAL MCA. DORMER', 0, '5.00', 1),
(16, 27, 'ROG-069', '1', 'RIMA RECTA HSS Ø 1/4\"', 0, '2.00', 1),
(17, 27, 'ROG-069', '2', 'RIMA RECTA HSS Ø 3/16\"', 0, '1.00', 1),
(18, 27, 'ROG-069', '3', 'AVELLANADOR ALTA VELOCIDAD DE 1/2\" A 82° 3 FL', 0, '1.00', 1),
(19, 27, 'ROG-069', '4', 'CORTADOR VERTICAL CARBURO Ø3/32\" 4F TIALN', 0, '3.00', 1),
(20, 29, 'ROG-00000073', '1', 'BARRA REDONDA DE ACERO 1018 DE 1\" X 6.10 mts.', 0, '1.00', 1),
(21, 30, 'ROC-00000004', '1', 'Etiqueta impresa offset 2x0, medio suaje, armado en block de 25pz, facil desprendimiento, medida 10.95 x 13.03cm', 0, '5000.00', 1),
(22, 31, 'ROG-00000076', '1', 'Machuelo helicoidal Yellow Shark UNF 3/8\" - 24 HPP, tolerancia 2B, 0.3810\" zanco, 0.2840\" cuadradillo de arrastre, HSS-E pulvimetalúrgico con recubrimiento TiAlN-Top, 2xD, ángulo de hélice para roscado de agujeros ciegos, NO FERROSOS, MCA. DORMER.', 0, '1.00', 1),
(23, 32, 'ROC-00000075', '1', 'BARRA REDONDA ALUMINIO 7075 DE 5/8\" x 3.66 mts', 0, '2.00', 1),
(24, 33, 'ROC-00000072', '1', 'Placa Aluminio 7075 de 3/4\" x 2\" x 48\"', 0, '4.00', 1),
(25, 33, 'ROC-00000072', '2', 'Placa Aluminio 7075 de 1\" x 2\" x 48\"', 0, '2.00', 1),
(26, 33, 'ROC-00000072', '3', 'Placa Aluminio 7075 de 1\" x 3\" x 48\"', 0, '3.00', 1),
(27, 33, 'ROC-00000072', '4', 'Solera Nylamid TM de 1\" x 1 1/2\" x 3.05 mts', 0, '1.00', 1),
(28, 33, 'ROC-00000072', '5', 'Placa Aluminio 7075 de 1/2\" x 3\" x 48\"', 0, '4.00', 1),
(29, 33, 'ROC-00000072', '6', 'Placa Aluminio 7075 de 3/4\" x 5\" x 48\"', 0, '4.00', 1),
(30, 33, 'ROC-00000072', '7', 'Barra Red Aluminio 7075 de 1\" x 3.66 mts', 0, '1.00', 1),
(31, 33, 'ROC-00000072', '8', 'Barra Red Aluminio 7075 de 5/8\" x 3.66 mts.', 0, '1.00', 1),
(32, 33, 'ROC-00000072', '9', 'Barra Red Nylamid 6/6 Nat de 1/2\" x 2.44 mts', 0, '2.00', 1),
(33, 33, 'ROC-00000072', '10', 'Barra Red Acero Inox T-304 de 1/2\" x 3.05mts', 0, '3.00', 1),
(34, 33, 'ROC-00000072', '11', 'Barra Red Acero Inox T-304 de 1/4\" x 3.05mts', 0, '1.00', 1),
(35, 33, 'ROC-00000072', '12', 'Barra Red Aluminio 7075 de 5/8\" x 3.66 mts', 0, '2.00', 1),
(37, 33, 'ROC-00000072', '13', 'Barra Red Aluminio 7075 de 1 1/4\" x 3.66 mts', 0, '1.00', 1),
(38, 33, 'ROC-00000072', '14', 'Barra Red Aluminio 7075 de 1\" x 3.66 mts', 0, '2.00', 1),
(39, 34, 'ROC-00000075', '1', 'Perno Solido Rectif. 1/8\" x 1\"\r\n', 0, '50.00', 1),
(40, 34, 'ROC-00000075', '2', 'Perno Solido Rectif. 3/16\" x 1/2\"\r\n', 0, '350.00', 1),
(41, 34, 'ROC-00000075', '3', 'Tornillo Opresor Mil.Inox. A-2 5 x 6 mm.', 0, '300.00', 1),
(42, 34, 'ROC-00000075', '4', 'Tor.Allen Mil.Inox. A2 3 x 6 mm.', 0, '200.00', 1),
(43, 34, 'ROC-00000075', '5', 'Perno Ranurado 1/16 x 7/16', 0, '100.00', 1),
(44, 34, 'ROC-00000075', '6', 'Perno Solido Rectif. 5/16 x 1', 0, '50.00', 1),
(45, 34, 'ROC-00000075', '7', 'Perno Solido Rectif. 1/4 x 1\r\n', 0, '50.00', 1),
(46, 34, 'ROC-00000075', '8', 'Perno Solido Rectif. 1/4 x 1.1/2\r\n', 0, '50.00', 1),
(47, 34, 'ROC-00000075', '9', 'Tornillo Allen Cilindrico Mil. 5 x 8 mm', 0, '50.00', 1),
(48, 34, 'ROC-00000075', '10', 'Seguros Truarc Exterior 1/4 (1400-025)', 0, '100.00', 1),
(49, 34, 'ROC-00000075', '11', 'Tor.Allen Mil.Inox. A2 4 x 12 mm.', 0, '100.00', 1),
(50, 34, 'ROC-00000075', '12', 'Tor.Allen Mil.Inox. A2 4 x 20 mm.', 0, '200.00', 1),
(51, 34, 'ROC-00000075', '13', 'Perno Ranurado 1/8 x 3/8\r\n', 0, '100.00', 1),
(52, 34, 'ROC-00000075', '14', 'Destornillador azul para puntas intercambiables', 0, '25.00', 1),
(53, 34, 'ROC-00000075', '15', 'Puntas Hex 1.15/16 3 MM.', 0, '25.00', 1),
(54, 35, 'ROG-00000076', '1', 'machuelo helicoidal 3/8\" - 24', 0, '1.00', 1),
(55, 36, 'ROG-00000078', '1', 'PAPEL BOND 75G CTA BCO 99 C/55 H DIEM', 0, '2.00', 1),
(56, 36, 'ROG-00000078', '2', 'CINTA MASKING TAPE 110 PLUS 24X50 JANEL', 0, '2.00', 1),
(57, 36, 'ROG-00000078', '3', 'PEGAMENTO INSTANTANEO TUBO DE 2G KOLA LOKA', 0, '6.00', 1),
(58, 36, 'ROG-00000078', '4', 'MARCADOS PERMANENTE SHARPIE U/F NEGRO SHARPIE', 0, '5.00', 1),
(59, 36, 'ROG-00000078', '5', 'MARCADOR PERMANENTE NEGRO STERBROOK', 0, '4.00', 1),
(60, 37, 'ROG-00000075', '1', 'MACHUELO HELICOIDAL M5 X .08 ROYCO', 0, '1.00', 1),
(61, 37, 'ROG-00000075', '2', 'MACHUELO HELICOIDAL  M6 X 1.00 ROYCO', 0, '1.00', 1),
(62, 37, 'ROG-00000075', '3', 'MACHUELO HELICOIDAL', 0, '1.00', 1),
(63, 38, 'ROG-00000072', '1', 'REFRIGERANTE PARA CNC BLASER UNIVERSAL 2000', 0, '1.00', 1),
(64, 39, 'ROC-00000076', '1', 'Placa Aluminio 7075 de 1\" x 3\" x 48\"', 0, '1.00', 1),
(65, 39, 'ROC-00000076', '2', 'Placa Aluminio 7075 de 1/2\" x 3\" x 48\"', 0, '17.00', 1),
(66, 39, 'ROC-00000076', '3', 'Placa Aluminio 7075 de 1/2\" x 2\" x 48\"', 0, '1.00', 1),
(67, 39, 'ROC-00000076', '4', 'Placa Aluminio 7075 de 3/4\" x 2\" x 48\"', 0, '1.00', 1),
(68, 39, 'ROC-00000076', '5', 'Placa Aluminio 7075 de 3/4\" x 2 1/2\" x 48\"', 0, '5.00', 1),
(69, 39, 'ROC-00000076', '6', 'Placa Aluminio 7075 de 3/4\" x 5\" x 48\"\r\n', 0, '10.00', 1),
(70, 39, 'ROC-00000076', '7', 'Placa Aluminio 7075 de 1\" x 2 1/2\" x 48\"', 0, '1.00', 1),
(71, 39, 'ROC-00000076', '8', 'Placa Aluminio 7075 de 1 1/2\"\" x 3\" x 48\"', 0, '14.00', 1),
(72, 39, 'ROC-00000076', '9', 'Barra Red Aluminio 6061 de 2 1/2\" x 3.66 mts', 0, '2.00', 1),
(73, 39, 'ROC-00000076', '10', 'Barra Red Acero Inox T-304 de 3/8\" x 3.66 mts', 0, '3.00', 1),
(74, 39, 'ROC-00000076', '11', 'Barra Red Acero Inox T-304 de 1/2\" x 3.05 mts', 0, '2.00', 1),
(75, 39, 'ROC-00000076', '12', 'Barra Red Acero Inox T-304 de 1/8\" x 1.20 mts', 0, '1.00', 1),
(76, 39, 'ROC-00000076', '13', 'Barra Red Acero Inox T-304 de 1/4\" x 3.05 mts', 0, '1.00', 1),
(77, 39, 'ROC-00000076', '14', 'Barra Red Aluminio 7075 de 5/8\" x 3.66 mts', 0, '10.00', 1),
(78, 39, 'ROG-00000078', '15', 'Barra Red Aluminio 7075 de 1\" x 3.66 mts', 0, '2.00', 1),
(79, 39, 'ROC-00000076', '16', 'Barra Red Acero 1018 de 1\" x 3.05 mts', 0, '1.00', 1),
(80, 39, 'ROC-00000076', '17', 'Barra Red Aluminio 7075 de 1 1/4\" x 1.20 mts', 0, '1.00', 1),
(81, 39, 'ROC-00000076', '18', 'Barra Red Aluminio 7075 de 1 1/4\" x 3.66 mts', 0, '1.00', 1),
(82, 39, 'ROC-00000076', '19', 'Barra Red Aluminio 7075 de 3\" x 1.20 mts', 0, '1.00', 1),
(83, 39, 'ROC-00000076', '20', 'Barra Red Acero Inox T-304 de 1\" x 1 mt', 0, '1.00', 1),
(84, 40, 'ROG-00000080', '1', 'CINTA GORILA DE COLOR GRAFT DE 70 X 137m', 0, '5.00', 1),
(85, 41, 'ROG-00000080', '1', 'Fresa de punta esférica serie estándar, 2 canales, diámetro 1/4\", longitud de corte 3/4\", longitud total 2-1/2\", zanco cilíndrico 1/4\", carburo en acabado brillante, hélice 30°, fresado en copia en acero, acero inoxidable, cobre, MCA. DORMER.', 0, '3.00', 1),
(86, 41, 'ROG-00000080', '2', 'Fresa de punta esférica serie estándar,\r\n2 canales, diámetro 3/8\", longitud de\r\ncorte 7/8\", longitud total 2-1/2\", zanco\r\ncilíndrico 3/8\", carburo en acabado\r\nbrillante, hélice 30°, fresado en copia\r\nen acero, acero inoxidable, cobre,\r\nMCA. DORMER.', 0, '3.00', 1),
(87, 41, 'ROG-00000080', '3', 'Fresa de punta esférica serie extra\r\nlarga, 2 canales, diámetro 3/8\",\r\nlongitud de corte 1-3/4\", longitud total\r\n4\", zanco cilíndrico 3/8\", carburo en\r\nacabado brillante, hélice 30°, fresado\r\nen copia en acero, acero inoxidable,\r\ncobre, MCA. DORMER.', 0, '3.00', 1),
(88, 42, 'ROG-00000080', '1', 'Macho recto de mano, con segunda entrada de 4-6xP, A IZQUIERDA Rosca Métrica ISO M4 con 0.70 mm de paso, tolerancia 6H, mango de 4.0mm y cuadradillo de arrastre de 3.15mm,', 0, '3.00', 1),
(89, 43, 'ROG-00000079', '1', 'MANERAL TIPO GARROTE PARA MACHUELO 1/4\", TRUPER', 0, '1.00', 1),
(90, 43, 'ROG-00000079', '2', 'MANERAL TIPO GARROTE PARA MACHUELO 3/8\", TRUPER', 0, '1.00', 1),
(91, 43, 'ROG-00000079', '3', 'TAPÓN AUDITIVO REUTILIZABLE TRIPLE BARRERA CON CORDÓN', 0, '5.00', 1),
(92, 43, 'ROG-00000079', '4', 'PIEDRA PARA ASENTAR 150 MM, DOBLE GRANO 150 Y 240, TRUPER', 0, '1.00', 1),
(93, 43, 'ROG-00000079', '5', 'GUANTES DE NYLON RECUBIERTOS DE NITRILO, M, PRETUL', 0, '3.00', 8),
(94, 43, 'ROG-00000079', '6', 'GUANTES DE NYLON RECUBIERTOS DE NITRILO, G, PRETUL', 0, '3.00', 8),
(95, 43, 'ROG-00000079', '7', 'PINZA DE PRESIÓN 11\" TIPO \"C\" CON MORDAZA AUTOAJUSTABLE', 0, '1.00', 1),
(96, 43, 'ROG-00000079', '8', 'GUANTES DE LÁTEX PARA PINTOR, GRANDES, TRUPER', 0, '2.00', 8),
(97, 43, 'ROG-00000079', '9', 'LIJA DE AGUA GRANO 280 DE CARBURO DE SILICIO, TRUPER', 0, '20.00', 1),
(98, 43, 'ROG-00000079', '10', 'LIJA DE ESMERIL ROJA GRANO 120 DE ÓXIDO DE ALUMINIO, TRUPER', 0, '7.00', 1),
(99, 44, 'ROC-00000083', '1', 'NIVEL BURBUJA DE RESINA TUBULAR NIVELADOR 22mm X 8mm', 0, '100.00', 1),
(100, 45, 'ROG-00000080', '1', 'Macho Helicoidal, rosca ISO-Métrica M5 paso de 0,80 mm, clase de ajuste 6H,\r\nvástago de 0,1940\" y cuadrado de 0,1520\", HSS con acabado brillante, ángulo\r\nde hélice de 52°, roscado de orificios ciegos de 2,5xD en aluminio, cobre, MCA.\r\nDORMER.', 0, '3.00', 1),
(101, 46, 'ROG-00000082', '1', 'Macho Helicoidal, rosca ISO-Métrica M5 paso de 0,80 mm, clase de ajuste 6H, vástago de 0,1940\" y cuadrado de 0,1520\", HSS M5 X 0.8 mm', 0, '2.00', 1),
(102, 47, 'ROC-00000084', '1', 'DESTORNILLADOR AZUL PARA PUNTAS INTERCAMBIABLES', 0, '14.00', 1),
(103, 47, 'ROC-00000084', '2', 'INS. PUNTA HEXAGONAL 3 mm.', 0, '16.00', 1),
(104, 47, 'ROC-00000084', '3', 'TOR. ALLEN MIL. INOX A2 4 X 12mm.', 0, '200.00', 1),
(105, 48, 'ROG-00000079', '1', 'RESORTE DE TORSION', 0, '500.00', 1),
(106, 49, 'ROG-00000082', '1', 'Escariador manual con cuchillas de hélice lenta a izquierda, diámetro 6.35mm (1/4', 432, '1.00', 1),
(107, 49, 'ROG-00000082', '1', 'Escariador manual con cuchillas de hélice lenta a izquierda, diámetro 4.76mm (3/16', 426, '1.00', 1),
(108, 49, 'ROG-00000082', '1', 'Escariador manual con cuchillas de hélice lenta a izquierda, diámetro 7.94mm (5/16', 433, '1.00', 1),
(109, 50, 'ROC-00000078', '1', 'SOPORTE ANALOGO', 483, '30.00', 1),
(110, 50, 'ROC-00000078', '2', 'APUNTADOR ORBITAL', 484, '30.00', 1),
(111, 50, 'ROG-00000078', '3', 'HORQUILLA DOBLADA', 485, '30.00', 1),
(112, 50, 'ROC-00000078', '4', 'HORQUILLA PLANA', 486, '30.00', 1),
(113, 50, 'ROC-00000078', '5', 'TIJERA DERECHA', 487, '30.00', 1),
(114, 50, 'ROC-00000078', '6', 'TIJERA IZQUIERDA', 488, '30.00', 1),
(115, 50, 'ROC-00000078', '7', 'SEGURO (CON DOBLES Y ACABADO)', 489, '30.00', 1),
(116, 51, 'ROC-00000086', '1', 'LIGA (LIGA DE NITRILO 3/32 MEDIDA ESPECIAL)', 490, '500.00', 1),
(117, 52, 'ROC-00000082', '1', 'ORING PARA TRAVESAÑO, PERNOS, H70005- NBR 70 568-005 CS: 0.070 X ID:0.101 ORING D.I. 0.101, D.E. 7/32 W 1/16', 423, '800.00', 1),
(118, 52, 'ROC-00000082', '2', 'ORING PARA VARILLA DE NIVEL  H70006- NBR 70 568-006 CS: 0.070 X ID:0.114 ORING D.I. 0.114, D.E. 1/4, W 1/16', 527, '800.00', 1),
(119, 53, 'ROC-00000081', '1', 'BOLSA CON CIERRE CAL. 150 DE 12CM X 20CM', 602, '1000.00', 1),
(120, 53, 'ROC-00000081', '2', 'BOLSA CON CIERRE CAL. 150 DE 10CM X 16', 603, '2000.00', 1),
(121, 53, 'ROC-00000081', '3', 'BOLSA CON CIERRE CAL. 150 DE 30CM X 40CM', 604, '400.00', 1),
(122, 54, 'ROC-00000091', '1', 'HOQUILLA COMPLETA PLANA', 625, '28.00', 1),
(123, 54, 'ROC-00000091', '2', 'HORQUILLA COMPLETA DOBLADA', 624, '28.00', 1),
(124, 55, 'ROG-00000083', '1', 'DISCO DE SIERRA 12', 628, '1.00', 1),
(125, 56, 'ROG-00000089', '1', '[YGBM284] Machuelo Helicoidal M5.0X0.80 C/Hardslick 3Fl D4 Bm YG-1', 629, '4.00', 1),
(126, 56, 'ROG-00000089', '2', '[YGBT203] Machuelo Helicoidal M3.0X0.50 C/Hardslick 3Fl D3 Bt YG-1', 630, '4.00', 1),
(127, 56, 'ROG-00000089', '3', '[YGF6323] Machuelo Helicoidal 10-24 C/Hardslick 3Fl H3 F6 YG-1', 631, '4.00', 1),
(128, 56, 'ROG-00000089', '4', '[AQT-20413] Cortador Carburo Plano 2 Fl 1/4X1/4X1.1/2X4 Cobra', 632, '3.00', 1),
(129, 58, 'ROG-00000091', '1', '[AQT-22688] Cortador Carburo Plano 4 Fl  D 1/2 X Z 1/2 X C 1 X \r\n LT 3, Cobra', 633, '2.00', 1),
(130, 58, 'ROG-00000091', '2', '[VOL-83414-2] Machuelo 1/4-28 UNF Volkel', 634, '2.00', 1),
(131, 59, 'ROG-00000092', '1', 'GU-152 GUANTE DE NITRILO NEGRO, MEDIANO', 635, '2.00', 8),
(132, 59, 'ROG-00000092', '2', 'GU-151 GUANTE DE NITRILO NEGRO, CHICO', 636, '2.00', 8),
(133, 59, 'ROG-00000092', '3', 'Segueta bimetálica de 18DPP largo de 12', 329, '2.00', 8),
(134, 59, 'ROG-00000092', '4', 'Segueta Bimetálica de 24DPP, 12', 330, '2.00', 8),
(135, 59, 'ROG-00000092', '5', 'LIMER-120 Lija de esmeril grano 120 roja', 463, '15.00', 1),
(136, 59, 'ROG-00000092', '6', 'Lija de agua grano 280 de carburo de silicio, Truper', 524, '15.00', 1),
(137, 59, 'ROG-00000092', '7', 'GU-352 Guante p/pintar talla Grande', 447, '2.00', 8),
(138, 60, 'ROG-00000085', '1', 'PORTA INSERTO RANURADO A4 DER. ZANCO 3/4', 637, '1.00', 1),
(139, 61, 'ROG-00000084', '1', 'Cortador Carbice AADF ', 48, '3.00', 1),
(140, 62, 'ROG-00000095', '1', 'Guantes de nitrilo Grandes', 141, '1.00', 8),
(141, 62, 'ROG-00000095', '2', 'Guantes de nylon recubiertos de poliuretano GRANDES', 327, '10.00', 8),
(142, 62, 'ROG-00000095', '3', 'Guantes de nylon recubiertos de poliuretano MEDIANOS Guantes de nylon recubiertos de poliuretano MEDIANOS', 326, '4.00', 8),
(143, 64, 'ROG-00000094', '1', 'Macho (Machuelo) helicoidal Blue Shark con chaflán forma C, con entrada de 2-3xP, UNF 1/4', 641, '3.00', 1),
(144, 65, 'ROG-00000081', '1', 'SET DE 10 INSERTOS PARA ALUMINIO,\r\nSINTERGRIP ALU PARA PRENSA 5 EJES,\r\nMCA. SMW AUTOBLOK.', 642, '1.00', 9),
(145, 66, 'ROC-00000095', '1', 'IMAN DE NEODIMIO REDONDO 3/4 x 0.100', 358, '250.00', 1),
(146, 67, 'ROG-00000098', '1', 'MACHUELO HELICOIDAL M4 x 0.7 ROYCO', 367, '4.00', 1),
(147, 68, 'ROG-00000088', '1', 'MICROFRESA DE MDI (CARBURO) DIÁMETRO DE CORTE 2.5mm, ZANCO REDUCIDO 20mm, MCA. GARANT', 644, '4.00', 1),
(148, 69, 'ROG-00000093', '1', 'INSERTO DE CARBURO DGN 2202JT IC 808ISCAR', 388, '10.00', 1),
(149, 70, 'ROC-00000096', '1', 'BARRA DE INTERIORES A-SCLCR 8-2 ISCAR', 645, '1.00', 1),
(150, 70, 'ROG-00000096', '2', 'INSERTOS DE CARBURO CCMT 2-1F3P IC8150ISCAR', 646, '10.00', 1),
(151, 71, 'ROG-00000088', '1', 'MICROFRESA DE MDI (CARBURO) DIÁMETRO DE CORTE 2.5mm, ZANCO REDUCIDO 20mm, MCA. GARANT', 644, '1.00', 1),
(152, 72, 'ROC-00000097', '1', 'TORNILLO 1 (M3), TORNILLO ALLEN SOCKET CILINDRO INOXIDABLE A2 M3 x 6MM', 476, '200.00', 1),
(153, 72, 'ROG-00000097', '2', 'DESTORMILLADOR PARA PUNTAS INTERCAMBIABLES', 589, '25.00', 1),
(154, 72, 'ROC-00000097', '3', 'INSERTO, OPRESOR ALLEN INOXIDABLE A2 MILIMETRICO M5 X 6MM', 475, '450.00', 1),
(155, 72, 'ROC-00000097', '4', 'PERNO PARA CENTRADOR ANALOGO, PERNO RANURADO, 1/16', 531, '50.00', 1),
(156, 72, 'ROC-00000097', '5', 'PERNO PARA PANTALLA CENTRAL DE 1/4', 350, '50.00', 1),
(157, 72, 'ROC-00000097', '6', 'PERNO CENTRADOR PARA CLIP, PERNO SOLIDO RECTIFICADO 1/8 ', 473, '50.00', 1),
(158, 72, 'ROC-00000097', '7', 'PERNO DE POSICION (3/16', 264, '450.00', 1),
(159, 72, 'ROC-00000097', '8', 'PERNO 2 PARA PANTALLA DERECHA O IZQUIERDA DE 5/16', 352, '50.00', 1),
(160, 72, 'ROC-00000097', '9', 'PERNO PARA CLIP, PERNO SOLIDO RECTIFICADO ACERO ALEADO 3/8', 472, '50.00', 1),
(161, 72, 'ROC-00000097', '10', 'PUNTA HEXAGONAL 3MM', 590, '25.00', 1),
(162, 72, 'ROC-00000097', '11', 'TORNILLO ALLEN SOCKET CILINDRO INOXIDABLE A2 M4x12MM', 579, '100.00', 1),
(163, 72, 'ROC-00000097', '12', 'TORNILLO PARA CONDILO, TORNILLO CABEZA BOTON ALLEN INOX M4 x 12MM', 561, '200.00', 1),
(164, 72, 'ROC-00000097', '13', 'PERNO 1 PARA PANTALLA DERECHA O IZQUIERDA, PERNO SOLIDO RECTIFICADO ACERO INOXIDABLE DE  1/4', 359, '50.00', 1),
(165, 73, 'ROC-00000096', '1', 'SEGURO (CON DOBLES Y ACABADO)', 489, '30.00', 1),
(166, 73, 'ROG-00000096', '2', 'SOPORTE ANALOGO', 483, '30.00', 1),
(167, 73, 'ROC-00000096', '3', 'TIJERA DERECHA', 487, '30.00', 1),
(168, 73, 'ROG-00000096', '4', 'TIJERA IZQUIERDA', 488, '30.00', 1),
(169, 74, 'ROC-00000099', '1', 'APUNTADOR ORBITAL', 484, '30.00', 1),
(170, 75, 'ROC-00000098', '1', 'HORQUILLA DOBLADA', 485, '30.00', 1),
(171, 75, 'ROC-00000098', '2', 'HORQUILLA PLANA', 486, '30.00', 1),
(172, 76, 'ROC-00000090', '1', 'HORQUILLA COMPLETA PARA NIÑOS', 626, '30.00', 1),
(173, 77, 'ROG-00000106', '1', 'VCGT 11 03 02-UM 1125 Plaquita (insertos) CoroTurn® 107 para torneado, MCA. Sandvik', 649, '10.00', 1),
(174, 78, 'ROG-00000103', '1', 'Juego de Machuelo OSG ROYCO M4 X 0.7 6H', 74, '2.00', 9),
(175, 78, 'ROG-00000103', '2', 'Juego de Machuelo OSG ROYCO M5 X 0.8 6H', 71, '2.00', 9),
(176, 78, 'ROG-00000103', '3', 'Juego de Machuelo OSG ROYCO M6 X1 6H', 72, '2.00', 9),
(177, 78, 'ROG-00000103', '4', 'Juego de Machuelo OSG ROYCO M4 X 0.7 6H', 74, '2.00', 1),
(178, 78, 'ROG-00000103', '5', 'MACHUELO HELICOIDAL M5 x 0.8 ROYCO', 368, '2.00', 1),
(179, 78, 'ROG-00000103', '6', 'Juego de Machuelo OSG ROYCO M6 X1 6H', 72, '3.00', 9),
(180, 78, 'ROG-00000103', '7', 'MACHUELO HELICOIDAL N10-24 ROYCO', 375, '2.00', 1),
(181, 78, 'ROG-00000103', '8', 'MACHUELO HELICOIDAL M4 x 0.7 YG1', 650, '5.00', 1),
(182, 78, 'ROG-00000103', '9', 'Juego de Machuelos M2 x 0.4 6H', 651, '3.00', 9),
(183, 78, 'ROG-00000103', '10', 'Juego de Machuelos 1/8', 652, '3.00', 9),
(184, 78, 'ROG-00000103', '11', 'TARRAJA M2 x .4 x 1', 653, '1.00', 1),
(185, 78, 'ROG-00000103', '12', '[AQT-22688] Cortador Carburo Plano 4 Fl  D 1/2 X Z 1/2 X C 1 X  LT 3, Cobra Bricht', 633, '3.00', 1),
(186, 78, 'ROG-00000103', '13', 'CORTADOR DE CARBURO  DIAM 3/4\" x Z 1-1/2\" x LT 4\" SIN REC. 4FL CLEVELAND', 654, '2.00', 1),
(187, 78, 'ROG-00000103', '14', 'CORTADOR DE CARBURO LARGO 1/8', 372, '3.00', 1),
(188, 78, 'ROG-00000103', '15', 'CORTADOR VERTICAL CARBURO Ø3/32\" 4FSER ALTIN', 578, '5.00', 1),
(189, 78, 'ROG-00000103', '16', 'CORTADOR DE CARBURO DIAM. 1/4 X FILO 3/8 X LT 2.5 DE 4 FL. SIN REC. BRIGHT COBRA CARBIDE', 655, '3.00', 1),
(190, 79, 'ROC-00000101', '1', 'Desarmador (DESARMADOR) Allen Hexagonal de 3 mm, con mango recubierto', 589, '15.00', 1),
(191, 80, 'ROG-00000107', '1', 'JUEGO DE MACHUELOS N4-40 ROYCO', 657, '3.00', 9),
(192, 81, 'ROG-00000104', '1', 'Inserto CNMG090308MP / CNMG322MP / KC5010', 88, '10.00', 1),
(193, 81, 'ROG-00000104', '2', 'Cortador De Carburo Solido Diametro 3/8, 3 Filos, AADE0375J3D KENNAMETAL', 48, '3.00', 1),
(194, 81, 'ROG-00000104', '3', 'INSERTO DE CARBURO EDPT140408PDSRGD KCPK30 KENNAMETAL ( RADIO .8\nMM)', 655, '10.00', 1),
(195, 82, 'ROG-00000105', '1', 'ETIQUETA LADO IZQUIERDO', 501, '500.00', 1),
(196, 82, 'ROC-00000105', '2', 'ETIQUETA LADO DERECHO', 502, '500.00', 1);

-- --------------------------------------------------------

--
-- Estructura de tabla para la tabla `detalle_orden_compra`
--

CREATE TABLE `detalle_orden_compra` (
  `id_detalle_orden` int(11) NOT NULL,
  `id_orden_compra` int(11) DEFAULT NULL,
  `numero_partida` int(11) DEFAULT NULL,
  `nombre_producto` varchar(1000) DEFAULT NULL,
  `cantidad` decimal(11,2) DEFAULT NULL,
  `id_unidad` int(11) NOT NULL,
  `precio_sin_IVA` decimal(10,2) DEFAULT NULL,
  `total` decimal(10,2) DEFAULT NULL
) ENGINE=InnoDB DEFAULT CHARSET=utf8mb4 COLLATE=utf8mb4_spanish2_ci;

--
-- Volcado de datos para la tabla `detalle_orden_compra`
--

INSERT INTO `detalle_orden_compra` (`id_detalle_orden`, `id_orden_compra`, `numero_partida`, `nombre_producto`, `cantidad`, `id_unidad`, `precio_sin_IVA`, `total`) VALUES
(1, 1, 1, 'uno', '5.00', 1, '20.00', '100.00'),
(3, 2, 1, 'unoss', '4.00', 1, '25.00', '100.00'),
(4, 1, 2, 'Broca serie extra larga con zanco cilíndrico, diámetro 0.1252\" 1/8 con longitudtotal de 160mm y longitud de filo de 100mm según norma BS 328 con puntacónica 118°, HSS con acabado vaporizado y hélice normal 10xD para aladradosin picado, MCA.DORMER', '5.00', 1, '3563.00', '17815.00'),
(5, 4, 1, 'machuelo', '3.00', 1, '500.00', '1500.00'),
(6, 5, 1, 'RETAZO DE TRAPO BLANCO (GRANDE)', '20.00', 2, '95.00', '1900.00'),
(7, 5, 2, 'GASOLINA BLANCA', '20.00', 7, '90.00', '1800.00'),
(8, 5, 3, 'AIP', '20.00', 7, '90.00', '1800.00'),
(9, 5, 4, 'THINNER', '20.00', 7, '70.00', '1400.00'),
(10, 6, 1, 'CORTADOR RECTO DE CARBURO 1/8\" 4 FL ESTANDAR', '2.00', 1, '280.00', '560.00'),
(11, 6, 2, 'CORTADOR RECTO DE CARBURO 1/8\" 4 FL LARGO', '1.00', 1, '716.80', '716.80'),
(12, 6, 3, 'BOQUILLA ER32 1/8\"', '2.00', 1, '539.00', '1078.00'),
(13, 6, 4, 'BOQUILLA ER40 1/8\"', '1.00', 1, '580.00', '580.00'),
(14, 7, 1, 'VASTAGO MITUTOYO AM GAGE Marca Mitutoyo, VASTAGO C/TUERCA\r\nD8, PARA INDICADOR.', '2.00', 1, '97.50', '195.00'),
(15, 7, 2, '9437925KL25SW7 BROCA DE CENTROS N1', '5.00', 1, '6.42', '32.10'),
(16, 7, 3, '3KL792579SRHG4 MACHUELO HELICOIDAL 1/8-40', '5.00', 1, '50.82', '254.10'),
(17, 7, 4, 'ASRHG434343KLB BROCA HSS NUMERICA 37 ', '12.00', 1, '2.19', '26.28'),
(18, 7, 5, 'R79792579SRMMS BROCA HSS NUMERICA 38 ', '12.00', 1, '2.19', '26.28'),
(19, 8, 1, 'FABRICACION DE HERRAMIENTAS DE CARBURO PARA CHAMFER MEDIANTE AFILADORA UNIVERSAL  A 45°', '5.00', 1, '1200.00', '6000.00'),
(20, 9, 1, 'M-33X Cinta de aislar 19 mm x 18 m', '5.00', 1, '18.97', '94.85'),
(21, 9, 2, 'DR-1/4X6TP Desarmador mango transparente', '1.00', 1, '29.31', '29.31'),
(22, 9, 3, 'DR-5/16X6TP Desarmador mango transparent', '1.00', 1, '42.24', '42.24'),
(23, 9, 4, 'DP-1/8X6 Desarmador phillips de 1/8\"', '1.00', 1, '33.62', '33.62'),
(24, 9, 5, 'DP-3/16X6 Desarmador phillips de 3/16\"', '1.00', 1, '42.24', '42.24'),
(25, 9, 6, 'DP-1/4X6 Desarmador phillips de 1/4\"', '1.00', 1, '50.86', '50.86'),
(26, 9, 7, 'E-8X12 Escuadra cantero profesional 8\"', '1.00', 1, '59.49', '59.49'),
(27, 9, 8, 'CTR-150 Cinta transparente de 48 mm x 15M', '2.00', 1, '50.86', '101.72'),
(28, 9, 9, 'CIN-1810N Cinchos negros de plástico en bolsa de 100 piezas', '4.00', 1, '14.65', '58.60'),
(29, 9, 10, 'LIME-120 Lija de esmeril grano 120', '10.00', 1, '11.21', '112.10'),
(30, 9, 11, 'LIME-80 Lija de esmeril grano 80', '4.00', 1, '12.50', '50.00'),
(31, 9, 12, 'LIMER-120 Lija de esmeril grano 120 roja', '10.00', 1, '13.36', '133.60'),
(32, 9, 13, 'LIMER-100 Lija de esmeril grano 100 ', '5.00', 1, '13.36', '66.80'),
(33, 9, 14, 'LIAG-600 Lija de agua grano 600', '7.00', 1, '7.33', '51.31'),
(34, 9, 15, 'LIAG-240 Lija de agua grano 240', '6.00', 1, '7.33', '43.98'),
(35, 9, 16, 'LIAG-180 Lija de agua grano 180', '8.00', 1, '7.33', '58.64'),
(37, 10, 1, 'Extensión reforzada aterrizada 8 m 3x14 AWG, Volteck', '1.00', 1, '219.82', '219.82'),
(38, 10, 2, 'Extensión reforzada aterrizada 4 m 3x14 AWG, Volteck', '1.00', 1, '107.75', '107.75'),
(39, 10, 3, 'Pinza de presión 9\", punta larga, Truper', '1.00', 1, '139.65', '139.65'),
(40, 10, 4, 'Lima redonda muza 8\", Truper', '2.00', 1, '38.79', '77.58'),
(41, 10, 5, 'Lima redonda muza 10\", Truper', '1.00', 1, '53.44', '53.44'),
(42, 10, 6, 'Lima media caña muzas 8\", Truper', '1.00', 1, '62.06', '62.06'),
(43, 10, 7, 'Lima media caña muzas 10\", Truper', '1.00', 1, '111.20', '111.20'),
(44, 10, 8, 'Cinta de empaque 48 mm x 150 m transparente, Pretul', '6.00', 1, '37.93', '227.58'),
(45, 10, 9, 'Pinza punta recta 7\" para abrir anillos, mango de PVC', '1.00', 1, '171.55', '171.55'),
(46, 10, 10, 'Lija de agua grano 240 de carburo de silicio, Truper', '6.00', 1, '7.32', '43.92'),
(47, 10, 11, 'Lija de agua grano 120 de carburo de silicio, Truper', '5.00', 1, '7.75', '38.75'),
(48, 10, 12, 'Lija de agua grano 280 de carburo de silicio, Truper', '4.00', 1, '7.32', '29.28'),
(49, 11, 1, 'LIGAS DE NITRILO DE 3/32 FABRICACION ESPECIAL', '1000.00', 1, '5.50', '5500.00'),
(50, 12, 1, 'MACHUELO HELICOIDAL 3/8\" X 24 ', '2.00', 1, '680.00', '1360.00'),
(51, 13, 112116, 'Fresa de punta esférica, 2 canales, diámetro corte 1/16\", longitud de corte 1/4\", longitud total 1-1/2\", radio completo 1/32\", zanco cilíndrico 1/8\", metal duro en acabado brillante, hélice 30°, fresado en copia en acero, inoxidable, cobre, no ferrosos, MCA. DORMER.', '5.00', 1, '19.50', '97.50'),
(52, 14, 1, 'MACHUELO HEMICOIDAL M4 x 0.7 ROYCO', '3.00', 1, '769.50', '2308.50'),
(53, 15, 1, 'Cortador largo, 4 gavilanes, diámetro corte 3/8\", longitud de corte 1\", longitud total 4\", longitud zanco reducido 1-3/8\", CARBURO, hélice 30°, para fresado profundo.', '4.00', 1, '124.50', '498.00'),
(54, 15, 2, 'Cortador largo, 4 gavilanes, diámetro corte 1/4\", longitud de corte 1\", longitud total 4\", longitud zanco reducido 1-1/4\", CARBURO, hélice 30°, para fresado profundo.', '4.00', 1, '89.50', '358.00'),
(55, 16, 4, 'MACHUELO HSS 1/8-40 ROYCO ', '10.00', 1, '154.00', '1540.00'),
(56, 17, 1, 'TUBO ACERO INOX CAL 20 C/C DE 1/4\" x 6 MTS', '3.00', 1, '490.00', '1470.00'),
(57, 18, 1, 'Barra de acero inoxidable 316 de 1-1/8\" x 1 M', '5.10', 2, '170.00', '867.00'),
(58, 19, 1, 'PLACA ALUMINIO 7075 DE 3/4\" X 3/4\" X 1.22 MTS ', '3.00', 1, '390.00', '1170.00'),
(59, 20, 1, 'Llave Hex.Corta Mil. L 2.5 mm.', '150.00', 1, '3.42', '513.59'),
(60, 20, 2, 'Seguros Truarc Exterior 1/4 (1400-025)', '200.00', 1, '1.88', '376.52'),
(61, 20, 3, 'Tornillo Opresor Mil.Inox. A-2 5 x 6 mm.', '50.00', 1, '0.53', '26.45'),
(62, 20, 4, 'Perno Ranurado 1/16 x 7/16', '50.00', 1, '0.34', '17.07'),
(63, 20, 5, 'Perno Solido Rectif. 3/8 x 1.1/4', '50.00', 1, '16.75', '837.74'),
(64, 20, 6, 'Perno Solido Rectif. 1/4 x 1.1/2', '50.00', 1, '9.74', '487.13'),
(65, 20, 7, 'Perno Solido Rectif. 1/4 x 1', '50.00', 1, '6.83', '341.56'),
(66, 20, 8, 'Perno Solido Rectif. 5/16 x 1', '50.00', 1, '11.96', '598.02'),
(67, 20, 9, 'Perno Solido Rectif. 1/8 x 1', '50.00', 1, '3.19', '159.52'),
(68, 20, 10, 'Perno Solido Rectif. 3/16 x 1/2', '50.00', 1, '3.86', '193.04'),
(69, 20, 11, 'Tornillo Cab.Plana Allen Inox. 18-8 10-24 x 3/8', '200.00', 1, '0.43', '85.72'),
(70, 20, 12, 'Tor.Allen Mil.Inox. A2 4 x 20 mm.', '100.00', 1, '0.66', '66.33'),
(71, 20, 13, 'Tor.Allen Mil.Inox. A2 3 x 8 mm.', '400.00', 1, '0.30', '119.36'),
(72, 20, 14, 'Tor.Allen Mil.Inox. A2 3 x 6 mm.', '200.00', 1, '0.23', '46.14'),
(73, 20, 15, 'Tornillo Allen Boton Inox. 18-8 1/8 x 1/2', '50.00', 1, '0.42', '20.77'),
(74, 20, 16, 'Tornillo Allen Cilindrico Mil. 5 x 8 mm.', '50.00', 1, '0.74', '36.87'),
(75, 21, 1, 'acero inoxidable tipo 316 de 1 5/8\" de diámetro por 1 mt de largo', '1.00', 1, '2359.00', '2359.00'),
(76, 22, 1, 'OXI WELD 600 30% 1/16', '262.00', 10, '13.10', '2958.23'),
(77, 23, 1, 'PELICULA BURBUJA AIRE 3/16\" 1.22 M x 123 M', '3.00', 1, '395.00', '1185.00'),
(78, 23, 2, 'PELICULA BURBUJA DE AIRE 1/2\" 1.22 M x 61.5M ', '2.00', 1, '395.00', '790.00'),
(79, 23, 3, 'PELICULA ESTIRABLE,  5\" C80', '30.00', 1, '37.00', '1110.00'),
(80, 24, 1, 'ENGRAPADORA METAL ESMAL GDE DE GOLPE PILOT', '1.00', 1, '100.53', '100.53'),
(81, 24, 2, 'PEGAMENTO INSTANT TBO 2g KRAZY KOLALOKA', '2.00', 1, '17.33', '34.66'),
(82, 24, 3, 'PEGAMENTO INSTANT 5G-BROCHA BLTKKRAZY KOLALOKA ', '2.00', 1, '21.56', '43.12'),
(83, 24, 4, 'PEGAMENTO INSTANT 3.5g GOTERO BLT KOLALOKA', '2.00', 1, '19.18', '38.36'),
(84, 24, 5, 'TONER 85A NEG P/LJ PRO1102W HP', '1.00', 1, '1439.16', '1439.16'),
(90, 26, 1, 'PLUG TELEFONICO MODULAR DE 4 P/CABLE REDONDO', '150.00', 1, '2.00', '300.00'),
(91, 27, 1, 'MAQUILA DE 7 EQUIPOS COMPLETOS, 22 TIJERA IZQUIERDA, 21\r\nTIJERA DERECHA, 2 TRAVESAÑOS, 645 PIEZAS VARIAS EN ACABADO NEGRO SATIN Y GRIS EUROPA CORRESPONIDENTE A LAS ORDENES PV24-006, 007 Y 008', '1.00', 1, '20101.03', '20101.03'),
(92, 28, 1, 'IMAN DE NEODIMIO ND6006 DE 3/4\" X .100\" | 19 MM DIAM x 2.54 MM ESPESOR', '250.00', 1, '22.00', '5500.00'),
(93, 28, 2, 'ENVIO', '1.00', 1, '290.00', '290.00'),
(94, 29, 1, 'MARC001-4T SOPORTE ANALOGO', '25.00', 1, '498.00', '12450.00'),
(95, 29, 2, 'MARC001-7E HORQUILLA DOBLADA', '25.00', 1, '90.00', '2250.00'),
(96, 29, 3, 'MARC001-7R HORQUILLA PLANA', '25.00', 1, '70.00', '1750.00'),
(97, 29, 4, 'MARC001-7B TIJERA DERECHA', '25.00', 1, '215.00', '5375.00'),
(98, 29, 5, 'MARC001-7C TIJERA IZQUIERDA', '25.00', 1, '215.00', '5375.00'),
(99, 30, 1, 'Perno Solido Rectif. 1/8 x 1 ', '50.00', 1, '3.19', '159.52'),
(100, 30, 2, 'Perno Solido Rectif. 3/16 x 1/2 ', '700.00', 1, '3.86', '2702.63'),
(101, 30, 3, 'Tornillo Opresor Mil.Inox. A-2 5 x 6 mm', '500.00', 1, '0.53', '264.50'),
(102, 30, 4, 'Tor.Allen Mil.Inox. A2 3 x 6 mm', '300.00', 1, '0.23', '69.21'),
(103, 30, 5, 'Perno Spirol 1/16 x 7/16', '300.00', 1, '0.73', '219.09'),
(104, 30, 6, 'Perno Solido Rectif. 5/16 x 1 ', '100.00', 1, '11.96', '1196.04'),
(105, 30, 7, 'Perno Solido Rectif. 1/4 x 1', '100.00', 1, '6.83', '683.13'),
(106, 30, 8, 'Perno Solido Rectif. 1/4 x 1.1/2', '100.00', 1, '9.74', '974.25'),
(107, 30, 9, 'Tornillo Allen Cilindrico Mil. 5 x 8 mm.', '100.00', 1, '0.74', '73.73'),
(108, 30, 10, 'Seguros Truarc Exterior 1/4 (1400-025)', '600.00', 1, '1.88', '1129.56'),
(109, 30, 11, 'Tor.Allen Mil.Inox. A2 4 x 12 mm.', '400.00', 1, '0.49', '196.28'),
(110, 30, 12, 'Tor.Allen Mil.Inox. A2 4 x 20 mm. ', '300.00', 1, '0.66', '199.00'),
(111, 30, 13, 'Perno Ranurado 1/8 x 3/8', '200.00', 1, '0.43', '86.92'),
(112, 30, 14, 'Llave Punta Bola Mil. L 3.0 mm', '100.00', 1, '16.06', '1606.01'),
(113, 31, 1, 'Placa Aluminio 7075 de 3/4\" x 2\" x 48\"', '4.00', 1, '890.00', '3560.00'),
(114, 31, 2, 'Placa Aluminio 7075 de 1\" x 2\" x 48\"\r\n', '2.00', 1, '1176.00', '2352.00'),
(115, 31, 3, 'Placa Aluminio 7075 de 1\" x 3\" x 48\"\r\n', '3.00', 1, '1740.00', '5220.00'),
(116, 31, 4, 'Solera NYLAMID TM de 1\" x 1 1/2\" x 3.05 mts\r\n', '1.00', 1, '1560.00', '1560.00'),
(117, 31, 5, 'Placa Aluminio 7075 de 1/2\" x 3\" x 48\"\r\n', '4.00', 1, '864.00', '3456.00'),
(118, 31, 6, 'Placa Aluminio 7075 de 3/4\" x 5\" x 48\"\r\n', '4.00', 1, '2136.00', '8544.00'),
(119, 31, 7, 'Barra Red Aluminio 7075 de 1\" x 3.66 mts ', '1.00', 1, '1026.00', '1026.00'),
(120, 31, 8, 'Barra Red Aluminio 7075 de 5/8\" x 3.66 mts \r\n', '1.00', 1, '400.00', '400.00'),
(121, 31, 10, 'Barra Red NYLAMID 6/6 de 1/2\" x 2.44 mts', '2.00', 1, '158.00', '316.00'),
(122, 31, 11, 'Barra Red Acero Inox T-304 de 1/2\" x 3.05 mts', '3.00', 1, '288.00', '864.00'),
(123, 31, 12, 'Barra Red Acero Inox T-304 de 1/4\" x 3.05 mts', '1.00', 1, '75.00', '75.00'),
(124, 31, 13, 'Barra Red Aluminio 7075 de 5/8\" x 3.66 mts', '2.00', 1, '400.00', '800.00'),
(125, 31, 14, 'Barra Red Aluminio 7075 de 1 1/4\" x 3.66 mts', '1.00', 1, '1596.00', '1596.00'),
(126, 31, 15, 'Barra Red Aluminio 7075 de 1\" x 3.66 mts ', '2.00', 1, '1026.00', '2052.00'),
(127, 32, 1, 'Acero 1018 de 1\" x 6.00 mt', '1.00', 1, '1058.00', '1058.00'),
(128, 33, 1, 'BARRA REDONDA ALUMINIO 7075 DE 5/8\" x 3.66mts. ', '2.00', 1, '400.00', '800.00'),
(129, 34, 1, 'Perno Solido Rectif. 1/8\" x 1\"', '50.00', 1, '3.19', '159.52'),
(130, 34, 2, 'Perno Solido Rectif. 3/16\" x 1/2\"', '350.00', 1, '3.86', '1351.32'),
(131, 34, 3, 'Tornillo Opresor Mil.Inox. A-2 5 x 6 mm. ', '300.00', 1, '0.53', '158.70'),
(132, 34, 4, 'Tor.Allen Mil.Inox. A2 3 x 6 mm. ', '200.00', 1, '0.23', '46.14'),
(133, 34, 5, 'Perno Ranurado 1/16 x 7/16', '100.00', 1, '0.51', '51.21'),
(134, 34, 6, 'Perno Solido Rectif. 5/16 x 1 ', '50.00', 1, '11.96', '598.02'),
(135, 34, 7, 'Perno Solido Rectif. 1/4 x 1', '50.00', 1, '6.83', '341.56'),
(136, 34, 8, 'Perno Solido Rectif. 1/4 x 1.1/2 ', '50.00', 1, '9.74', '487.13'),
(137, 34, 9, 'Tornillo Allen Cilindrico Mil. 5 x 8 mm', '50.00', 1, '0.74', '36.99'),
(138, 34, 10, 'Seguros Truarc Exterior 1/4 (1400-025)', '100.00', 1, '1.88', '188.26'),
(139, 34, 11, 'Tor.Allen Mil.Inox. A2 4 x 12 mm.', '100.00', 1, '0.49', '49.07'),
(140, 34, 12, 'Tor.Allen Mil.Inox. A2 4 x 20 mm.', '200.00', 1, '0.66', '132.66'),
(141, 34, 13, 'Perno Ranurado 1/8 x 3/8', '100.00', 1, '0.43', '43.46'),
(142, 34, 14, 'Destornillador azul para puntas intercambiables', '25.00', 1, '82.72', '2068.00'),
(143, 34, 15, 'Puntas Hex 1.15/16 3 MM. ', '25.00', 1, '6.98', '174.41'),
(144, 35, 1, 'Placa Aluminio 7075 de 1\" x 3\" x 48\"', '1.00', 1, '1824.00', '1824.00'),
(145, 35, 2, 'Placa Aluminio 7075 de 1/2\" x 3\" x 48\"', '17.00', 1, '864.00', '14688.00'),
(146, 35, 3, 'Placa Aluminio 7075 de 1/2\" x 2\" x 48\"', '1.00', 1, '636.00', '636.00'),
(147, 35, 4, 'Placa Aluminio 7075 de 3/4\" x 2\" x 48\"', '1.00', 1, '890.00', '890.00'),
(148, 35, 5, 'Placa Aluminio 7075 de 3/4\" x 2 1/2\" x 48\"', '2.00', 1, '1120.00', '2240.00'),
(149, 35, 6, 'Placa Aluminio 7075 de 3/4\" x 5\" x 48\"', '10.00', 1, '2136.00', '21360.00'),
(150, 35, 7, 'Placa Aluminio 7075 de 1\" x 2 1/2\" x 48\"', '1.00', 1, '1480.00', '1480.00'),
(151, 35, 8, 'Placa Aluminio 7075 de 1 1/2\" x 3\" x 48\"', '14.00', 1, '2780.00', '38920.00'),
(152, 35, 9, 'Barra Red Aluminio 6061 de 2 1/2\" x 3.66 mts', '2.00', 1, '4483.00', '8966.00'),
(153, 35, 10, 'Barra Red Acero Inox T-304 de 3/8\" x 3.66 mts', '3.00', 1, '205.00', '615.00'),
(154, 35, 12, 'Barra Red Acero Inox T-304 de 1/2\" x 3.05 mts', '2.00', 1, '288.00', '576.00'),
(155, 35, 14, 'Barra Red Acero Inox T-304 de 1/8\" x 1.20 mts', '1.00', 1, '15.00', '15.00'),
(156, 35, 15, 'Barra Red Acero Inox T-304 de 1/4\" x 3.05 mts', '1.00', 1, '75.00', '75.00'),
(157, 35, 16, 'Barra Red Aluminio 7075 de 5/8\" x 3.66 mts', '10.00', 1, '400.00', '4000.00'),
(158, 35, 17, 'Barra Red Aluminio 7075 de 1\" x 3.66 mts', '2.00', 1, '1026.00', '2052.00'),
(159, 35, 18, 'Barra Red Acero 1018 de 1\" x 3.05 mts', '1.00', 1, '488.00', '488.00'),
(160, 35, 19, 'Barra Red Aluminio 7075 de 1 1/4\" x 1.20 mts', '1.00', 1, '532.00', '532.00'),
(161, 35, 20, 'Barra Red Aluminio 7075 de 1 1/4\" x 3.66 mts', '1.00', 1, '1596.00', '1596.00'),
(162, 35, 21, 'Barra Red Aluminio 7075 de 3\" x 1.20 mts', '1.00', 1, '2827.00', '2827.00'),
(163, 35, 22, 'Barra Red Acero Inox T-304 de 1\" x 1 mt', '1.00', 1, '420.00', '420.00'),
(164, 37, 1, 'MARC001-4T SOPORTE ANALOGO', '30.00', 1, '498.00', '14940.00'),
(165, 37, 2, 'MARC001-8D APUNTADOR ORBITAL', '30.00', 1, '95.00', '2850.00'),
(166, 37, 3, 'MARC001-7E HORQUILLA DOBLADA', '30.00', 1, '90.00', '2700.00'),
(167, 37, 4, 'MARC001-7R HORQUILLA PLANA', '30.00', 1, '70.00', '2100.00'),
(168, 37, 5, 'MARC001-7B TIJERA DERECHA', '30.00', 1, '215.00', '6450.00'),
(169, 37, 6, 'MARC001-7C TIJERA IZQUIERDA', '30.00', 1, '215.00', '6450.00'),
(170, 37, 7, 'MARC001-4Q SEGURO CON DOBLES Y ACABADO', '30.00', 1, '20.00', '600.00'),
(171, 38, 1, 'Resorte de torsión\r\nØ ext. 0.268 ± +.040\" -0.000, \r\nLong. Cpo. 0.145\", \r\nØ alambre 0.032 Inox. \r\nDERECHO Terminales s/ muestra', '500.00', 1, '14.50', '7250.00'),
(173, 39, 1, 'CINTA CON REFUERZO DE 70 X 137 M EN COLOR KRAFT', '5.00', 1, '175.00', '875.00'),
(174, 40, 1, 'BOLSA CON CIERRE CAL. 150, DE 12CM X 20CM', '1.00', 13, '520.00', '520.00'),
(175, 40, 2, 'BOLSA CON CIERRE, CAL 150, DE 10CM X 16CM', '2.00', 13, '360.00', '720.00'),
(176, 40, 3, 'BOLSA CON CIERRE, CAL 150, DE 30CM X 40 CM', '4.00', 14, '280.00', '1120.00'),
(177, 41, 1, 'H70005- NBR 70 568-005 CS: 0.070 X ID:0.101\r\nORING D.I. 0.101, D.E. 7/32 W 1/16', '800.00', 1, '0.34', '269.60'),
(178, 41, 2, 'H70006- NBR 70 568-006 CS: 0.070 X ID:0.114\r\nORING D.I. 0.114, D.E. 1/4, W 1/16', '800.00', 1, '0.34', '269.60'),
(179, 42, 1, 'Nivel Burbuja De Resina Tubular Nivelador 22x8 Mm', '100.00', 1, '10.60', '1060.00'),
(180, 42, 2, 'Envío Económico 05 kg - 3 a 4 días hábiles', '1.00', 11, '189.65', '189.65'),
(181, 41, 3, 'ENVIO', '1.00', 11, '100.00', '100.00'),
(182, 43, 1, 'DESTORNILLADOR AZUL PARA PUNTAS INTERCAMBIABLES', '14.00', 1, '82.72', '1158.08'),
(183, 43, 2, 'INS. PUNTA HEXAGONAL 3 mm.', '16.00', 1, '3.42', '54.65'),
(184, 43, 3, 'TOR. ALLEN MIL. INOX A2 4 X 12mm.', '200.00', 1, '0.49', '98.14'),
(185, 43, 4, 'DESCUENTO ADICIONAL', '1.00', 11, '-17.05', '-17.05'),
(186, 44, 1, 'SERVICIO DE MAQUILA Y PRUEBAS MOLDES CLIP Y ANALOGO', '1.00', 11, '6300.00', '6300.00'),
(187, 45, 1, 'MAQUILA ELASTOMERO PARA ARTICULADOR', '500.00', 1, '11.80', '5900.00'),
(188, 46, 1, 'Servicio dde grabado por laser pen molde analogo ,leyenda 1.5mm', '1.00', 11, '2000.00', '2000.00'),
(189, 51, 1, 'MARC001-8Z HORQUILLA PARA NIÑOZ', '30.00', 1, '70.00', '2100.00'),
(190, 52, 1, 'SERVICIO DE SOLDADURA PLACA DENTAL CON TUBO (HORQUILLA)', '58.00', 1, '57.00', '3306.00'),
(191, 53, 1, 'Placa Aluminio 7075 de 3/4\" x 5\" x 48\"', '18.00', 1, '2170.00', '39060.00'),
(192, 53, 2, 'Placa Aluminio 7075 de 1\" x 1 5/8\" x 48\"', '2.00', 1, '1029.00', '2058.00'),
(193, 53, 3, 'Placa Aluminio 7075 de 1\" x 3\" x 48\"', '5.00', 1, '1780.00', '8900.00'),
(194, 53, 4, 'Placa Aluminio 7075 de 1\" x 2\" x 48\"', '2.00', 1, '1224.00', '2448.00'),
(195, 53, 5, 'Placa Aluminio 7075 de 1/2\" x 3\" x 48\"', '22.00', 1, '890.00', '19580.00'),
(196, 53, 6, 'Placa Aluminio 7075 de 1 1/2\" x 3\" x 48\"', '12.00', 1, '2726.00', '32712.00'),
(197, 53, 7, 'Placa Aluminio 7075 de 3/4\" x 2 1/2\" x 48\"', '4.00', 1, '1095.00', '4380.00'),
(198, 53, 8, 'Placa Aluminio 7075 de 3/4\" x 2\" x 48\"', '2.00', 1, '918.00', '1836.00'),
(199, 53, 9, 'Placa Aluminio 7075 de 1/2\" x 2\" x 48\"', '2.00', 1, '612.00', '1224.00'),
(200, 53, 10, 'Placa Aluminio 7075 de 3\" x 3\" x 48\"', '4.00', 1, '5380.00', '21520.00'),
(201, 53, 11, 'Placa Aluminio 7075 de 1\" x 2 1/2\" x 48\"', '4.00', 1, '1460.00', '5840.00'),
(202, 53, 12, 'Barra Red Aluminio 7075 de 5/8\" x 3.66 mts', '7.00', 1, '400.00', '2800.00'),
(203, 53, 13, 'Barra Red Aluminio 7075 de 1 1/4\" x 3.66 mts', '7.00', 1, '1596.00', '11172.00'),
(204, 53, 14, 'Barra Red Aluminio 7075 de 1 1/4\" x 1.20 mts', '2.00', 1, '532.00', '1064.00'),
(205, 53, 15, 'Barra Red Aluminio 6061 de 2 1/2\" x 3.66 mts', '6.00', 1, '4325.00', '25950.00'),
(206, 53, 16, 'Barra Red Acero Inox T-304 de 1/4\" x 3.05 mts', '12.00', 1, '75.00', '900.00'),
(207, 53, 17, 'Barra Red Acero Inox T-304 de 1/2\" x 3.05 mts', '8.00', 1, '288.00', '2304.00'),
(208, 53, 18, 'Barra Red Acero Inox T-304 de 1\" x 1 mt', '1.00', 1, '422.00', '422.00'),
(209, 53, 19, 'Tubo Acero Inox T-304 Cal 20 C/C de 1/4\" x 6.10 mts', '1.00', 1, '490.00', '490.00'),
(210, 54, 1, 'MAQUILA DE 475 HERRAJES EN ACABADO ANODIZADO\r\nNEGRO MATE Y 30 SOPORTES EN ACABADO NEGRO BLACK\r\nMATE', '1.00', 11, '15877.04', '15877.04'),
(211, 55, 1, 'TROQUELADO DE APOUNTADOR ORBITAL EN LAMINA DE ACERO INOXIDABLE CALIBRE 16 INCLUYE: TROQUELADO Y REBABEADO', '1200.00', 1, '1.90', '2280.00'),
(212, 55, 2, 'MATERIAL NECESARIO PARA EL TROQWUELADO DEL ASPUNTADOR ORBITAL, INCLUYE: MANEJO DE MATERIAL, CORTE DE MATERIAL EN TIRAS PARA TROQUELADO Y SE ENTREGA SOBRANTE.', '1200.00', 1, '6.19', '7428.00'),
(213, 55, 3, 'TROQUELADO DE ORQUILLA EN LAMINA DE ACERO INOXIDABLE CALIBRE 16 INCLUYE: TROQUELADO, REBABEADO Y RANURA SEGUN INDICACIONES.', '1200.00', 1, '3.80', '4560.00'),
(214, 55, 4, 'MATERIAL NECESARIO PARA EL TROQUELADO DE ORQUILLA, INCLUYE: MANEJO DE MATERIAL, CORTE DE MATERIAL EN TIRAS PARA TROQUELADO Y SE ENTREGA SOBRANTE.', '1200.00', 1, '10.09', '12108.00'),
(215, 55, 5, 'DOBLES EN PIEZA TROQUELADA(HORQUILLA)', '1800.00', 1, '1.90', '3420.00'),
(216, 56, 1, 'IMAN DE NEODIMIO ND6006 DE 3/4\" X .100\" | 19 MM\r\nDIAM x 2.54 MM ESPESOR', '250.00', 1, '21.00', '5250.00'),
(217, 56, 2, 'Envio', '1.00', 11, '290.00', '290.00'),
(218, 57, 1, '4T SOPORTE PARA ANALOGO', '30.00', 1, '498.00', '14940.00'),
(219, 57, 2, '7B TIJERA DERECHA', '30.00', 1, '215.00', '6450.00'),
(220, 57, 3, '7C TIJERA IZQUIERDA', '30.00', 1, '215.00', '6450.00'),
(221, 57, 4, '4Q SEGURO', '30.00', 1, '20.00', '600.00'),
(222, 58, 1, 'Tor.Allen Mil.Inox. A2 3 x 6 mm.', '200.00', 1, '0.24', '47.68'),
(223, 58, 2, 'Destornillador azul para puntas intercambiable', '25.00', 1, '82.72', '2068.00'),
(224, 58, 3, 'Tornillo Opresor Mil.Inox. A-2 5 x 6 mm.', '450.00', 1, '0.66', '295.25'),
(225, 58, 4, 'Perno Ranurado 1/16 x 7/16', '50.00', 1, '0.85', '42.68'),
(226, 58, 5, 'Perno Solido Rectif. 1/4 x 1.1/2', '50.00', 1, '9.74', '487.13'),
(227, 58, 6, 'Perno Solido Rectif. 1/8 x 1', '50.00', 1, '3.19', '159.52'),
(228, 58, 7, 'Perno Solido Rectif. 3/16 x 1/2', '450.00', 1, '3.86', '1737.41'),
(229, 58, 8, 'Perno Solido Rectif. 5/16 x 1', '50.00', 1, '11.96', '598.02'),
(230, 58, 9, 'Perno Solido Rectif. 3/8 x 1.1/4 ', '50.00', 1, '16.75', '837.74'),
(231, 58, 10, 'Ins. Punta Hexagonal 3 mm.', '25.00', 1, '3.42', '85.39'),
(232, 58, 11, 'Tor.Allen Mil.Inox. A2 4 x 12 mm.', '100.00', 1, '0.49', '49.07'),
(233, 58, 12, 'Tor.Boton Allen Mil. 4 x 12 mm. ', '200.00', 1, '0.64', '127.00'),
(234, 58, 13, 'Perno Solido Rectif. 1/4 x 1 ', '50.00', 1, '6.83', '341.57'),
(235, 59, 1, '7E HORQUILLA DOBLADA', '30.00', 1, '90.00', '2700.00'),
(236, 59, 2, '7R HORQUILLA PLANA', '30.00', 1, '70.00', '2100.00'),
(237, 60, 1, 'MARC001-8D APUNTADOR ORBITAL', '30.00', 1, '95.00', '2850.00'),
(238, 61, NULL, 'Solera Aluminio 6061 de 3/4\" x 2\" x 3.66 mts', '3.00', 1, '1410.00', '4230.00'),
(239, 61, NULL, 'Solera Aluminio 6061 de 1\" x 1 1/2\" x 3.66 mts', '2.00', 1, '1510.00', '3020.00'),
(240, 61, NULL, 'Solera Aluminio 6061 de 1\" x 3\" x 3.66 mts', '3.00', 1, '2820.00', '8460.00'),
(241, 61, NULL, 'Solera Aluminio 6061 de 1/2\" x 3\" x 3.66 mts', '11.00', 1, '1410.00', '15510.00'),
(242, 61, NULL, 'Solera Nylamid T-M de 1\" x 1 1/2\" x 3.05 mts', '1.00', 1, '1620.00', '1620.00'),
(243, 61, NULL, 'Solera Aluminio 6061 de 3/4\" x 5\" x 3.66 mts', '6.00', 1, '3770.00', '22620.00'),
(244, 61, NULL, 'Solera Aluminio 6061 de 1 1/2\" x 3\" x 3.66 mts', '6.00', 1, '4238.00', '25428.00'),
(245, 61, NULL, 'Solera Aluminio 6061 de 3/4\" x 2 1/2\" x 3.66 mts', '2.00', 1, '1890.00', '3780.00'),
(246, 61, NULL, 'Solera Aluminio 6061 de 1/2\" x 2\" x 3.66 mts ', '1.00', 1, '945.00', '945.00'),
(247, 61, NULL, 'Barra Red Aluminio 6061 de 1\" x 3.66 mts', '3.00', 1, '740.00', '2220.00'),
(248, 61, NULL, 'Barra Red Aluminio 6061 de 5/8\" x 3.66 mts', '6.00', 1, '290.00', '1740.00'),
(249, 61, NULL, 'Barra Red Aluminio 6061 de 3/8\" x 3.66 mts', '9.00', 1, '105.00', '945.00'),
(250, 61, NULL, 'Barra Red Aluminio 6061 de 1/2\" x 3.66 mts', '3.00', 1, '186.00', '558.00'),
(251, 61, NULL, 'Barra Red Acero Inox T-304 de 1/2\" x 3.05 mts', '5.00', 1, '305.00', '1525.00'),
(252, 61, NULL, 'Barra Red Acero Inox T-304 de 1/4\" x 3.05 mts', '8.00', 1, '80.00', '640.00'),
(253, 61, NULL, 'Barra Red Acero 1018 de 1\" x 3.05 mts', '8.00', 1, '535.00', '4280.00'),
(254, 61, NULL, 'Barra Red Acero Inox T-304 de 1/8\" x 1.20 mts ', '3.00', 1, '15.00', '45.00'),
(255, 61, NULL, 'Barra Red Acero Inox T-304 de 3/8\" x 3.66 mts', '4.00', 1, '205.00', '820.00'),
(256, 61, NULL, 'Barra Red Aluminio 6061 de 2 1/2\" x 3.66 mts', '5.00', 1, '4648.00', '23240.00'),
(257, 61, NULL, 'Solera Aluminio 6061 de 1\" x 2 1/2\" x 3.66 mts ', '1.00', 1, '2592.00', '2592.00'),
(258, 61, NULL, 'Barra Red Aluminio 6061 de 1/4\" x 3.66 mts ', '2.00', 1, '48.00', '96.00'),
(259, 61, NULL, 'Barra Red Aluminio 6061 de 1 1/4\" x 3.66 mts', '1.00', 1, '1160.00', '1160.00'),
(260, 61, NULL, 'Barra Red Acero 1018 de 3/8\" x 3.05 mts', '4.00', 1, '78.00', '312.00'),
(261, 62, NULL, 'Desarmador Allen Hexagonal con mango recubierto holex SKU:\r\n627500 3 de 3 mm.', '15.00', 1, '59.68', '895.22'),
(262, 63, NULL, '[PSRIN18X1] Perno Solido Rectificado Inoxidable - 1/8\" x 1\"', '150.00', 1, '13.53', '2029.50'),
(263, 63, NULL, '[PSRIN316X12] Perno Solido Rectificado Inoxidable - 3/16\" x 1/2\"', '900.00', 1, '12.13', '10917.00'),
(264, 63, NULL, '[PSRIN516X1] Perno Solido Rectificado Inoxidable - 5/16\" x 1\"', '150.00', 1, '43.92', '6588.00'),
(265, 63, NULL, '[PSRIN14X1] Perno Solido Rectificado Inoxidable - 1/4\" x 1\"', '150.00', 1, '31.37', '4705.50'),
(266, 63, NULL, '[PSRIN14X112] Perno Solido Rectificado Inoxidable - 1/4\" x 1 1/2\"', '150.00', 1, '43.00', '6450.00'),
(267, 63, NULL, 'Envio', '1.00', 11, '278.00', '278.00'),
(268, 64, NULL, 'Barra Redonda Acero inox. T-420 de 3/8 x 3.66 mts.', '4.00', 1, '244.00', '976.00'),
(269, 64, NULL, 'Barra Redonda Acero Plata de 3/16\" x 1 mts.', '12.00', 1, '90.00', '1080.00'),
(270, 64, NULL, 'Barra Redonda Acero Plata de 1/4\" x 1 mts.', '12.00', 1, '95.00', '1140.00'),
(271, 64, NULL, 'Barra Redonda Acero Plata de 5/16\" x 1 mts.', '12.00', 1, '160.00', '1920.00'),
(272, 65, NULL, 'Desarmador Allen Hexagonal con Mango Recubierto', '61.00', 1, '59.68', '3640.54'),
(273, 66, NULL, 'Etiquetas, papel metálico adhesivo, impresión serigrafia una tinta, laminado mate, suaje a forma.', '1000.00', 1, '1.96', '1964.00'),
(274, 67, NULL, 'Barra red Acero Inox T-304 de 1/8\" x 6 mts.', '4.00', 1, '50.00', '200.00'),
(275, 68, NULL, 'Retazo de trapo blanco', '20.00', 2, '95.00', '1900.00'),
(276, 68, NULL, 'AIP ', '20.00', 7, '90.00', '1800.00');

-- --------------------------------------------------------

--
-- Estructura de tabla para la tabla `detalle_orden_gasto`
--

CREATE TABLE `detalle_orden_gasto` (
  `id_detalle_orden` int(11) NOT NULL,
  `id_orden_gasto` int(11) NOT NULL,
  `numero_partida` int(11) NOT NULL,
  `nombre_producto` varchar(1000) NOT NULL,
  `cantidad` int(11) NOT NULL,
  `id_unidad` int(11) NOT NULL,
  `precio_sin_IVA` decimal(10,2) NOT NULL,
  `total` decimal(10,2) NOT NULL
) ENGINE=InnoDB DEFAULT CHARSET=utf8mb4 COLLATE=utf8mb4_general_ci;

--
-- Volcado de datos para la tabla `detalle_orden_gasto`
--

INSERT INTO `detalle_orden_gasto` (`id_detalle_orden`, `id_orden_gasto`, `numero_partida`, `nombre_producto`, `cantidad`, `id_unidad`, `precio_sin_IVA`, `total`) VALUES
(1, 1, 1, 'aaaaa', 2, 1, '2.00', '4.00'),
(2, 2, 3, 'REFRACTOMETRO ANALOGO MARCA ARIANA, 0-32%, PARA LA DETERMINACION RAPIDA Y EXACTA DE CONCENTRACION DE EMULSIONES.', 1, 1, '150.87', '150.87'),
(3, 3, 1, 'Maneral tipo garrote para machuelo 1/4\", Truper', 3, 1, '70.69', '212.07'),
(4, 3, 2, 'Disco Tipo 41 de 4-1/2\" x 1 mm corte fino de metal, Expert', 3, 1, '18.10', '54.31'),
(5, 3, 3, 'Disco Tipo 41 de 4-1/2\" x 1.2 mm corte fino de metal, Expert', 3, 1, '18.10', '54.31'),
(6, 3, 4, 'Cinta de empaque 48 mm x 150 m transparente, Truper', 6, 1, '50.86', '305.17'),
(7, 3, 5, 'Pila alcalina 9v, blister, Volteck', 2, 1, '38.79', '77.59'),
(8, 3, 6, 'Blíster con 2 pilas AA recargables larga duración, 2500 mAh', 1, 8, '99.14', '99.14'),
(9, 3, 7, 'juego de 3 mini cepillos de alambre 28 pinceles, Truper', 1, 9, '59.48', '59.48'),
(10, 4, 1, 'JUEGO DE CORTADORES DE CARBURO ESFERICO DE 0.5, 0.75, 1.00, 1.50 Y 2.00 mm', 1, 9, '84.50', '84.50'),
(11, 5, 1, 'Etiqueta impresión offset 2x0, medio suaje, armado en block 25pz fácil desprendimiento, medida 10.95x13.03cm', 5000, 1, '1.92', '9600.00'),
(12, 6, 1, 'ALMOHADILLAS DE PROTECCION', 1000, 1, '4.00', '4000.00'),
(13, 7, 1, 'IMAN DE NEODIMIO ND6006 DE 3/4\" X .100\" | 19 MM DIAM x 2.54 MM ESPESOR', 250, 1, '22.00', '5500.00'),
(14, 8, 1, 'IMAN NEODIMIO 15X15X3mm ', 400, 1, '14.09', '5634.48'),
(15, 9, 1, 'RIMA RECTA HSS Ø 1/4\"', 2, 1, '877.50', '1755.00'),
(16, 9, 2, 'RIMA RECTA HSS Ø 3/16\"', 1, 1, '850.50', '850.50'),
(17, 9, 3, 'AVELLANADOR ALTA VELOCIDAD DE 1/2\" A 82° 3 FL', 1, 1, '1323.00', '1323.00'),
(18, 9, 4, 'CORTADOR VERTICAL CARBURO Ø3/32\" 4F TIALN', 3, 1, '259.00', '777.00'),
(19, 10, 13718, 'Fresa 4 filos, diámetro 1/8\", recto, longitud de corte 1\", zanco cilíndrico 1/8\", carburo en acabado brillante, MCA. DORMER.', 5, 1, '28.90', '144.50'),
(20, 10, 134316, 'Fresa 4 filos, diámetro 3/16\", recto, zanco cilíndrico 1/8\", carburo en acabado brillante, MCA. DORMER.', 5, 1, '12.60', '63.00'),
(21, 10, 13418, 'Fresa 4 filos, diámetro 1/8\", rectozanco cilíndrico 1/8\", carburo en acabado brillante, MCA. Dormer', 5, 1, '11.95', '59.75'),
(22, 11, 1, 'MACHUELO HELICOIDAL M5 X 0.8 ROYCO ', 3, 1, '769.50', '2308.50'),
(23, 11, 2, 'MACHUELO HELICOIDAL M6 X 1.00 ROYCO', 3, 1, '769.50', '2308.50'),
(24, 11, 3, 'MACHUELO HELICOIDAL N10-24 ROYCO', 3, 1, '540.00', '1620.00'),
(25, 12, 1, 'REFRIGERANTE PARA CNC BLASER UNIVERSAL 2000', 1, 1, '362.50', '362.50'),
(26, 13, 1, 'Maneral en T para machuelo 3/16\", Truper\r\nNo. Ref. (SKU): MAN-T-3/16', 2, 1, '54.31', '108.62'),
(27, 13, 2, 'Maneral en T para machuelo 1/4\", Truper', 3, 1, '70.69', '212.07'),
(28, 13, 3, 'Maneral tipo garrote para machuelo 1/4\", Truper', 4, 1, '70.69', '282.76'),
(29, 13, 4, 'Maneral tipo garrote para machuelo 3/8\", Truper', 2, 1, '70.69', '141.38'),
(30, 13, 5, 'Maneral tipo garrote para machuelo 1/2\", Truper', 1, 1, '126.72', '126.72'),
(31, 13, 6, 'Cinta masking tape de 1\" x 50 m, Truper', 4, 1, '29.31', '117.24'),
(32, 13, 7, 'Tapón auditivo reutilizable triple barrera con cordón', 5, 1, '10.78', '53.88'),
(33, 13, 8, 'Lima triangular 6\" para machete, 36 dpp, Truper', 1, 1, '15.52', '15.52'),
(34, 13, 9, 'Lima redonda muza 6\", Truper', 1, 1, '29.31', '29.31'),
(35, 13, 10, 'Lima plana muza 4\", Truper', 1, 1, '29.31', '29.31'),
(36, 13, 11, 'Guantes de nylon recubiertos de nitrilo, M, Truper', 2, 8, '50.86', '101.72'),
(38, 14, 1, 'SERVICIO DE PINTURA PANTALLA DE REGISTRO IZQUIERDA MARC001-5H', 25, 1, '1.00', '25.00'),
(39, 14, 2, 'SERVICIO DE PINTURA  PANTALLA DE REGISTRO DERECHA MARC001-5J', 25, 1, '1.00', '25.00'),
(40, 14, 3, ' SERVICIO DE PINTURA COLUMNA DE CALIBRACION INFERIOR \'MARC001-6Z', 1, 1, '1.00', '1.00'),
(41, 14, 4, 'SERVICIO DE PINTURA COLUMNA DE CALIBRACION SUPERIOR MARC001-6Y', 1, 1, '1.00', '1.00'),
(43, 15, 1, 'MACHUELO HELICOIDAL M5 X 08 ROYCO', 1, 1, '769.50', '769.50'),
(44, 15, 2, 'MACHUELO HELICOIDAL M6 X 1.00 ROYCO ', 1, 1, '769.50', '769.50'),
(45, 15, 3, 'MACHUELO HELICOIDAL N10-24 ROYCO', 1, 1, '540.00', '540.00'),
(46, 16, 1, 'Machuelo helicoidal Yellow Shark UNF 3/8\" - 24 HPP, tolerancia 2B, 0.3810\" zanco, 0.2840\" cuadradillo de arrastre, HSS-E pulvimetalúrgico con recubrimiento TiAlN-Top, 2xD, ángulo de hélice para roscado de agujeros ciegos, NO FERROSOS, MCA. DORMER.', 1, 1, '63.10', '63.10'),
(47, 17, 1, 'SERVICIO DE DIAGNOSTICO Y REPARACION VF2TR POR FALLA EN LIBERACION DE HERRAMIENTA', 1, 11, '7715.95', '7715.95'),
(68, 18, 1, 'PAPEL BOND 75g CTA BCO 99 C/500 H DIEM', 2, 1, '61.90', '123.80'),
(69, 18, 2, 'CINTA MASKING TAPE 110 PLUS 24X50 JANEL', 2, 1, '21.58', '43.16'),
(70, 18, 3, 'PEGAMENTO INSTANTANEO TUBO 2G KOLA LOKA', 6, 1, '17.26', '103.56'),
(71, 18, 4, 'MARCADOR PERMANENTE U/F NEGRO SHARPIE', 5, 1, '14.77', '73.85'),
(72, 18, 5, 'MARCADOR PERMANENTE NEGRO STERRBROOK', 4, 1, '24.29', '97.16'),
(73, 19, 1, 'MANERAL TIPO GARROTE PARA MACHUELO 1/4\", TRUPER', 1, 1, '70.69', '70.69'),
(74, 19, 2, 'MANERAL TIPO GARROTE PARA MACHUELO 3/8\", TRUPER', 1, 1, '70.69', '70.69'),
(75, 19, 3, 'TAPÓN AUDITIVO REUTILIZABLE TRIPLE BARRERA CON CORDÓN', 5, 1, '10.78', '53.88'),
(76, 19, 4, 'PIEDRA PARA ASENTAR 150 MM, DOBLE GRANO 150 Y 240, TRUPER', 1, 1, '66.38', '66.38'),
(77, 19, 5, 'GUANTES DE NYLON RECUBIERTOS DE NITRILO, M, PRETUL', 3, 8, '28.45', '85.34'),
(78, 19, 6, 'GUANTES DE NYLON RECUBIERTOS DE NITRILO, G, PRETUL', 3, 1, '28.45', '85.34'),
(79, 19, 7, 'PINZA DE PRESIÓN 11\" TIPO \"C\" CON MORDAZA AUTOAJUSTABLE', 1, 1, '245.69', '245.69'),
(80, 19, 8, 'GUANTES DE LÁTEX PARA PINTOR, GRANDES, TRUPER', 2, 8, '42.24', '84.48'),
(81, 19, 9, 'LIJA DE AGUA GRANO 280 DE CARBURO DE SILICIO, TRUPER', 20, 1, '7.33', '146.55'),
(82, 19, 10, 'LIJA DE ESMERIL ROJA GRANO 120 DE ÓXIDO DE ALUMINIO, TRUPER', 7, 1, '13.36', '93.53'),
(83, 20, 11214, 'Fresa de punta esférica serie estándar,\r\n2 canales, diámetro 1/4\", longitud de\r\ncorte 3/4\", longitud total 2-1/2\", zanco\r\ncilíndrico 1/4\", carburo en acabado\r\nbrillante, hélice 30°, fresado en copia\r\nen acero, acero inoxidable, cobre,\r\nMCA. DORMER.', 3, 1, '28.80', '86.40'),
(84, 20, 11238, 'Fresa de punta esférica serie estándar,\r\n2 canales, diámetro 3/8\", longitud de\r\ncorte 7/8\", longitud total 2-1/2\", zanco\r\ncilíndrico 3/8\", carburo en acabado\r\nbrillante, hélice 30°, fresado en copia\r\nen acero, acero inoxidable, cobre,\r\nMCA. DORMER.', 3, 1, '46.13', '138.39'),
(85, 20, 11538, 'Fresa de punta esférica serie extra\r\nlarga, 2 canales, diámetro 3/8\",\r\nlongitud de corte 1-3/4\", longitud total\r\n4\", zanco cilíndrico 3/8\", carburo en\r\nacabado brillante, hélice 30°, fresado\r\nen copia en acero, acero inoxidable,\r\ncobre, MCA. DORMER.', 3, 1, '71.40', '214.20'),
(86, 20, 1788583, '1788M5X.8NO3- Macho Helicoidal, rosca ISO-Métrica\r\nM5 paso de 0,80 mm, clase de ajuste\r\n6H, vástago de 0,1940\" y cuadrado de\r\n0,1520\", HSS con acabado brillante,\r\nángulo de hélice de 52°, roscado de\r\norificios ciegos de 2,5xD en aluminio,\r\ncobre, MCA. DORMER.', 3, 1, '21.50', '64.50'),
(87, 20, 50142, 'Macho recto de mano, con segunda\r\nentrada de 4-6xP, A IZQUIERDA Rosca\r\nMétrica ISO M4 con 0.70 mm de paso,\r\ntolerancia 6H, mango de 4.0mm y\r\ncuadradillo de arrastre de 3.15mm,\r\nHSS con acabado brillante, 1.5xD,\r\nroscado de agujeros pasantes o ciegos\r\nen acero, acero al carbono, MCA.\r\nDORMER.', 3, 1, '25.50', '76.50'),
(88, 21, 58450139, '58450139- SET DE 10 INSERTOS PARA ALUMINIO,\r\nSINTERGRIP ALU PARA PRENSA 5 EJES,\r\nMCA. SMW AUTOBLOK.', 1, 9, '480.00', '480.00'),
(89, 22, 1, 'Escariador manual con cuchillas de hélice lenta a \nizquierda, diámetro 4.76mm (3/16\") longitud total \n87mm, longitud de cuchilla de 44mm, Para\nescariar agujeros tolerancia H7, HSS con acabado \nvaporizado-brillante para mecanizado de acero, \nfundición gris, aluminio forjado, aluminio fundido, \ncobre o aleaciones de cobre, MCA. DORMER.\n(Resurtible)', 1, 1, '45.00', '45.00'),
(90, 22, 2, 'Escariador manual con cuchillas de hélice lenta a \nizquierda, diámetro 6.35mm (1/4\") longitud total \nde 100mm, longitud de cuchilla de 50mm, Para \nescariar agujeros tolerancia H7, HSS con acabado \nvaporizado-brillante para mecanizado de acero, \nfundición gris, aluminio forjado, aluminio fundido, \ncobre o aleaciones de cobre, MCA. DORMER.', 1, 1, '48.00', '48.00'),
(91, 22, 3, 'Escariador manual con cuchillas de hélice lenta a \nizquierda, diámetro 7.94mm (5/16\") longitud total \nde 115mm, longitud de cuchilla de 58mm, Para \nescariar agujeros tolerancia H7, HSS con acabado \nvaporizado-brillante para mecanizado de acero, \nfundición gris, aluminio forjado, aluminio fundido, \ncobre o aleaciones de cobre, MCA. DORMER.\n(Resurtible)', 1, 1, '52.00', '52.00'),
(92, 22, 4, '1788M5X.8NO3- Macho Helicoidal, rosca ISO-Métrica M5 paso de 0,80 mm, clase de\najuste 6H, vástago de 0,1940\" y cuadrado de 0,1520\", HSS con acabado brillante,\nángulo de hélice de 52°, roscado de orificios ciegos de 2,5xD en aluminio, cobre,\nMCA. DORMER.\n(Resurtible)', 2, 1, '21.50', '43.00'),
(93, 23, 1, 'DISCO DE SIERRA 12\" DW03240 DE WALT', 1, 1, '1560.00', '1560.00'),
(94, 24, 1, 'CORTADOR DE CARBURO SOLIDO DIA. 3/8\" 3FL. AADE0375J3D KENNAMETAL', 3, 1, '39.00', '117.00'),
(95, 25, 1, 'PORTA RANURADO A4 DER. ZANCO 3/4\" INS. W 2,0 MM A4SMR120214 KENNAMETAL', 1, 1, '195.00', '195.00'),
(96, 27, 1, '[YGBM284] Machuelo Helicoidal M5.0X0.80 C/Hardslick 3Fl\r\nD4 Bm YG-1', 4, 1, '330.33', '1321.32'),
(97, 27, 2, '[YGBW203] Machuelo Helicoidal M3.0X0.50 2Fl D3 Bw YG-1', 4, 1, '173.16', '692.64'),
(98, 27, 3, '[YGBI323] Machuelo Helicoidal 10-24 C/Hardslick 3Fl H3 Bi\r\nYG-1', 4, 1, '330.33', '1321.32'),
(99, 27, 4, '[VAR-CARGOS] Cargo por envío a domicilio de mercancía', 1, 11, '150.00', '150.00'),
(100, 28, 1, 'MICROFRESA DE MDI (CARBURO)\r\nDIÁMETRO DE CORTE 2.5mm, ZANCO\r\nREDUCIDO 20mm, MCA. GARANT,\r\nTECNOLOGIA ALEMANA.', 5, 1, '91.50', '457.50'),
(101, 29, 1, '[YGBM284] Machuelo Helicoidal M5.0X0.80 C/Hardslick 3Fl\r\nD4 Bm YG-1\r\n', 4, 1, '330.33', '1321.32'),
(102, 29, 2, '[YGBT203] Machuelo Helicoidal M3.0X0.50 C/Hardslick 3Fl\r\nD3 Bt YG-1', 4, 1, '384.69', '1538.76'),
(103, 29, 3, '[YGF6323] Machuelo Helicoidal 10-24 C/Hardslick 3Fl H3 F6\r\nYG-1', 4, 1, '197.37', '789.48'),
(104, 29, 4, '[AQT-20413] Cortador Carburo Plano 2 Fl 1/4X1/4X1.1/2X4\r\nCobra\r\n', 3, 1, '584.94', '1754.82'),
(105, 29, 5, '[VAR-CARGOS] Cargo por envío a domicilio de mercancía', 1, 11, '150.00', '150.00'),
(111, 30, 1, 'PV20/50 PERLA DE VIDRIO 20/50', 25, 1, '77.00', '1925.00'),
(112, 31, 1, '[AQT-22688] Cortador Carburo Plano 4 Fl 1/2X1/2X1X3\r\nCobra', 2, 1, '653.94', '1307.88'),
(113, 31, 2, '[VOL-83414-2] Machuelo 1/4-28 UNF Volkel ', 2, 1, '85.94', '171.88'),
(114, 31, 3, '[VAR-CARGOS] Cargo por envío a domicilio de mercancía', 1, 11, '130.00', '130.00'),
(115, 32, 1, 'GU-152 Guante de nitrilo negro, mediano', 2, 8, '47.42', '94.84'),
(116, 32, 2, 'GU-151 Guante de nitrilo negro, chico', 2, 8, '47.42', '94.84'),
(117, 32, 3, 'SBI-18/2 Segueta bimetal 18 dientes x pl', 2, 1, '40.52', '81.04'),
(118, 32, 4, 'SBI-24/2 Segueta bimetal 24 dientes x pl', 2, 1, '40.52', '81.04'),
(119, 32, 5, 'LIMER-120 Lija de esmeril grano 120 roja', 15, 1, '13.36', '200.40'),
(120, 32, 6, 'LIAG-280 Lija de agua grano 280', 15, 1, '7.33', '109.95'),
(121, 32, 7, 'GU-813 Guante p/uso quimico talla grande', 2, 1, '65.52', '131.04'),
(122, 33, 1, 'INSERTO DE CARBURO DGN 2202JT IC808 ISCAR', 10, 1, '33.27', '332.70'),
(123, 34, 1, 'E9121/4H5- Macho helicoidal Blue Shark con\r\nchaflán forma C, con entrada de 2-3xP,\r\nUNF 1/4\" con 28 HPP, tolerancia\r\n0.002\", zanco 0.2550\", cuadro 0.1890\",\r\nHSS-E pulvimetalúrgico con\r\nrecubrimiento Super-B y 40°, 2.5xD,\r\nroscado de agujeros ciegos en acero\r\ninoxidable, MCA. DORMER.\r\n', 3, 1, '59.50', '178.50'),
(124, 35, 1, 'GU-113 Guantes nylon c/poliuretano, gran', 10, 8, '38.79', '387.90'),
(125, 35, 2, 'GU-153 Guante de nitrilo negro, grande', 1, 8, '47.41', '47.41'),
(126, 35, 3, 'GU-112 Guantes nylon c/poliuretano, medi', 4, 8, '38.80', '155.20'),
(127, 36, 1, 'BARRA DE INTERIORES A-SCLCR 8-2 ISCAR', 1, 1, '237.30', '237.30'),
(128, 36, 2, 'INSERTOS DE CARBURO CCMT 2-1-F3P IC8150 ISCAR\r\n', 10, 1, '15.50', '155.00'),
(129, 37, 1, 'MANERAL TIPO GARROTE PARA MACHUELO 1/4\", TRUPER', 2, 1, '70.69', '141.38'),
(130, 37, 2, 'JUEGO DE PISTOLA Y 5 BOQUILLAS PARA COMPRESOR DE AIRE', 2, 9, '116.38', '232.76'),
(131, 37, 3, 'JUEGO DE 5 PIEZAS, COPLES Y CONECTORES RÁPIDOS DE LATÓN', 2, 9, '142.24', '284.48'),
(132, 37, 4, 'MANGUERA PARA COMPRESOR, TIPO RESORTE, 7.6 M, TRUPER', 1, 1, '133.62', '133.62'),
(133, 38, 1, 'MACHUELO HELICOIDAL M4 X 0.7 ROYCO', 4, 1, '769.50', '3078.00'),
(134, 39, 1, 'CORTADOR DE CARBURO SOLIDO DIA. 3/8\" 3 FL\r\nAADE0375J3D KENNAMETAL', 3, 1, '39.00', '117.00'),
(135, 40, 1, 'Rueda flap de 2\", grano 120, Truper', 3, 1, '30.17', '90.52'),
(136, 40, 2, 'Rueda flap de 2\", grano 80, Truper', 3, 1, '30.17', '90.52'),
(137, 40, 3, 'Lubricante multiusos en aerosol, 550ml (19oz), TRUPER', 2, 1, '93.97', '187.93'),
(138, 40, 4, 'Lija de agua grano 320 de carburo de silicio, Truper', 10, 1, '7.33', '73.28'),
(139, 41, 0, 'EEE', 2, 1, '20.00', '40.00'),
(140, 42, 0, 'REFRIGERANTE PARA CNC, BLASER UNIVERSAL 2000', 1, 1, '362.50', '362.50'),
(141, 43, 0, 'JUEGO DE MACHUELOS M4 X 0.7 ROYCO', 2, 9, '486.00', '972.00'),
(142, 43, 0, 'JUEGO DE MACHUELOS M5 X 0.8 ROYCO', 2, 9, '486.00', '972.00'),
(143, 43, 0, 'JUEGO DE MACHUELOS M6 X 1 ROYCO', 2, 9, '513.00', '1026.00'),
(144, 43, 0, 'MACHUELO HELICOIDAL M4 X 0.7 ROYCO', 2, 1, '769.50', '1539.00'),
(145, 43, 0, 'MACHUELO HELICOIDAL M5 X 0.8 ROYCO\r\n', 2, 1, '769.50', '1539.00'),
(146, 43, 0, 'MACHUELO HELICOIDAL M6 X 1 ROYCO', 3, 1, '769.50', '2308.50'),
(147, 43, 0, 'MACHUELO HELICOIDAL N10-24 ROYCO', 2, 1, '540.00', '1080.00'),
(148, 43, 0, 'MACHUELO HELICOIDAL M4 X 0.7 YG1', 5, 1, '432.00', '2160.00'),
(149, 43, 0, 'JUEGO DE MACHUELOS M2 X .4 ROYCO ', 3, 9, '1215.00', '3645.00'),
(150, 43, 0, 'JUEGO DE MACHUELOS 1/8\"-40 ROYCO', 3, 9, '405.00', '1215.00'),
(151, 43, 0, 'TARRAJA M2 X .40 X 1\" DIAM EXT. ROYCO', 1, 1, '810.00', '810.00'),
(152, 43, 0, 'CORTADOR DE CARBURO Ø1/2 X 1\" X 3\" SIN REC. 4 FL COBRA CARBIDE', 3, 1, '952.00', '2856.00'),
(153, 43, 0, 'CORTADOR DE CARBURO Ø3/4 X 1.5\" X 4\" SIN REC. 4 FL CLEV.', 2, 1, '2310.00', '4620.00'),
(154, 43, 0, 'CORTADOR DE CARBURO Ø1/8 X 1.1/8\" X 4\" SIN REC. 4FL COBRA CARBIDE', 3, 1, '672.00', '2016.00'),
(155, 43, 0, 'CORTADOR DE CARBURO Ø3/32 X3/8 X 1.5, 4FL SIN REC COBRA CARBIDE', 5, 1, '203.00', '1015.00'),
(156, 43, 0, 'CORTADOR DE CARBURO Ø1/4 X 3/8\" X 2.5\", 4FL SIN REC COBRA CARBIDE ', 3, 1, '364.00', '1092.00'),
(157, 44, 0, 'INSERTO DE CARBURO CNMG090308MP KC5010 KENNAMETAL', 10, 1, '15.60', '156.00'),
(158, 44, 0, 'CORTADOR DE CARBURO SOLIDO DIA. 3/8\" 3 FL AADE0375J3D KENNAMETAL', 3, 1, '39.00', '117.00'),
(159, 44, 0, 'INSERTO DE CARBURO EDPT140408PDSRGD KCPK30 KENNAMETAL ( RADIO .8 MM)', 10, 1, '20.63', '206.30'),
(160, 45, 0, 'Fabricacion de herramientas de carburo para chamfer mediante afiladora universal a 45°', 5, 1, '1200.00', '6000.00'),
(161, 45, 0, 'Fabricacion de herramientas de carburo para grabado mediante afiladora universal a 45°.', 4, 1, '1000.00', '4000.00'),
(162, 46, 0, 'VCGT 11 03 02-UM 1125 - Plaquita CoroTurn® 107 para torneado, MCA. Sandvik. ', 10, 1, '32.80', '328.00'),
(167, 48, 0, 'JUEGO DE MACHUELOS N4-40 ROYCO', 3, 1, '476.00', '1428.00'),
(168, 48, 0, 'TARRAJA #4-40x13/16', 1, 1, '455.00', '455.00'),
(169, 49, 0, 'Maneral para tarrajas 1\" ', 1, 1, '148.50', '148.50'),
(170, 49, 0, 'Maneral para Tarrajas 13/16\"', 1, 1, '182.25', '182.25');

-- --------------------------------------------------------

--
-- Estructura de tabla para la tabla `detalle_salidas_producto_terminado`
--

CREATE TABLE `detalle_salidas_producto_terminado` (
  `id_detalle_salida` int(11) NOT NULL,
  `id_salida` int(11) NOT NULL,
  `id_numero_lote` int(11) NOT NULL,
  `id_producto` int(11) NOT NULL,
  `id_numero_serie` int(11) NOT NULL
) ENGINE=InnoDB DEFAULT CHARSET=utf8mb4 COLLATE=utf8mb4_general_ci;

--
-- Volcado de datos para la tabla `detalle_salidas_producto_terminado`
--

INSERT INTO `detalle_salidas_producto_terminado` (`id_detalle_salida`, `id_salida`, `id_numero_lote`, `id_producto`, `id_numero_serie`) VALUES
(1, 1, 1, 591, 1),
(2, 1, 1, 591, 2),
(3, 1, 1, 591, 3),
(4, 1, 1, 591, 4),
(5, 1, 1, 591, 5),
(6, 1, 1, 591, 6),
(7, 1, 1, 591, 7),
(8, 1, 1, 591, 8),
(9, 1, 1, 591, 9),
(10, 1, 1, 591, 10),
(11, 1, 1, 591, 11),
(12, 1, 1, 591, 12),
(13, 2, 2, 591, 13),
(14, 2, 2, 591, 14),
(15, 2, 2, 591, 15),
(16, 2, 2, 591, 16),
(17, 2, 2, 591, 17),
(18, 2, 2, 591, 18),
(19, 2, 2, 591, 19),
(20, 2, 2, 591, 20),
(21, 2, 2, 591, 21),
(22, 2, 2, 591, 22),
(23, 2, 2, 591, 23),
(26, 2, 2, 591, 26),
(28, 2, 2, 591, 28),
(30, 2, 2, 591, 30),
(31, 2, 2, 591, 31),
(32, 2, 2, 591, 32),
(34, 3, 2, 591, 24),
(35, 3, 2, 591, 25),
(36, 3, 2, 591, 27),
(37, 3, 2, 591, 29),
(38, 4, 4, 591, 53),
(39, 4, 4, 591, 54),
(40, 4, 4, 591, 55),
(41, 4, 4, 591, 56),
(42, 4, 4, 591, 57),
(43, 4, 4, 591, 58),
(44, 4, 4, 591, 59),
(45, 4, 4, 591, 60),
(46, 4, 4, 591, 61),
(48, 4, 4, 591, 62),
(49, 10, 3, 591, 33),
(50, 10, 3, 591, 34),
(51, 10, 3, 591, 35),
(52, 10, 3, 591, 36),
(53, 10, 3, 591, 37),
(54, 10, 3, 591, 38),
(55, 10, 3, 591, 39),
(56, 10, 3, 591, 40),
(57, 10, 3, 591, 41),
(58, 10, 3, 591, 42),
(59, 10, 3, 591, 43),
(60, 10, 3, 591, 44),
(61, 10, 3, 591, 45),
(62, 10, 3, 591, 46),
(63, 10, 4, 591, 47),
(64, 10, 3, 591, 48),
(65, 10, 3, 591, 49),
(66, 10, 3, 591, 49),
(67, 10, 3, 591, 50),
(68, 10, 3, 591, 51),
(69, 10, 3, 591, 52),
(70, 11, 2, 591, 23),
(71, 11, 2, 591, 15),
(73, 12, 2, 591, 16),
(76, 12, 2, 591, 17),
(77, 13, 2, 591, 13),
(78, 13, 2, 591, 14),
(79, 13, 2, 591, 18),
(80, 13, 2, 591, 19),
(81, 13, 2, 591, 20),
(82, 13, 2, 591, 21),
(83, 13, 2, 591, 22),
(84, 13, 2, 591, 26),
(85, 13, 2, 591, 28),
(86, 13, 2, 591, 30),
(87, 13, 2, 591, 31),
(88, 13, 2, 591, 32),
(89, 13, 3, 591, 33),
(90, 13, 3, 591, 34);

-- --------------------------------------------------------

--
-- Estructura de tabla para la tabla `empleados`
--

CREATE TABLE `empleados` (
  `id_empleado` int(11) NOT NULL,
  `nombre_empleado` varchar(255) NOT NULL,
  `puesto` varchar(255) NOT NULL,
  `area` int(11) NOT NULL
) ENGINE=InnoDB DEFAULT CHARSET=utf8mb4 COLLATE=utf8mb4_spanish2_ci;

--
-- Volcado de datos para la tabla `empleados`
--

INSERT INTO `empleados` (`id_empleado`, `nombre_empleado`, `puesto`, `area`) VALUES
(1, 'FRANCISCO LAGUNA', 'SUPERVISOR ENSABLE', 2),
(2, 'EDGAR', 'AUXILIAR TECNICO', 2),
(3, 'ANTONIO SANTOS ESQUIVEL', 'GARANTIAS Y REPARACIONES', 2),
(4, 'FRANCISCO JAVIER', 'DISEÑADOR', 2),
(5, 'MARCO A. VEGA G.', 'AUXILIAR ADMINISTRATIVO', 2),
(6, 'ING. MARCELO MOJICA', 'GERENTE DE PLANTA', 5),
(7, 'ALEJANDRO ', 'AUXILIAR MAQUINADOS', 1),
(8, 'JONATHAN', 'AUXILIAR MAQUINADOS', 1),
(9, 'ABRAHAM VILLEGAS', 'SUPERVISOR, AUX.', 1),
(10, 'LUIS ANTONIO', 'SUPERVISOR MAQUINADOS', 1);

-- --------------------------------------------------------

--
-- Estructura de tabla para la tabla `facturas`
--

CREATE TABLE `facturas` (
  `id_factura` int(11) NOT NULL,
  `num_factura` varchar(50) NOT NULL,
  `numero_factura` varchar(50) NOT NULL,
  `fecha_emision` date NOT NULL DEFAULT current_timestamp(),
  `fecha_vencimiento` date NOT NULL DEFAULT current_timestamp(),
  `fecha` date NOT NULL DEFAULT current_timestamp(),
  `id_proveedor` int(11) NOT NULL,
  `id_moneda` int(11) NOT NULL,
  `id_empleado` int(11) NOT NULL,
  `pagada` tinyint(1) DEFAULT 0
) ENGINE=InnoDB DEFAULT CHARSET=utf8mb4 COLLATE=utf8mb4_general_ci;

--
-- Volcado de datos para la tabla `facturas`
--

INSERT INTO `facturas` (`id_factura`, `num_factura`, `numero_factura`, `fecha_emision`, `fecha_vencimiento`, `fecha`, `id_proveedor`, `id_moneda`, `id_empleado`, `pagada`) VALUES
(0, 'CF-00000018', '5969', '2024-06-10', '2024-06-10', '2024-06-11', 19, 1, 5, 1),
(3, 'CF-00000003', '5579', '2024-06-08', '2024-06-08', '2024-05-23', 1, 1, 5, 1),
(5, 'CF-00000005', 'F8990', '2024-06-05', '2024-07-05', '2024-06-05', 11, 2, 5, 1),
(6, 'CF-00000006', 'E-66310', '2024-06-04', '2024-06-18', '2024-06-04', 13, 1, 5, 1),
(7, 'CF-00000007', '5565', '2024-06-03', '2024-06-17', '2024-06-03', 1, 1, 5, 1),
(8, 'CF-00000008', '5564', '2024-06-03', '2024-06-17', '2024-06-03', 1, 1, 5, 1),
(9, 'CF-00000009', 'FIX065237', '2024-06-08', '2024-06-08', '2024-06-05', 5, 1, 5, 1),
(10, 'CF-00000010', 'FIX065238', '2024-06-08', '2024-06-08', '2024-06-05', 5, 1, 5, 1),
(11, 'CF-00000011', '5929', '2024-06-06', '2024-07-05', '2024-06-06', 2, 2, 5, 1),
(12, 'CF-00000012', '5930', '2024-06-06', '2024-07-05', '2024-06-06', 2, 1, 5, 1),
(13, 'CF-00000013', '5590', '2024-06-06', '2024-07-05', '2024-06-06', 1, 1, 5, 1),
(14, 'CF-00000014', 'F8753', '2024-05-13', '2024-06-12', '2024-05-13', 11, 2, 5, 1),
(15, 'CF-00000015', 'F8751', '2024-05-13', '2024-06-12', '2024-05-13', 11, 2, 5, 1),
(16, 'CF-00000016', '5897', '2024-05-21', '2024-06-20', '2024-05-21', 2, 1, 5, 1),
(17, 'CF-00000017', 'F8800', '2024-05-16', '2024-06-15', '2024-05-13', 11, 2, 5, 1),
(20, 'CF-00000019', '505904615', '2024-05-29', '2024-05-29', '2024-06-11', 32, 1, 5, 1),
(21, 'CF-00000020', '1548', '2024-06-12', '2024-06-12', '2024-06-12', 35, 1, 5, 1),
(22, 'CF-00000021', 'F7588', '2024-01-10', '2024-01-10', '2024-01-10', 11, 2, 5, 1),
(23, 'CF-00000022', '661', '2024-01-09', '2024-01-09', '2024-06-17', 32, 1, 5, 1),
(24, 'CF-00000023', '657', '2024-01-09', '2024-01-09', '2024-06-17', 32, 1, 5, 1),
(25, 'CF-00000024', '5009', '2024-01-11', '2024-01-11', '2024-06-17', 1, 1, 5, 1),
(26, 'CF-00000025', '5003', '2024-01-11', '2024-01-11', '2024-06-17', 1, 1, 5, 1),
(27, 'CF-00000026', '5040', '2024-01-23', '2024-01-23', '2024-06-17', 1, 1, 5, 1),
(28, 'CF-00000027', '7689', '2024-01-22', '2024-01-22', '2024-06-17', 11, 2, 5, 1),
(29, 'CF-00000028', '15280', '2024-01-29', '2024-01-29', '2024-06-17', 28, 1, 5, 1),
(30, 'CF-00000029', 'IS-18338', '2024-01-25', '2024-01-25', '2024-06-17', 33, 1, 5, 1),
(32, 'CF-00000030', '5582', '2024-01-24', '2024-01-24', '2024-06-17', 2, 1, 5, 1),
(33, 'CF-00000031', '5579', '2024-01-24', '2024-01-24', '2024-06-17', 2, 1, 5, 1),
(34, 'CF-00000032', '5556', '2024-01-11', '2024-01-11', '2024-06-17', 2, 1, 5, 1),
(35, 'CF-00000033', '5557', '2024-01-11', '2024-01-11', '2024-06-17', 2, 1, 5, 1),
(36, 'CF-00000034', '5562', '2024-01-15', '2024-01-15', '2024-06-17', 2, 1, 5, 1),
(37, 'CF-00000035', '5565', '2024-01-15', '2024-01-15', '2024-06-17', 2, 1, 5, 1),
(38, 'CF-00000036', 'FIX062863', '2024-01-30', '2024-01-30', '2024-06-17', 5, 1, 5, 1),
(39, 'CF-00000037', '284', '2024-01-19', '2024-01-19', '2024-06-17', 26, 1, 5, 1),
(40, 'CF-00000038', '7738', '2024-01-26', '2024-01-26', '2024-06-17', 11, 1, 5, 1),
(41, 'CF-00000039', 'FD-26619', '2024-01-30', '2024-01-30', '2024-06-17', 10, 1, 5, 1),
(42, 'CF-00000040', '284', '2024-02-02', '2024-02-02', '2024-06-17', 26, 1, 5, 1),
(43, 'CF-00000041', 'IS-18338', '2024-02-06', '2024-02-06', '2024-06-17', 33, 1, 5, 1),
(44, 'CF-00000042', '5603', '2024-02-06', '2024-02-06', '2024-06-17', 2, 1, 5, 1),
(45, 'CF-00000043', '5604', '2024-02-06', '2024-02-06', '2024-06-17', 2, 1, 5, 1),
(46, 'CF-00000044', '5653', '2024-02-16', '2024-02-16', '2024-06-17', 2, 1, 5, 1),
(47, 'CF-00000045', '5654', '2024-02-16', '2024-02-06', '2024-06-17', 2, 1, 5, 1),
(48, 'CF-00000046', '5123', '2024-02-12', '2024-02-12', '2024-06-17', 1, 1, 5, 1),
(49, 'CF-00000047', 'F7945', '2024-02-22', '2024-02-22', '2024-06-17', 11, 2, 5, 1),
(50, 'CF-00000048', '5766', '2024-02-21', '2024-02-21', '2024-06-17', 19, 1, 5, 1),
(51, 'CF-00000049', '5708', '2024-03-06', '2024-03-06', '2024-06-17', 2, 2, 5, 1),
(52, 'CF-00000050', '5709', '2024-03-06', '2024-03-06', '2024-06-17', 2, 1, 5, 1),
(53, 'CF-00000051', '5710', '2024-03-06', '2024-03-06', '2024-06-17', 2, 1, 5, 1),
(54, 'CF-00000052', '5255', '2024-03-12', '2024-03-12', '2024-06-17', 1, 1, 5, 1),
(55, 'CF-00000053', '517016509', '2024-03-22', '2024-03-22', '2024-06-17', 18, 1, 5, 1),
(56, 'CF-00000054', '5285', '2024-03-19', '2024-03-19', '2024-06-17', 1, 1, 5, 1),
(57, 'CF-00000055', 'F8179', '2024-03-13', '2024-03-13', '2024-06-17', 11, 2, 5, 1),
(58, 'CF-00000056', '8178', '2024-03-13', '2024-03-13', '2024-06-17', 11, 2, 5, 1),
(59, 'CF-00000057', '5736', '2024-03-22', '2024-03-22', '2024-06-17', 2, 1, 5, 1),
(60, 'CF-00000058', '5737', '2024-03-22', '2024-03-22', '2024-06-17', 2, 1, 5, 1),
(61, 'CF-00000059', '5738', '2024-03-22', '2024-03-22', '2024-06-17', 2, 1, 5, 1),
(62, 'CF-00000060', '5739', '2024-03-22', '2024-03-22', '2024-06-17', 2, 1, 5, 1),
(63, 'CF-00000061', 'FIX063998', '2024-04-01', '2024-04-01', '2024-06-17', 5, 1, 5, 1),
(64, 'CF-00000062', 'FA0000428621', '2024-04-03', '2024-04-03', '2024-06-17', 17, 1, 5, 1),
(65, 'CF-00000063', '1427', '2024-04-07', '2024-04-07', '2024-06-17', 16, 1, 5, 1),
(66, 'CF-00000064', 'FA0000442662', '2024-04-10', '2024-04-10', '2024-06-17', 17, 1, 5, 1),
(67, 'CF-00000065', 'S-1191', '2024-04-03', '2024-04-03', '2024-06-17', 30, 1, 5, 1),
(68, 'CF-00000066', 'CP-36216', '2024-04-09', '2024-04-09', '2024-06-17', 24, 1, 5, 1),
(69, 'CF-00000067', 'A-6173', '2024-04-15', '2024-04-15', '2024-06-17', 14, 1, 5, 1),
(70, 'CF-00000068', '517016509', '2024-04-16', '2024-04-16', '2024-06-17', 18, 1, 5, 1),
(71, 'CF-00000069', 'F8404', '2024-04-17', '2024-04-17', '2024-06-17', 11, 2, 5, 1),
(72, 'CF-00000070', 'F8350', '2024-04-04', '2024-04-04', '2024-06-17', 11, 2, 5, 1),
(73, 'CF-00000071', '5778', '2024-04-10', '2024-04-10', '2024-06-17', 2, 1, 5, 1),
(74, 'CF-00000072', 'FA0000454589', '2024-04-16', '2024-04-16', '2024-06-17', 17, 1, 5, 1),
(75, 'CF-00000073', '5825', '2024-04-24', '2024-04-24', '2024-06-17', 2, 1, 5, 1),
(76, 'CF-00000074', '5824', '2024-04-24', '2024-04-24', '2024-06-17', 2, 1, 5, 1),
(77, 'CF-00000075', '5823', '2024-04-24', '2024-04-24', '2024-06-17', 2, 1, 5, 1),
(78, 'CF-00000076', '5822', '2024-04-24', '2024-04-24', '2024-06-17', 2, 1, 5, 1),
(79, 'CF-00000077', 'F8590', '2024-04-23', '2024-04-23', '2024-06-17', 11, 2, 5, 1),
(80, 'CF-00000078', 'F8591', '2024-04-23', '2024-04-23', '2024-06-17', 11, 2, 5, 1),
(81, 'CF-00000079', 'F8592', '2024-04-23', '2024-04-23', '2024-06-17', 11, 2, 5, 1),
(82, 'CF-00000080', 'F8612', '2024-04-24', '2024-04-24', '2024-06-17', 11, 2, 5, 1),
(83, 'CF-00000081', '5839', '2024-04-29', '2024-04-29', '2024-06-17', 2, 1, 5, 1),
(84, 'CF-00000082', 'E-65854', '2024-04-30', '2024-04-30', '2024-06-17', 13, 1, 5, 1),
(85, 'CF-00000083', 'FIX064578', '2024-04-30', '2024-04-30', '2024-06-17', 5, 1, 5, 1),
(86, 'CF-00000084', '5381', '2024-04-23', '2024-04-23', '2024-06-17', 1, 1, 5, 1),
(87, 'CF-00000085', '5393', '2024-04-25', '2024-04-25', '2024-06-17', 1, 1, 5, 1),
(88, 'CF-00000086', 'FA0000489884', '2024-05-01', '2024-05-01', '2024-06-17', 17, 1, 5, 1),
(89, 'CF-00000087', '3599', '2024-05-03', '2024-05-03', '2024-06-17', 28, 1, 5, 1),
(90, 'CF-00000088', 'MAO-34704', '2024-05-03', '2024-05-03', '2024-06-17', 27, 1, 5, 1),
(91, 'CF-00000089', '5447', '2024-05-03', '2024-05-03', '2024-06-17', 1, 1, 5, 1),
(92, 'CF-00000090', 'S-1206', '2024-05-07', '2024-05-07', '2024-06-17', 30, 1, 5, 1),
(93, 'CF-00000091', '326', '2024-05-10', '2024-05-10', '2024-06-17', 15, 1, 5, 1),
(94, 'CF-00000092', 'CFDI-20944', '2024-05-13', '2024-05-13', '2024-06-17', 25, 1, 5, 1),
(95, 'CF-00000093', 'P16676', '2024-05-13', '2024-05-13', '2024-06-17', 12, 1, 5, 1),
(96, 'CF-00000094', 'C729', '2024-05-13', '2024-05-13', '2024-06-17', 31, 1, 5, 1),
(97, 'CF-00000095', '5905', '2024-05-29', '2024-05-29', '2024-06-17', 2, 2, 5, 1),
(98, 'CF-00000096', 'A-681', '2024-05-07', '2024-05-07', '2024-06-17', 29, 1, 5, 1),
(99, 'CF-00000097', 'FA0000590486', '2024-06-12', '2024-06-12', '2024-06-18', 17, 1, 5, 1),
(100, 'CF-00000098', 'F9090', '2024-06-17', '2024-07-17', '2024-06-18', 11, 2, 5, 1),
(101, 'CF-00000099', 'F9091', '2024-06-17', '2024-07-17', '2024-06-18', 11, 2, 5, 1),
(102, 'CF-00000100', '3639', '2024-06-19', '2024-06-19', '2024-06-20', 38, 1, 5, 1),
(103, 'CF-00000101', 'SSE-11271', '2024-06-14', '2024-06-14', '2024-06-20', 37, 1, 5, 1),
(104, 'CF-00000102', '50870', '2024-06-19', '2024-06-19', '2024-06-21', 26, 1, 5, 1),
(105, 'CF-00000103', '536', '2024-06-21', '2024-06-21', '2024-06-21', 41, 1, 5, 1),
(106, 'CF-00000104', 'IS-19005', '2024-06-20', '2024-06-20', '2024-06-24', 33, 1, 5, 1),
(107, 'CF-00000105', '66529', '2024-06-19', '2024-07-03', '2024-06-24', 13, 1, 5, 1),
(108, 'CF-00000106', 'F9210', '2024-06-26', '2024-07-26', '2024-06-26', 11, 2, 5, 1),
(109, 'CF-00000107', 'C364', '2024-07-01', '2024-07-01', '2024-07-01', 26, 1, 5, 1),
(110, 'CF-00000108', 'BA-10231', '2024-07-05', '2024-07-05', '2024-07-08', 36, 1, 5, 1),
(111, 'CF-00000109', '6028', '2024-07-09', '2024-07-09', '2024-07-09', 19, 1, 5, 1),
(112, 'CF-00000110', 'FAC-285', '2024-07-11', '2024-07-11', '2024-07-11', 42, 1, 5, 1),
(113, 'CF-00000111', 'P-167725', '2024-07-15', '2024-07-15', '2024-07-16', 43, 1, 5, 1),
(114, 'CF-00000112', '354', '2024-07-15', '2024-07-15', '2024-07-16', 15, 1, 5, 1),
(115, 'CF-00000113', '6026', '2024-07-16', '2024-08-16', '2024-07-16', 2, 1, 5, 1),
(116, 'CF-00000114', '2409', '2024-07-17', '2024-07-17', '2024-07-17', 44, 1, 5, 0),
(117, 'CF-00000115', 'FA0000683242', '2024-07-17', '2024-07-17', '2024-07-18', 17, 1, 5, 1),
(118, 'CF-00000116', 'P-167814', '2024-07-01', '2024-07-30', '2024-07-18', 43, 1, 5, 1),
(119, 'CF-00000117', '5800', '2024-07-18', '2024-07-18', '2024-07-19', 49, 1, 5, 1),
(120, 'CF-00000118', '5755', '2024-07-18', '2024-08-16', '2024-07-19', 1, 1, 5, 1),
(121, 'CF-00000119', '6050', '2024-07-24', '2024-08-24', '2024-07-24', 2, 2, 5, 1),
(122, 'CF-00000120', '6051', '2024-07-24', '2024-08-24', '2024-07-24', 2, 2, 5, 1),
(123, 'CF-00000121', 'FA0000706336', '2024-07-25', '2024-07-25', '2024-07-26', 17, 1, 5, 1),
(124, 'CF-00000122', 'F9528', '2024-07-30', '2024-08-29', '2024-07-31', 11, 2, 5, 1),
(125, 'CF-00000123', 'F9535', '2024-07-31', '2024-08-30', '2024-07-31', 11, 2, 5, 1),
(126, 'CF-00000124', 'FA0000724573', '2024-08-01', '2024-08-01', '2024-08-01', 17, 1, 5, 1),
(127, 'CF-00000125', 'CFDI-21336', '2024-08-01', '2024-08-01', '2024-08-01', 25, 1, 5, 1),
(128, 'CF-00000126', '6069', '2024-08-05', '2024-09-04', '2024-08-05', 2, 1, 5, 1),
(129, 'CF-00000127', 'F9614', '2024-08-06', '2024-09-05', '2024-08-07', 11, 2, 5, 1),
(130, 'CF-00000128', '6085', '2024-08-08', '2024-09-05', '2024-08-08', 2, 2, 5, 1),
(131, 'CF-00000129', '6086', '2024-08-08', '2024-09-05', '2024-08-08', 2, 2, 5, 1),
(132, 'CF-00000130', '6084', '2024-08-12', '2024-08-12', '2024-08-13', 19, 1, 5, 1),
(133, 'CF-00000131', '6085', '2024-08-12', '2024-08-12', '2024-08-13', 19, 1, 5, 1),
(134, 'CF-00000132', 'F9715', '2024-08-15', '2024-09-13', '2024-08-19', 11, 2, 5, 1),
(135, 'CF-00000133', 'E-67510', '2024-08-19', '2024-09-02', '2024-08-20', 13, 1, 5, 1),
(136, 'CF-00000134', 'FA0000788467', '2024-08-26', '2024-08-26', '2024-08-27', 17, 1, 5, 1),
(137, 'CF-00000135', '3965', '2024-08-23', '2024-08-23', '2024-08-28', 51, 1, 5, 1),
(138, 'CF-00000136', '4028', '2024-08-27', '2024-08-27', '2024-08-28', 51, 1, 5, 1),
(139, 'CF-00000137', '6153', '2024-09-04', '2024-10-04', '2024-09-04', 2, 2, 5, 0),
(140, 'CF-00000138', '6104', '2024-08-15', '2024-09-13', '2024-09-04', 2, 2, 5, 1),
(141, 'CF-00000139', 'FA0000802774', '2024-08-30', '2024-08-30', '2024-09-04', 17, 1, 5, 1),
(142, 'CF-00000140', '6068', '2024-09-01', '2024-09-01', '2024-09-10', 19, 1, 5, 1),
(143, 'CF-00000141', '6095', '2024-09-22', '2024-09-22', '2024-09-10', 19, 1, 5, 1),
(144, 'CF-00000142', 'F9913', '2024-09-06', '2024-10-06', '2024-09-12', 11, 2, 5, 0),
(145, 'CF-00000143', '6173', '2024-09-11', '2024-10-11', '2024-09-12', 2, 1, 5, 0),
(146, 'CF-00000144', '5996', '2024-09-11', '2024-10-11', '2024-09-12', 1, 1, 5, 0),
(147, 'CF-00000145', '00001000000517016509', '2024-09-10', '2024-09-10', '2024-09-13', 18, 1, 5, 1),
(148, 'CF-00000146', '187627', '2024-09-13', '2024-09-13', '2024-09-17', 52, 1, 5, 1),
(149, 'CF-00000147', '6012', '2024-09-17', '2024-10-17', '2024-09-17', 1, 1, 5, 0),
(150, 'CF-00000148', '6181', '2024-09-17', '2024-10-17', '2024-09-18', 2, 1, 5, 0),
(151, 'CF-00000149', '6182', '2024-09-17', '2024-10-17', '2024-09-18', 2, 1, 5, 0),
(152, 'CF-00000150', '6012', '2024-09-17', '2024-10-17', '2024-09-19', 1, 1, 5, 0),
(153, 'CF-00000151', '6024', '2024-09-19', '2024-10-18', '2024-09-19', 1, 1, 5, 0);

-- --------------------------------------------------------

--
-- Estructura de tabla para la tabla `modelos`
--

CREATE TABLE `modelos` (
  `id_model` int(11) NOT NULL,
  `nombre_modelo` varchar(50) NOT NULL
) ENGINE=InnoDB DEFAULT CHARSET=utf8mb4 COLLATE=utf8mb4_spanish2_ci;

--
-- Volcado de datos para la tabla `modelos`
--

INSERT INTO `modelos` (`id_model`, `nombre_modelo`) VALUES
(1, 'PTARC001-5');

-- --------------------------------------------------------

--
-- Estructura de tabla para la tabla `movimientos`
--

CREATE TABLE `movimientos` (
  `id_movimiento` int(11) NOT NULL,
  `id_producto` int(11) NOT NULL,
  `id_almacen_origen` int(11) NOT NULL,
  `id_almacen_destino` int(11) NOT NULL,
  `cantidad` int(11) NOT NULL,
  `id_empleado` int(11) NOT NULL,
  `nota_movimiento` text NOT NULL,
  `fecha_movimiento` date NOT NULL DEFAULT current_timestamp()
) ENGINE=InnoDB DEFAULT CHARSET=utf8mb4 COLLATE=utf8mb4_general_ci;

--
-- Volcado de datos para la tabla `movimientos`
--

INSERT INTO `movimientos` (`id_movimiento`, `id_producto`, `id_almacen_origen`, `id_almacen_destino`, `cantidad`, `id_empleado`, `nota_movimiento`, `fecha_movimiento`) VALUES
(27, 342, 1, 2, 1, 9, 'Herramienta requerida', '2024-01-18'),
(28, 341, 1, 2, 10, 9, 'Herramienta requerida', '2024-01-18'),
(29, 366, 1, 2, 1, 9, 'Herramienta requerida', '2024-01-18'),
(30, 369, 1, 1, 1, 9, 'Herramienta requerida', '2024-01-18'),
(31, 369, 1, 2, 1, 9, 'Se requiere en maquinados', '2024-01-18'),
(32, 359, 1, 2, 2, 9, 'Se requirió en maquinados', '2024-01-18'),
(33, 352, 1, 2, 2, 9, 'Se requiere en maquinados', '2024-01-18'),
(34, 179, 1, 3, 1, 9, 'Se requiere en ensable', '2024-01-18'),
(35, 376, 2, 1, 15, 9, 'Abraham entrega al almacen general', '2024-01-18'),
(36, 377, 2, 3, 21, 9, 'Abraham entrega a francisco', '2024-01-18'),
(37, 311, 2, 1, 15, 9, 'Abraham entrega al almacen general', '2024-01-18'),
(38, 198, 1, 3, 1, 9, 'Se entregan tijeras a Francisco L. para su área', '2024-01-22'),
(39, 368, 1, 2, 1, 9, 'Se necesita en el área', '2024-01-23'),
(40, 375, 1, 2, 1, 9, 'Se entrega a Abraham', '2024-01-23'),
(41, 247, 2, 3, 33, 9, 'Maquinados entrega a Francios L. 33 condilos directamente', '2024-01-23'),
(42, 378, 2, 3, 21, 9, 'Maquinados entrega a Francisco laguna 21 bases superiores CPI', '2024-01-23'),
(43, 356, 1, 3, 4, 9, 'Se entregan a el area de ensamble los bastidores que se tenian resguardados 4 pzas. mas las 16 de ensamble.', '2024-01-24'),
(44, 351, 1, 3, 19, 9, 'Se entregan pernos a Francisco laguna', '2024-01-24'),
(45, 350, 1, 3, 19, 9, 'Se entregan pernos a Francisco laguna', '2024-01-24'),
(46, 359, 1, 3, 38, 9, 'Se entregan a Francisco L.', '2024-01-24'),
(47, 352, 1, 3, 36, 9, 'Se entregan a Francisco L.', '2024-01-24'),
(48, 379, 2, 3, 47, 9, 'Maquinado le entrega a ensamble 47 pzas. de perno de posicion', '2024-01-24'),
(49, 376, 1, 3, 16, 9, 'Se entregan al area de ensamble', '2024-01-24'),
(50, 311, 1, 3, 15, 9, 'Se entregan al area de ensamble', '2024-01-24'),
(51, 260, 1, 3, 20, 9, 'Se entregan al area de ensamble', '2024-01-24'),
(52, 261, 1, 3, 27, 9, 'Se entregan al area de ensamble', '2024-01-24'),
(53, 245, 1, 3, 6, 9, 'Se entregan al area de ensamble', '2024-01-24'),
(54, 306, 1, 3, 24, 9, 'Se entregan al area de ensamble', '2024-01-24'),
(55, 375, 1, 2, 1, 9, 'Se entrega a jonathan', '2024-01-26'),
(56, 367, 1, 2, 1, 9, 'Se entrega a Abraham', '2024-01-29'),
(57, 369, 1, 2, 1, 9, 'SE ENTREGA MACHUELO A ABRAHAM', '2024-02-02'),
(58, 367, 1, 2, 1, 9, 'SE ENTREGA A ABRAHAM VILLEGAS, PARA SU USO EN MAQUINADOS', '2024-02-06'),
(59, 400, 1, 2, 1, 9, 'SE ENTREGA A JONATHAN', '2024-02-08'),
(60, 368, 1, 2, 1, 9, 'SE ENTREGA A JONATHAN', '2024-02-08'),
(61, 353, 1, 3, 2, 9, 'SE ENTREGAN DOS IMANES CUADRADOS A JAVIER PARA PRUEBAS', '2024-02-08'),
(62, 304, 1, 2, 2, 9, 'se entrega a maquinados', '2024-02-14'),
(63, 401, 1, 2, 2, 9, 'se entregan a maquinados, francisco laguna entrega', '2024-02-14'),
(64, 60, 1, 2, 1, 8, 'Se entrega para area de maquinados.', '2024-02-15'),
(65, 407, 1, 2, 1, 8, 'se entrega llave torx ', '2024-02-22'),
(66, 408, 1, 2, 1, 8, 'se entrega llave', '2024-02-22'),
(67, 353, 1, 3, 2, 1, 'Se entregan para pruebas', '2024-02-26'),
(68, 358, 1, 2, 1, 7, 'Se entrega para pruebas de porta iman', '2024-02-26'),
(69, 410, 1, 2, 1, 10, 'Se entrega para el area', '2024-02-27'),
(70, 84, 1, 2, 5, 8, 'Se entrega para el area.', '2024-02-29'),
(71, 366, 1, 2, 1, 9, 'Se entrega a Abraham', '2024-03-12'),
(72, 166, 1, 2, 1, 9, 'Se entrega a Abraham', '2024-03-12'),
(73, 367, 1, 2, 1, 9, 'Se entrega a Abraham', '2024-03-12'),
(79, 424, 1, 3, 1, 1, 'se utiliza', '2024-03-28'),
(80, 424, 1, 3, 2, 4, 'ensamble', '2024-03-28'),
(81, 420, 1, 2, 2, 10, 'se quedan en el área de maquinado', '2024-03-30'),
(82, 419, 1, 2, 2, 10, 'se quedan en área de maquinados', '2024-03-30'),
(83, 171, 1, 2, 1, 9, 'se usa para calibrador', '2024-04-02'),
(84, 171, 2, 1, 1, 9, 'Se regresa la pila al almacen genera lo que falla es el calibrador', '2024-04-02'),
(85, 372, 1, 2, 1, 9, 'se requiere en area', '2024-04-02'),
(86, 315, 1, 2, 2, 9, 'se requiere en area', '2024-04-02'),
(87, 199, 1, 2, 1, 9, 'SE NECESITA EN AREA', '2024-04-03'),
(88, 430, 1, 2, 1, 8, 'Se requiere en el area', '2024-04-05'),
(89, 374, 1, 2, 1, 8, 'Se requiere en area', '2024-04-05'),
(90, 404, 1, 2, 1, 9, 'Se requiere en area', '2024-04-05'),
(91, 347, 1, 2, 1, 10, 'SE REQUIERE EN EL AREA', '2024-04-05'),
(92, 191, 1, 2, 1, 8, 'Se utiliza en area', '2024-04-07'),
(93, 369, 1, 2, 1, 8, 'se requiere en maquinados', '2024-04-09'),
(94, 285, 1, 2, 1, 8, 'Lo solicita Jonathan', '2024-04-12'),
(95, 458, 1, 3, 1, 1, 'Solicitada en el area de ensamble', '2024-04-15'),
(96, 450, 1, 2, 1, 8, 'REEMPLAZO DE GUANTES', '2024-04-15'),
(97, 352, 3, 1, 36, 5, 'CONTEO DE INVENTARIO', '2024-04-15'),
(98, 352, 2, 1, 4, 5, 'CONTEO DE INVENTARIO', '2024-04-15'),
(99, 183, 1, 2, 1, 8, 'SE ENTREGA PARA USO', '2024-04-16'),
(100, 482, 1, 3, 1, 1, 'SE REQUIERE EN EL AREA DE ENSAMBLE', '2024-04-16'),
(101, 264, 1, 3, 42, 1, 'SE REQUIEREN PARA ENSAMBLE DE LOS 5 ARTICULADORES DE ABRIL', '2024-04-16'),
(102, 483, 1, 3, 19, 1, 'SE DAN A ENSAMBLE UNA SE UTILIZO YA EN EL EQUIPO PARA MERCADOTECNIA', '2024-04-16'),
(103, 485, 1, 2, 1, 9, 'SE ENTREGO PARA SOLDAR', '2024-04-16'),
(104, 486, 1, 2, 1, 9, 'SE ENTREGA PARA SOLDAR', '2024-04-16'),
(105, 487, 1, 3, 20, 1, 'SE QUEDAN EN EL AREA DE ENSAMBLE', '2024-04-16'),
(106, 295, 1, 3, 1, 1, 'SE REQUIERE EN EL AREA', '2024-04-16'),
(107, 367, 1, 2, 2, 9, 'SE NECESITA EN EL AREA', '2024-04-16'),
(108, 259, 1, 3, 82, 1, 'PARA ARMADO DE 20 ARTICULADORES', '2024-04-16'),
(109, 472, 1, 3, 5, 2, 'SE ENTREGAN PARA EL ARMADO DE LOS 5 CPI', '2024-04-17'),
(110, 353, 1, 3, 5, 1, 'NECESARIOS PARA EL ARMADO DE ARTICULADOR', '2024-04-17'),
(111, 473, 1, 3, 10, 1, 'PARA ENSAMBLE DE 5 ARTICULADORES', '2024-04-17'),
(112, 477, 1, 3, 1, 1, 'SE USA EN EQUIPO PARA MARKETING', '2024-04-17'),
(113, 478, 1, 3, 1, 1, 'SE UTILIZA EN EQUIPO PARA MARKETING', '2024-04-17'),
(114, 491, 1, 2, 8, 10, 'SE ENTREGAN PARA FABRICACION DE PERNOS DE POSICION', '2024-04-17'),
(115, 204, 1, 3, 1, 3, 'LA SOLICITA PARA QUITAR PERNOS DE PANTALLA', '2024-04-17'),
(116, 492, 1, 3, 24, 1, 'SE ENTREGAN PARA ARMANDO DE ARTICULADORES', '2024-04-17'),
(117, 493, 1, 3, 22, 1, 'SE UTILIZAN EN ENSAMBLE', '2024-04-17'),
(118, 494, 1, 3, 72, 1, 'SE ENCUENTRAN UNIDOS A LOS SOPORTES', '2024-04-17'),
(119, 358, 1, 3, 1, 4, 'SE ENTREGA PARA ARMADO DE PIEZA SOLICITADA POR CINDY', '2024-04-17'),
(120, 358, 1, 3, 1, 1, 'SE ENTREGA PARA ARMAR PIEZA QUE SOLICITA CINCY', '2024-04-17'),
(121, 499, 1, 3, 5, 2, 'SE ENTREGAN PARA ARMADO DE ARTICULADOR', '2024-04-17'),
(122, 501, 1, 3, 60, 1, 'SE ENTREGAN PARA ENSAMBLE', '2024-04-17'),
(123, 502, 1, 3, 60, 1, 'SE ENTREGAN PARA ARMADO', '2024-04-17'),
(124, 503, 1, 3, 5, 1, 'PARA ARMADO', '2024-04-17'),
(125, 518, 1, 2, 1, 9, 'SE UTILIZA EN EL AREA', '2024-04-19'),
(126, 510, 1, 2, 2, 8, 'Se Entrega para su uso en el area', '2024-04-22'),
(127, 397, 1, 3, 27, 1, 'Se utilizan en Armado de kits', '2024-04-22'),
(128, 510, 1, 2, 2, 8, 'Lo solicita jonathan en el area', '2024-04-22'),
(129, 396, 1, 3, 30, 1, 'Se entregan para ensamble', '2024-04-23'),
(130, 466, 1, 3, 1, 4, 'Se utiliza en el area', '2024-04-23'),
(131, 216, 1, 2, 1, 8, 'Se requiere para el area', '2024-04-23'),
(132, 474, 1, 3, 1, 1, 'PARA ENSAMBLE', '2024-04-23'),
(133, 112, 1, 2, 1, 8, 'Se utiliza en area', '2024-04-24'),
(134, 499, 1, 3, 1, 1, 'para armado de kit de procedimiento', '2024-04-24'),
(135, 473, 1, 3, 2, 1, 'para armado de kit de procedimiento', '2024-04-24'),
(136, 527, 1, 3, 2, 1, 'para armado de kit de procedimiento', '2024-04-24'),
(137, 489, 1, 3, 1, 1, 'para armado de kit de procedimiento', '2024-04-24'),
(138, 353, 1, 3, 2, 1, 'para armado de kit de procedimiento', '2024-04-24'),
(139, 474, 1, 3, 2, 1, 'para armado de kit de procedimiento', '2024-04-24'),
(140, 503, 1, 3, 1, 1, 'para armado de kit de procedimiento', '2024-04-24'),
(141, 490, 1, 3, 2, 1, 'para armado de kit de procedimiento', '2024-04-24'),
(142, 397, 1, 3, 5, 1, 'para armado de kit de procedimiento', '2024-04-24'),
(143, 358, 1, 3, 4, 1, 'para armado de kit de procedimiento', '2024-04-24'),
(144, 505, 1, 3, 2, 1, 'para armado de kit de procedimiento', '2024-04-24'),
(145, 475, 1, 3, 12, 1, 'para armado de kit de procedimiento', '2024-04-24'),
(146, 352, 1, 3, 2, 1, 'para armado de kit de procedimiento', '2024-04-24'),
(147, 359, 1, 3, 2, 1, 'para armado de kit de procedimiento', '2024-04-24'),
(148, 396, 1, 3, 8, 1, 'para armado de kit de procedimiento', '2024-04-24'),
(149, 476, 1, 3, 8, 1, 'para armado de kit de procedimiento', '2024-04-24'),
(150, 350, 1, 3, 2, 1, 'para armado de kit de procedimiento', '2024-04-24'),
(151, 421, 1, 3, 1, 1, 'para armado de kit de procedimiento', '2024-04-24'),
(152, 507, 1, 3, 4, 1, 'para armado de kit de procedimiento', '2024-04-24'),
(153, 472, 1, 3, 1, 1, 'para armado de kit de procedimiento', '2024-04-24'),
(154, 525, 1, 3, 8, 1, 'para armado de kit de procedimiento', '2024-04-24'),
(155, 526, 1, 3, 4, 1, 'para armado de kit de procedimiento', '2024-04-24'),
(156, 531, 1, 3, 2, 1, 'para armado de kit de procedimiento', '2024-04-24'),
(157, 398, 1, 3, 1, 1, 'para armado de kit de procedimiento', '2024-04-24'),
(158, 540, 1, 3, 2, 1, 'para armado de kit de procedimiento', '2024-04-24'),
(159, 541, 1, 3, 2, 1, 'para armado de kit de procedimiento', '2024-04-24'),
(160, 423, 1, 3, 10, 1, 'para armado de kit de procedimiento', '2024-04-24'),
(161, 484, 1, 3, 1, 1, 'para armado de kit de procedimiento', '2024-04-24'),
(162, 422, 1, 3, 4, 1, 'para armado de kit de procedimiento', '2024-04-24'),
(163, 567, 1, 2, 1, 9, 'SE REQUIERE EN AREA', '2024-04-24'),
(164, 508, 1, 2, 1, 10, 'SE REQUIERE EN AREA', '2024-04-24'),
(165, 563, 1, 2, 1, 10, 'SE REQUIERE EN AREA', '2024-04-24'),
(166, 564, 1, 2, 1, 10, 'SE REQUIERE EN AREA', '2024-04-24'),
(167, 467, 1, 2, 1, 9, 'se solicita en el area', '2024-04-25'),
(168, 483, 1, 3, 1, 1, 'se utilizo en equipo para demostracion', '2024-04-29'),
(169, 44, 1, 3, 1, 1, 'Se requiere en el area', '2024-04-30'),
(170, 401, 1, 3, 1, 1, 'se requiere en are', '2024-04-30'),
(171, 375, 1, 3, 1, 1, 'Se requiere en area', '2024-04-30'),
(172, 369, 1, 3, 1, 1, 'se requiere en area', '2024-04-30'),
(173, 515, 1, 2, 1, 9, 'Se requiere en area', '2024-05-02'),
(174, 88, 1, 2, 5, 9, 'Se requieren en el area', '2024-05-02'),
(175, 486, 1, 2, 19, 9, 'SE REQUIEREN PARA SOLDAR', '2024-05-03'),
(176, 485, 1, 2, 19, 9, 'SE REQUIERE PARA SOLDAR', '2024-05-03'),
(177, 485, 1, 2, 20, 9, 'SE REQUIEREN PARA SOLDAR', '2024-05-03'),
(178, 423, 1, 3, 1, 3, 'Se requiere', '2024-05-03'),
(179, 247, 1, 3, 12, 1, 'armado', '2024-05-03'),
(180, 397, 1, 3, 13, 1, 'ENSAMBLE', '2024-05-03'),
(181, 358, 1, 3, 26, 1, 'ENSAMBLE', '2024-05-03'),
(182, 505, 1, 3, 7, 1, 'ensamble', '2024-05-03'),
(183, 475, 1, 3, 76, 1, 'ensambe', '2024-05-03'),
(184, 352, 1, 3, 14, 1, 'ensamble', '2024-05-03'),
(185, 359, 1, 3, 14, 1, 'ensamble', '2024-05-03'),
(186, 396, 1, 3, 14, 1, 'ENSAMBLE', '2024-05-03'),
(187, 396, 1, 3, 12, 1, 'ENSAMBLE', '2024-05-03'),
(188, 476, 1, 3, 52, 1, 'ENSAMBLE', '2024-05-03'),
(189, 350, 1, 3, 14, 1, 'ENSAMBLE', '2024-05-03'),
(190, 421, 1, 3, 7, 1, 'ENSAMBLE', '2024-05-03'),
(191, 507, 1, 3, 26, 1, 'ENSAMBLE', '2024-05-03'),
(192, 525, 1, 3, 13, 1, 'ENSAMBLE', '2024-05-03'),
(193, 526, 1, 3, 14, 1, 'ENSAMBLE', '2024-05-03'),
(194, 561, 1, 3, 26, 1, 'ENSAMBLE', '2024-05-03'),
(195, 473, 1, 3, 12, 1, 'ENSAMBLE', '2024-05-03'),
(196, 499, 1, 3, 6, 1, 'ENSAMBLE', '2024-05-03'),
(197, 489, 1, 3, 6, 1, '6', '2024-05-03'),
(198, 483, 1, 3, 6, 1, 'ENSAMBLE', '2024-05-03'),
(199, 353, 1, 3, 12, 1, 'ENSAMBLE', '2024-05-03'),
(200, 503, 1, 2, 6, 1, 'ENSAMBLE', '2024-05-03'),
(201, 490, 1, 3, 24, 1, 'ENSAMBLE', '2024-05-03'),
(202, 472, 1, 3, 6, 1, 'ENSAMBLE', '2024-05-03'),
(203, 527, 1, 3, 14, 1, 'ENSAMBLE', '2024-05-03'),
(204, 531, 1, 3, 12, 1, 'ENSAMBLE', '2024-05-03'),
(205, 423, 1, 3, 12, 1, 'ENSAMBLE', '2024-05-03'),
(206, 94, 1, 2, 1, 8, '1', '2024-05-03'),
(207, 350, 1, 2, 1, 8, 'LO REQUIERE PARA PRUEBAS', '2024-05-03'),
(208, 478, 1, 3, 1, 3, 'PARA PRUEBAS DE MACHUELO', '2024-05-06'),
(209, 240, 1, 3, 1, 1, 'SE SOLICITA EN AREA', '2024-05-06'),
(210, 569, 1, 3, 1, 6, 'SE REQUIERE EN EL AREA', '2024-05-06'),
(211, 1, 1, 3, 1, 1, 'SE REQUIERE', '2024-05-06'),
(212, 368, 1, 2, 1, 1, 'SE REQUIERE PARA PIEZAS', '2024-05-06'),
(213, 347, 1, 3, 1, 1, 'SE REQUIERE PARA PIEZAS', '2024-05-06'),
(214, 319, 1, 3, 1, 3, 'SE REQUIERE PARA SUS ACTIVIDADES', '2024-05-07'),
(215, 45, 1, 2, 1, 8, 'SE REQUIERE', '2024-05-07'),
(216, 257, 1, 2, 2, 9, 'SE REQUIERE', '2024-05-07'),
(217, 373, 1, 2, 1, 8, 'SE REQUIERE', '2024-05-07'),
(218, 110, 1, 2, 1, 9, 'SE REQUIERE', '2024-05-07'),
(219, 102, 1, 2, 1, 8, 'SE REQUIERE', '2024-05-07'),
(220, 414, 2, 1, 1, 9, 'SE REGRESA', '2024-05-07'),
(221, 387, 1, 2, 1, 10, 'SE ENTREGO DESDE EL INICIO DE COMPRA', '2024-05-07'),
(222, 570, 1, 2, 3, 8, 'SE REQUIERE', '2024-05-07'),
(223, 256, 1, 2, 1, 8, 'SE REQUIERE', '2024-05-07'),
(224, 327, 1, 2, 1, 10, 'REQUERIDOS', '2024-05-07'),
(225, 140, 1, 2, 1, 10, 'REQUERIDOS', '2024-05-07'),
(226, 245, 1, 3, 27, 1, 'ENSAMBLE', '2024-05-08'),
(227, 506, 1, 3, 14, 1, 'ENSAMBLE', '2024-05-08'),
(228, 261, 1, 3, 54, 1, 'ENSAMBLE', '2024-05-08'),
(229, 306, 1, 3, 53, 1, 'ENSAMBLE', '2024-05-08'),
(230, 530, 2, 3, 20, 1, 'ENSAMBLE', '2024-05-08'),
(231, 473, 1, 3, 28, 1, 'ENSAMBLE', '2024-05-08'),
(232, 264, 1, 3, 74, 1, 'ENSAMBLE', '2024-05-08'),
(233, 475, 1, 3, 112, 1, 'ENSAMBLE', '2024-05-08'),
(234, 476, 1, 3, 56, 1, 'ENSAMBLE', '2024-05-08'),
(235, 507, 1, 3, 28, 1, 'ENSAMBLE', '2024-05-08'),
(236, 472, 1, 3, 14, 1, 'ENSAMBLE', '2024-05-08'),
(237, 531, 1, 3, 28, 1, 'ENSAMBLE', '2024-05-08'),
(238, 561, 1, 3, 28, 1, 'ENSAMBLE', '2024-05-08'),
(239, 499, 1, 3, 14, 1, 'ENSAMBLE', '2024-05-08'),
(240, 489, 1, 3, 13, 1, 'ENSAMBLE', '2024-05-08'),
(241, 353, 1, 3, 28, 1, 'ENSAMBLE', '2024-05-08'),
(242, 503, 1, 3, 14, 1, 'ENSAMBLE', '2024-05-08'),
(243, 490, 1, 3, 56, 1, 'ENSAMBLE', '2024-05-08'),
(244, 397, 1, 3, 14, 1, 'ENSAMBLE', '2024-05-08'),
(245, 358, 1, 3, 28, 1, 'ENSAMBLE', '2024-05-08'),
(246, 396, 1, 3, 42, 1, 'ENSAMBLE', '2024-05-08'),
(247, 525, 1, 3, 14, 1, 'ENSAMBLE', '2024-05-08'),
(248, 423, 1, 3, 28, 1, 'ENSAMBLE', '2024-05-08'),
(249, 493, 1, 3, 14, 1, 'ENSAMBLE', '2024-05-08'),
(250, 248, 1, 3, 28, 1, 'ENSAMBLE', '2024-05-08'),
(251, 321, 1, 3, 14, 1, 'ENSAMBLE', '2024-05-08'),
(252, 262, 1, 3, 14, 1, 'ENSAMBLE', '2024-05-08'),
(253, 483, 1, 3, 12, 1, 'ENSAMBLE', '2024-05-08'),
(254, 546, 1, 3, 20, 1, 'ENSAMBLE', '2024-05-08'),
(255, 260, 1, 3, 13, 1, 'ENSAMBLE', '2024-05-08'),
(256, 475, 1, 3, 52, 1, 'ENSAMBLE', '2024-05-08'),
(257, 352, 1, 3, 26, 1, 'ENSAMBLE', '2024-05-08'),
(258, 60, 1, 2, 2, 8, 'SE REQUIERE', '2024-05-08'),
(259, 359, 1, 3, 26, 1, 'ENSAMBLE', '2024-05-08'),
(260, 476, 1, 3, 52, 1, 'ENSAMBLE', '2024-05-08'),
(261, 350, 1, 3, 26, 1, 'ENSAMBLE', '2024-05-08'),
(262, 421, 1, 3, 13, 1, 'ENSAMBLE', '2024-05-08'),
(263, 507, 1, 3, 26, 1, 'ENSAMBLE', '2024-05-08'),
(264, 527, 1, 3, 26, 1, 'ENSAMBLE', '2024-05-08'),
(265, 561, 1, 3, 26, 1, 'ENSAMBLE', '2024-05-08'),
(266, 397, 1, 3, 13, 1, 'ENSAMBLE', '2024-05-08'),
(267, 358, 1, 3, 26, 1, 'ENSAMBLE', '2024-05-08'),
(268, 396, 1, 3, 26, 1, 'ENSAMBLE', '2024-05-08'),
(269, 525, 1, 3, 13, 1, 'ENSAMBLE', '2024-05-08'),
(270, 526, 1, 3, 26, 1, 'ENSAMBLE', '2024-05-08'),
(271, 376, 1, 3, 13, 1, 'ENSAMBLE', '2024-05-08'),
(272, 247, 1, 3, 14, 1, 'ENSAMBLE', '2024-05-08'),
(273, 505, 1, 3, 26, 1, 'ENSAMBLE', '2024-05-08'),
(274, 322, 1, 3, 13, 1, 'ENSAMBLE', '2024-05-08'),
(275, 311, 1, 3, 3, 1, 'ENSAMBLE', '2024-05-08'),
(276, 398, 1, 3, 20, 4, 'ENSAMBLE', '2024-05-08'),
(277, 396, 1, 3, 60, 4, 'ENSAMBLE', '2024-05-08'),
(278, 488, 1, 3, 20, 4, 'PARA ENSAMBLE', '2024-05-08'),
(279, 397, 1, 3, 40, 4, 'ensamble', '2024-05-08'),
(280, 540, 1, 3, 40, 4, 'ensamble', '2024-05-08'),
(281, 265, 1, 3, 1, 4, 'ensamble', '2024-05-08'),
(282, 422, 1, 3, 11, 1, 'PARA ENSAMBLE', '2024-05-10'),
(283, 477, 1, 3, 2, 6, 'Para arcos faciales de prueba', '2024-05-10'),
(284, 477, 1, 2, 1, 8, 'para pruebas', '2024-05-10'),
(285, 221, 1, 3, 2, 6, 'Para equipos de muestra', '2024-05-10'),
(286, 291, 1, 2, 2, 9, 'Se requiere', '2024-05-10'),
(287, 291, 1, 3, 1, 6, 'Se requiere', '2024-05-10'),
(288, 474, 1, 3, 3, 6, 'Ensamble', '2024-05-10'),
(289, 541, 1, 3, 7, 6, 'ensamble', '2024-05-10'),
(290, 397, 1, 3, 1, 6, 'ENSAMBLE', '2024-05-11'),
(291, 477, 1, 3, 2, 6, 'ENSAMBLE', '2024-05-11'),
(292, 477, 1, 3, 1, 6, 'ENSAMBLE', '2024-05-11'),
(293, 478, 1, 3, 2, 6, 'ENSAMBLE', '2024-05-11'),
(294, 475, 1, 3, 4, 6, 'ENSAMBLE', '2024-05-11'),
(295, 570, 1, 3, 2, 6, 'ENSAMBLE', '2024-05-11'),
(296, 291, 1, 3, 1, 2, 'SE REQUIERE', '2024-05-11'),
(297, 474, 1, 3, 8, 6, 'ENSAMBLE', '2024-05-11'),
(298, 490, 1, 3, 4, 6, 'ENSAMBLE', '2024-05-11'),
(299, 424, 1, 3, 2, 6, 'ENSAMBLE', '2024-05-11'),
(300, 525, 1, 3, 2, 4, 'ENSAMBLE', '2024-05-11'),
(301, 368, 1, 3, 1, 1, 'se requiere en area', '2024-05-13'),
(302, 444, 1, 2, 1, 9, 'Se requiere en el area', '2024-05-13'),
(303, 444, 1, 2, 1, 9, 'Se requiere en el area', '2024-05-13'),
(304, 444, 1, 2, 1, 9, 'Se requiere', '2024-05-13'),
(305, 404, 1, 2, 1, 9, 'Se requiere', '2024-05-13'),
(306, 569, 1, 3, 1, 6, 'Se requiere', '2024-05-13'),
(307, 326, 1, 2, 1, 8, 'Los requiere', '2024-05-14'),
(308, 324, 1, 2, 1, 3, 'la requiere prestada', '2024-05-16'),
(309, 265, 1, 3, 1, 2, 'se requiere', '2024-05-16'),
(310, 228, 1, 3, 1, 1, 'se requiere', '2024-05-16'),
(311, 470, 1, 2, 1, 8, 'se requiere', '2024-05-16'),
(312, 256, 1, 2, 1, 9, 'Se requiere el area', '2024-05-16'),
(313, 397, 1, 3, 21, 4, 'SE REQUIERE PARA EL ARMADO', '2024-05-20'),
(314, 401, 1, 2, 1, 9, 'SE REQUIERE EN EL AREA', '2024-05-20'),
(315, 401, 1, 2, 1, 9, 'LO REQUIERE EN SU AREA', '2024-05-20'),
(316, 448, 1, 3, 1, 5, 'Se requieren', '2024-05-21'),
(317, 363, 1, 3, 40, 4, 'Ensamble', '2024-05-21'),
(318, 265, 1, 3, 1, 4, 'Ensamble', '2024-05-21'),
(319, 422, 1, 3, 5, 1, 'Ensamble', '2024-05-21'),
(320, 140, 1, 3, 1, 5, 'Se requieren', '2024-05-21'),
(321, 525, 1, 3, 20, 4, 'Ensamble', '2024-05-21'),
(322, 526, 1, 3, 38, 4, 'Ensamble', '2024-05-21'),
(323, 484, 1, 3, 19, 4, 'Ensamble', '2024-05-21'),
(324, 295, 1, 3, 1, 5, 'se requiere', '2024-05-21'),
(325, 72, 1, 3, 1, 6, 'SE REQUIERE', '2024-05-21'),
(326, 569, 1, 3, 1, 6, 'SE REQUIERE EN EL AREA', '2024-05-21'),
(327, 44, 1, 3, 1, 1, 'SE REQUIERE EN AREA', '2024-05-21'),
(328, 396, 1, 3, 1, 6, 'REQUIERE', '2024-05-21'),
(329, 505, 2, 1, 40, 1, 'entrada', '2024-05-22'),
(330, 505, 1, 2, 40, 1, 'ensamble', '2024-05-22'),
(331, 505, 1, 3, 40, 1, 'ensamble', '2024-05-22'),
(332, 474, 1, 3, 20, 4, 'ensamble', '2024-05-22'),
(333, 397, 1, 3, 20, 4, '20', '2024-05-22'),
(334, 541, 1, 3, 20, 4, 'ensamble', '2024-05-22'),
(335, 525, 1, 3, 20, 4, 'ensamble', '2024-05-22'),
(336, 330, 1, 2, 1, 9, 'se requiere', '2024-05-22'),
(337, 344, 1, 2, 1, 8, 'se requiere', '2024-05-22'),
(338, 110, 1, 2, 1, 8, 'SE REQUIERE', '2024-05-22'),
(339, 265, 1, 3, 1, 3, 'SE REQUIERE EN AREA', '2024-05-22'),
(340, 129, 1, 3, 1, 1, 'SE REQUIEREN EN AREA', '2024-05-22'),
(341, 89, 1, 2, 10, 9, 'SE REQUIERE EN AREA', '2024-05-22'),
(342, 575, 1, 2, 1, 8, 'Se requiere', '2024-05-24'),
(343, 372, 1, 2, 1, 8, 'Se requiere', '2024-05-24'),
(344, 508, 1, 2, 1, 10, 'se requiere', '2024-05-24'),
(345, 60, 1, 2, 1, 8, 'Se requiere', '2024-05-28'),
(346, 293, 1, 3, 1, 6, 'se requiere', '2024-05-28'),
(347, 490, 1, 3, 50, 1, 'Ensamble', '2024-05-28'),
(348, 476, 1, 3, 48, 1, 'Ensamble', '2024-05-28'),
(349, 571, 1, 3, 38, 4, 'Ensamble', '2024-05-28'),
(351, 265, 1, 3, 1, 1, 'Ensamble', '2024-05-28'),
(352, 478, 1, 3, 19, 4, 'Ensamble', '2024-05-28'),
(353, 477, 1, 3, 19, 4, 'Ensamble', '2024-05-28'),
(354, 549, 1, 3, 19, 4, 'Ensamble', '2024-05-28'),
(355, 548, 1, 3, 19, 4, 'Ensamble', '2024-05-28'),
(356, 472, 1, 3, 1, 4, 'Ensamble', '2024-05-28'),
(357, 265, 1, 3, 1, 1, 'Ensamble', '2024-05-28'),
(358, 358, 1, 3, 6, 6, 'Ensamble', '2024-05-28'),
(359, 570, 1, 3, 20, 4, 'Ensamble', '2024-05-28'),
(360, 475, 1, 3, 5, 1, 'Ensamble', '2024-05-28'),
(361, 352, 1, 2, 2, 8, 'pruebas', '2024-05-28'),
(362, 359, 1, 2, 2, 8, 'pruebas', '2024-05-28'),
(363, 540, 1, 3, 5, 4, 'Ensamble', '2024-05-28'),
(364, 561, 1, 2, 3, 8, 'pruebas', '2024-05-28'),
(365, 223, 1, 3, 3, 1, 'ensamble', '2024-05-28'),
(366, 375, 1, 2, 1, 8, 'Se requiere', '2024-05-29'),
(367, 358, 1, 3, 19, 3, 'ensamble', '2024-05-29'),
(368, 527, 1, 3, 10, 3, 'ENSAMBLE', '2024-05-29'),
(369, 524, 1, 2, 1, 10, 'Se requiere', '2024-05-29'),
(370, 490, 1, 3, 50, 4, 'Ensamble', '2024-05-29'),
(371, 319, 1, 3, 2, 3, 'Ensamble de articuladores', '2024-05-29'),
(372, 424, 1, 3, 3, 4, 'Se requieren para empaque', '2024-05-29'),
(373, 536, 1, 3, 40, 1, 'Ensamble', '2024-05-30'),
(374, 364, 1, 3, 58, 1, 'Ensamble', '2024-05-30'),
(375, 545, 1, 3, 20, 1, 'Ensamle', '2024-05-30'),
(376, 537, 1, 3, 20, 1, 'Ensamble', '2024-05-30'),
(377, 543, 1, 3, 21, 1, 'Ensamble', '2024-05-30'),
(378, 546, 1, 1, 20, 1, 'Ensamble', '2024-05-30'),
(379, 547, 1, 3, 20, 1, 'Ensamble', '2024-05-30'),
(380, 546, 1, 3, 20, 1, 'Ensamble', '2024-05-30'),
(381, 576, 1, 2, 2, 10, 'Se requieren', '2024-05-31'),
(382, 536, 3, 1, 15, 1, 'se regresan al almacen', '2024-05-31'),
(383, 547, 3, 1, 1, 4, 'se regresa al almacen', '2024-05-31'),
(384, 245, 3, 1, 5, 1, 'se regresan al almacen', '2024-05-31'),
(385, 452, 1, 3, 1, 1, 'SE REQUIERE', '2024-05-31'),
(386, 204, 3, 1, 1, 5, 'SE REGRESA AL ALMACEN', '2024-05-31'),
(387, 519, 1, 2, 1, 9, 'SE REQUIERE', '2024-05-31'),
(388, 180, 1, 3, 1, 1, 'SE REQUIERE', '2024-05-31'),
(389, 519, 2, 1, 1, 5, 'REGRESA', '2024-05-31'),
(390, 185, 2, 1, 1, 5, 'REGRESA', '2024-05-31'),
(391, 328, 1, 3, 1, 1, 'SE REQUIERE', '2024-05-31'),
(392, 329, 1, 2, 3, 8, 'SE REQUIEREN', '2024-05-31'),
(393, 266, 1, 2, 2, 8, 'SE REQUIRE', '2024-05-31'),
(394, 232, 1, 2, 2, 9, 'SE REQUIERE', '2024-05-31'),
(395, 139, 1, 3, 1, 1, 'SE REQUIERE', '2024-05-31'),
(396, 139, 3, 1, 1, 5, 'REGRESO', '2024-05-31'),
(397, 127, 1, 3, 1, 1, 'SE REQUIERE', '2024-05-31'),
(398, 243, 1, 2, 5, 9, 'SE REQUIERE', '2024-05-31'),
(399, 129, 1, 3, 1, 1, 'REQUIERE', '2024-05-31'),
(400, 133, 1, 2, 1, 9, 'SE REQUIERE', '2024-05-31'),
(401, 446, 1, 3, 1, 5, 'se requiere', '2024-05-31'),
(402, 114, 1, 2, 1, 7, 'La requiere', '2024-06-03'),
(403, 369, 1, 2, 1, 8, 'La requiere', '2024-06-03'),
(404, 242, 1, 3, 1, 1, 'se requiere en el area para pulir', '2024-06-03'),
(405, 165, 1, 3, 1, 3, 'Lo requiere', '2024-06-04'),
(406, 138, 1, 2, 1, 7, 'lo requiere', '2024-06-04'),
(407, 450, 1, 3, 1, 2, 'Lo requiere', '2024-06-04'),
(408, 463, 1, 3, 1, 1, 'requiere', '2024-06-04'),
(409, 319, 1, 3, 1, 3, 'SE REQUIERE', '2024-06-04'),
(410, 490, 1, 3, 72, 6, 'EMPAQUE', '2024-06-04'),
(411, 589, 1, 3, 12, 6, 'EMPAQUE', '2024-06-04'),
(412, 590, 1, 3, 12, 6, 'EMPAQUE', '2024-06-04'),
(413, 462, 1, 2, 1, 8, 'LA REQUIERE', '2024-06-04'),
(414, 464, 1, 2, 1, 8, 'LA REQUIERE', '2024-06-04'),
(415, 591, 6, 4, 12, 6, 'Se traspasa al almacen de Dental Tarde', '2024-06-05'),
(416, 591, 6, 4, 12, 6, 'Se traspasa al almacen de Dental Tarde', '2024-06-05'),
(417, 477, 3, 1, 12, 6, 'SE REGRESAN POR CAMBIO DE DESARMADOR', '2024-06-05'),
(418, 525, 1, 3, 24, 4, 'Se requieren en emsamble', '2024-06-05'),
(419, 236, 1, 3, 2, 3, 'Se requieren para garantia', '2024-06-06'),
(420, 291, 1, 3, 1, 6, 'lo requiere', '2024-06-06'),
(421, 591, 4, 6, 12, 6, 'se regresan por falta de numero de serie y empaque', '2024-06-06'),
(422, 591, 6, 4, 11, 6, 'se pasan para venta', '2024-06-06'),
(423, 259, 1, 5, 82, 1, 'piezas para armar', '2024-06-07'),
(424, 259, 2, 1, 104, 5, 'Se pasan al almacen general y ensamble', '2024-06-07'),
(425, 534, 2, 1, 26, 5, 'Se entregan para ensamble', '2024-06-07'),
(426, 591, 6, 7, 1, 6, 'Se lo lleva a rea de ventas karina fuentes para demostracion a clientes', '2024-06-07'),
(427, 354, 2, 1, 50, 5, 'Se entregan al almacen general radio', '2024-06-07'),
(428, 378, 2, 1, 24, 5, 'Se reciben', '2024-06-07'),
(429, 368, 1, 2, 1, 8, 'se requiere', '2024-06-07'),
(430, 447, 1, 2, 1, 8, 'se require', '2024-06-07'),
(431, 352, 1, 3, 2, 4, 'los requiere para pruebas', '2024-06-07'),
(432, 264, 1, 3, 2, 4, 'para pruebas', '2024-06-07'),
(433, 71, 1, 2, 1, 8, 'se requiere en el area', '2024-06-10'),
(434, 388, 1, 2, 10, 9, 'Se requiere en el area', '2024-06-11'),
(435, 522, 1, 3, 1, 1, 'requerida', '2024-06-11'),
(436, 524, 1, 3, 3, 1, 'se requiere', '2024-06-11'),
(437, 468, 1, 3, 1, 1, 'se requiere', '2024-06-11'),
(438, 310, 2, 1, 50, 5, 'Entran al area de ensamble para pulir', '2024-06-11'),
(439, 463, 1, 3, 1, 1, 'se requiere para pulir', '2024-06-11'),
(440, 451, 1, 3, 1, 6, 'se requiere en el area', '2024-06-11'),
(441, 97, 1, 2, 1, 9, 'Se requiere en el area', '2024-06-12'),
(442, 47, 1, 2, 1, 8, 'Se requiere en el area', '2024-06-12'),
(443, 459, 1, 3, 1, 3, 'PARA EMPAQUE', '2024-06-12'),
(444, 352, 1, 3, 1, 1, 'PARA AJUSTAR BASES', '2024-06-12'),
(445, 359, 1, 3, 1, 1, 'PARA AJUSTAR BASES', '2024-06-12'),
(446, 577, 1, 3, 1, 6, 'PARA RIMAR BASES SUP', '2024-06-12'),
(447, 451, 1, 3, 1, 4, 'SE REQUIERE', '2024-06-12'),
(448, 585, 1, 3, 1, 6, 'SE REQUIERE', '2024-06-12'),
(449, 347, 1, 3, 1, 1, 'SE REQUIERE', '2024-06-12'),
(450, 450, 3, 2, 1, 8, 'REQUERIDOS', '2024-06-12'),
(451, 319, 1, 3, 1, 3, 'Se requiere en el area', '2024-06-13'),
(452, 203, 1, 3, 1, 3, 'Se presta para servicio de reparacion', '2024-06-13'),
(453, 239, 1, 3, 1, 4, 'se requiere para teclado', '2024-06-13'),
(454, 499, 1, 2, 1, 10, 'Para pruebas', '2024-06-13'),
(455, 203, 3, 1, 1, 3, 'se regresa de prestamo a Antonio Santos', '2024-06-14'),
(456, 596, 1, 2, 1, 10, 'Se requiere en el área', '2024-06-14'),
(457, 597, 1, 2, 1, 10, 'Se requiere en el área', '2024-06-14'),
(458, 598, 1, 2, 1, 10, 'Se requiere en el área', '2024-06-14'),
(459, 599, 1, 2, 1, 10, 'Se requiere en el área', '2024-06-14'),
(460, 206, 1, 2, 1, 9, 'las requirio', '2024-06-17'),
(461, 463, 1, 3, 3, 1, 'Se requieren para pulir', '2024-06-17'),
(462, 600, 1, 3, 1, 1, 'SE REQUIERE EN EL AREA', '2024-06-17'),
(463, 206, 1, 3, 1, 1, 'SE REQUIERE EN EL AREA', '2024-06-17'),
(464, 585, 1, 2, 1, 8, 'SE USO PARA WD40', '2024-06-17'),
(465, 490, 1, 9, 740, 6, 'SE DESCARTAN, SOLO USO ESPECIAL', '2024-06-17'),
(466, 463, 1, 3, 1, 2, 'SE REQUIERE', '2024-06-17'),
(467, 360, 2, 1, 25, 5, 'SE RECIBEN', '2024-06-18'),
(468, 377, 3, 8, 20, 1, 'UTILIZADAS', '2024-06-18'),
(469, 377, 2, 1, 25, 5, 'SE RECIBEN', '2024-06-18'),
(470, 545, 3, 8, 20, 1, 'USADOS', '2024-06-18'),
(471, 545, 2, 1, 25, 5, 'SE RECIBEN', '2024-06-18'),
(472, 494, 3, 8, 72, 1, 'SE USARON', '2024-06-18'),
(473, 494, 2, 1, 100, 5, 'SE RECIBEN PARA QUE VALERO HAGA LOS ANALOGO', '2024-06-18'),
(474, 496, 3, 8, 72, 1, 'SE UTILIZARON', '2024-06-18'),
(475, 496, 2, 1, 100, 5, 'SE RECIBEN PARA QUE VALERO HAGA LOS ANALOGO', '2024-06-18'),
(476, 483, 3, 8, 20, 1, 'ESTAN LISTOS', '2024-06-18'),
(477, 48, 1, 2, 1, 10, 'Se requiere en el area', '2024-06-19'),
(478, 264, 1, 3, 4, 4, 'para checar medidas de columnas', '2024-06-19'),
(479, 356, 3, 8, 25, 1, 'se utilizaron', '2024-06-19'),
(480, 356, 2, 1, 25, 5, 'Entrada de marcos cpi', '2024-06-19'),
(481, 284, 1, 3, 1, 6, 'Lo requiere para marcar piezas para grabar con laser', '2024-06-19'),
(482, 589, 3, 8, 12, 1, 'ya se empacaron', '2024-06-19'),
(483, 590, 3, 8, 12, 1, 'ya se empacaron', '2024-06-19'),
(484, 601, 1, 2, 1, 8, 'se requiere en el area', '2024-06-20'),
(485, 450, 1, 3, 1, 3, 'Se requieren en el area', '2024-06-20'),
(486, 524, 1, 3, 2, 1, 'SE REQUIEREN EN EL AREA', '2024-06-20'),
(487, 538, 2, 1, 25, 5, 'Se reciben 25', '2024-06-20'),
(488, 524, 1, 3, 1, 1, 'SE REQUIERE', '2024-06-21'),
(489, 471, 1, 3, 2, 1, 'SE REQUIERE', '2024-06-21'),
(490, 468, 1, 3, 1, 1, 'SE REQUIERE', '2024-06-21'),
(491, 379, 3, 8, 24, 1, 'SE DESCARTAN POR PRODUCTO TERMINADO', '2024-06-24'),
(492, 379, 2, 1, 25, 5, 'SE RECIBEN', '2024-06-24'),
(493, 508, 1, 2, 1, 8, 'se requiere en el area', '2024-06-25'),
(494, 533, 2, 1, 25, 5, 'Se reciben en almacen', '2024-06-25'),
(495, 532, 2, 1, 25, 5, 'Se reciben, por revisar', '2024-06-25'),
(496, 474, 1, 2, 1, 8, 'Se requiere para pruebas', '2024-06-25'),
(497, 74, 1, 2, 1, 7, 'se requiere en el area', '2024-06-25'),
(498, 359, 1, 2, 1, 8, 'Se entrega para pruebas', '2024-06-26'),
(499, 362, 1, 8, 30, 1, 'se pasan a terminado', '2024-06-26'),
(500, 361, 1, 8, 31, 1, 'pasan a terminado', '2024-06-26'),
(501, 362, 2, 1, 50, 5, 'entran en almacen general', '2024-06-26'),
(502, 361, 2, 1, 50, 5, 'Entran en almacen general', '2024-06-26'),
(503, 528, 1, 8, 1, 1, 'termimado', '2024-06-26'),
(504, 528, 2, 1, 50, 5, 'Entran al almacen general', '2024-06-26'),
(505, 484, 3, 8, 20, 1, 'Terminado', '2024-06-26'),
(506, 486, 2, 8, 20, 9, 'terminado', '2024-06-26'),
(507, 485, 2, 8, 21, 9, 'Terminado', '2024-06-26'),
(508, 487, 3, 8, 20, 1, 'Terminadas', '2024-06-26'),
(509, 489, 3, 8, 20, 1, 'terminado', '2024-06-26'),
(510, 490, 3, 8, 386, 1, 'terminado', '2024-06-26'),
(511, 71, 1, 2, 1, 7, 'se requiere en el area', '2024-06-26'),
(512, 601, 1, 2, 1, 7, 'se requiere en el area', '2024-06-26'),
(513, 71, 2, 1, 1, 7, 'Se cambio por el helicoidal', '2024-06-26'),
(514, 547, 1, 8, 1, 1, 'terminado', '2024-06-27'),
(515, 537, 3, 8, 20, 1, 'Terminado', '2024-06-27'),
(516, 492, 3, 8, 24, 1, 'Terminado', '2024-06-27'),
(517, 376, 3, 8, 20, 1, 'Terminado', '2024-06-27'),
(518, 364, 3, 8, 58, 1, 'Terminado', '2024-06-27'),
(519, 322, 3, 8, 21, 1, 'Terminado', '2024-06-27'),
(520, 262, 3, 8, 20, 1, 'Terminado', '2024-06-27'),
(521, 310, 3, 8, 41, 1, 'Terminado', '2024-06-27'),
(522, 260, 3, 8, 20, 1, 'Terminado', '2024-06-27'),
(523, 488, 3, 8, 20, 1, 'Terminado', '2024-06-27'),
(524, 247, 3, 8, 40, 1, 'Terminado', '2024-06-27'),
(525, 308, 3, 8, 23, 1, 'Terminado', '2024-06-27'),
(526, 547, 3, 8, 19, 1, 'Terminado', '2024-06-27'),
(527, 495, 3, 8, 27, 1, 'Terminado', '2024-06-27'),
(528, 506, 3, 8, 20, 1, 'Terminado', '2024-06-27'),
(529, 492, 2, 1, 25, 5, 'Se reciben', '2024-06-27'),
(530, 309, 2, 1, 25, 5, 'Se reciben', '2024-06-27'),
(531, 308, 2, 1, 25, 5, 'Se reciben', '2024-06-27'),
(532, 355, 2, 1, 25, 5, 'Se reciben', '2024-06-27'),
(533, 245, 1, 8, 5, 1, 'Terminado', '2024-06-27'),
(534, 245, 3, 8, 35, 1, 'Terminado', '2024-06-27'),
(535, 306, 3, 8, 79, 1, 'Terminado', '2024-06-27'),
(536, 493, 1, 8, 2, 1, 'Terminado', '2024-06-27'),
(537, 493, 3, 8, 20, 1, 'Terminado', '2024-06-27'),
(538, 536, 1, 8, 15, 1, 'Terminado', '2024-06-27'),
(539, 536, 3, 8, 25, 1, 'Terminado', '2024-06-27'),
(540, 355, 3, 8, 20, 1, 'Terminado', '2024-06-27'),
(541, 311, 3, 8, 20, 1, 'Terminado', '2024-06-27'),
(542, 363, 3, 8, 40, 1, 'Terminado', '2024-06-27'),
(543, 424, 3, 8, 7, 1, 'Terminado', '2024-06-27'),
(544, 261, 3, 8, 80, 1, 'Terminado', '2024-06-27'),
(545, 321, 3, 8, 20, 1, 'Terminado', '2024-06-27'),
(546, 248, 3, 8, 40, 1, 'Terminado', '2024-06-27'),
(547, 500, 1, 8, 1, 1, 'Terminado', '2024-06-27'),
(548, 309, 3, 8, 24, 1, 'Terminado', '2024-06-27'),
(549, 530, 3, 8, 20, 1, 'Terminado', '2024-06-27'),
(550, 498, 3, 8, 45, 1, 'Terminado', '2024-06-27'),
(551, 307, 3, 8, 16, 1, 'Terminado', '2024-06-27'),
(552, 546, 3, 8, 20, 1, 'Terminado', '2024-06-27'),
(553, 561, 1, 9, 467, 1, 'ya no se usan por cambio de tipo de tornillo', '2024-06-28'),
(554, 599, 1, 2, 1, 7, 'se requiere en el area', '2024-06-28'),
(555, 599, 2, 1, 1, 7, 'Se cambio', '2024-06-28'),
(556, 74, 1, 2, 1, 7, 'Se requiere en el area', '2024-06-28'),
(557, 329, 1, 2, 1, 8, 'Se requiere en el area', '2024-07-01'),
(558, 493, 2, 1, 25, 5, 'Se reciben', '2024-07-01'),
(559, 378, 2, 1, 1, 5, 'se recibe', '2024-07-01'),
(560, 323, 1, 2, 2, 7, 'se requieren', '2024-07-01'),
(561, 74, 1, 2, 3, 10, 'SE REQUIERE EN EL AREA', '2024-07-02'),
(562, 573, 1, 2, 1, 7, 'SE REQUIERE EN EL AREA', '2024-07-02'),
(563, 556, 2, 1, 25, 5, 'Se reciben', '2024-07-02'),
(564, 555, 2, 1, 25, 5, 'se reciben', '2024-07-02'),
(565, 554, 2, 1, 25, 5, 'Se reciben', '2024-07-02'),
(566, 307, 2, 1, 25, 5, 'Se reciben', '2024-07-02'),
(567, 524, 1, 3, 1, 3, 'se requiere', '2024-07-02'),
(568, 330, 1, 2, 1, 7, 'se requiere', '2024-07-03'),
(569, 535, 2, 1, 50, 5, 'SE RECIBEN SUJETOS A REVISION', '2024-07-03'),
(570, 539, 2, 1, 25, 5, 'SE RECIBE SUJETO A REVISION', '2024-07-03'),
(571, 536, 2, 1, 50, 5, 'SE RECIBE SUJETO A REVISION', '2024-07-03'),
(572, 376, 2, 1, 25, 5, 'SE RECIBE SUJETO A REVISION', '2024-07-03'),
(573, 311, 2, 1, 25, 5, 'SE RECIBE SUJETO A REVISION', '2024-07-03'),
(574, 319, 1, 3, 1, 3, 'SE REQUIERE', '2024-07-04'),
(575, 575, 1, 2, 1, 7, 'SE REQUIERE EN EL AREA', '2024-07-04'),
(576, 322, 2, 1, 25, 5, 'SE RECIBE SUJETO A REVISION', '2024-07-04'),
(577, 504, 2, 1, 100, 5, 'SE RECIBE SUJETO A REVISION', '2024-07-04'),
(578, 262, 2, 1, 25, 5, 'SE RECIBE SUJETO A REVISION', '2024-07-04'),
(579, 306, 2, 1, 105, 5, 'SE RECIBE SUJETO A REVISION', '2024-07-04'),
(580, 261, 2, 1, 105, 5, 'SE RECIBE SUJETO A REVISION', '2024-07-04'),
(581, 547, 2, 1, 26, 5, 'SE RECIBE SUJETO A REVISION', '2024-07-04'),
(582, 245, 2, 1, 52, 5, 'SE RECIBE SUJETO A REVISION', '2024-07-04'),
(583, 248, 2, 1, 50, 5, 'Se recibe sujeto a revision', '2024-07-05'),
(584, 477, 1, 3, 1, 6, 'SE REQUIERE', '2024-07-05'),
(585, 474, 1, 3, 2, 6, 'SE REQUIERE', '2024-07-05'),
(586, 578, 1, 2, 2, 10, 'se requiere en el area', '2024-07-05'),
(587, 472, 1, 2, 2, 10, 'Se prestan', '2024-07-05'),
(588, 537, 2, 1, 26, 5, 'Se reciben sujeto a revision', '2024-07-05'),
(589, 506, 2, 1, 26, 5, 'Se reciben sujeto a revision', '2024-07-05'),
(590, 578, 1, 2, 1, 7, 'Se requiere', '2024-07-05'),
(591, 530, 2, 1, 52, 5, 'Se reciben sujeto a revision', '2024-07-05'),
(592, 546, 2, 1, 26, 5, 'Se reciben sujeto a revision', '2024-07-05'),
(593, 83, 1, 2, 5, 8, 'Se requiere en el area', '2024-07-08'),
(594, 507, 1, 2, 1, 7, 'Se requiere para pruebas', '2024-07-09'),
(595, 264, 1, 2, 1, 7, 'se requiere para pruebas', '2024-07-09'),
(596, 575, 1, 2, 1, 7, 'Se requiere', '2024-07-09'),
(597, 321, 2, 1, 25, 5, 'se reciben sujeto a revision', '2024-07-09'),
(598, 375, 1, 2, 1, 7, 'Se requiere en el area', '2024-07-09'),
(599, 64, 1, 2, 1, 7, 'SE REQUIERE EN EL AREA', '2024-07-09'),
(600, 344, 1, 2, 1, 9, 'SE REQUIERE EN EL AREA', '2024-07-09'),
(601, 524, 1, 3, 2, 3, 'SE REQUIERE EN AREA', '2024-07-09'),
(602, 321, 1, 3, 25, 1, 'se pasan a ensamble', '2024-07-10'),
(603, 352, 1, 3, 1, 1, 'para pruebas', '2024-07-10'),
(604, 359, 1, 3, 1, 1, 'pruebas', '2024-07-10'),
(605, 321, 3, 1, 25, 1, 'regresa', '2024-07-10'),
(606, 264, 1, 3, 1, 1, 'pruebas', '2024-07-10'),
(607, 422, 1, 3, 10, 4, 'pruebas', '2024-07-10'),
(608, 432, 1, 3, 1, 1, 'se requiere en el area', '2024-07-10'),
(609, 319, 1, 3, 4, 1, 'se requiere', '2024-07-10'),
(610, 520, 1, 3, 3, 3, 'se requiere', '2024-07-10'),
(611, 451, 1, 2, 1, 9, 'SE REQUIERE', '2024-07-10'),
(612, 363, 2, 1, 50, 5, 'SE RECIBEN SUJETO A REVISION', '2024-07-11'),
(613, 401, 1, 2, 1, 7, 'Se requiere en el area', '2024-07-11'),
(614, 63, 1, 2, 1, 7, 'se requiere en el area', '2024-07-11'),
(615, 245, 1, 2, 52, 10, 'SE REGRESAN POR QUE TIENEN ERROR', '2024-07-15'),
(616, 627, 2, 1, 29, 5, 'SE RECIBEN SUJETO A REVISION', '2024-07-15'),
(617, 259, 2, 1, 100, 5, 'se reciben sujeto a revision', '2024-07-16'),
(618, 354, 2, 1, 81, 5, 'se reciben sujeto a revision', '2024-07-16'),
(619, 355, 2, 1, 25, 5, 'se reciben sujeto a revision', '2024-07-16'),
(620, 371, 1, 2, 1, 8, 'SE REQUIERE EN EL AREA', '2024-07-16'),
(621, 397, 1, 3, 10, 6, 'pruebas', '2024-07-17'),
(622, 574, 1, 2, 1, 7, 'se requiere en el area', '2024-07-17'),
(623, 632, 1, 2, 1, 9, 'Se requiere en el area', '2024-07-17'),
(624, 329, 1, 2, 1, 8, 'se requiere', '2024-07-17'),
(625, 448, 1, 3, 1, 2, 'se requiere', '2024-07-17'),
(626, 71, 1, 2, 1, 7, 'se requiere', '2024-07-17'),
(627, 378, 2, 1, 40, 5, 'Se reciben sujeto a revisión lote 3 y parte del 4to', '2024-07-17'),
(628, 259, 2, 1, 60, 5, 'se reciben sujeto a revision, lote 4', '2024-07-17'),
(629, 577, 1, 3, 1, 6, 'se requiere en el area para bases superiores', '2024-07-17'),
(630, 245, 2, 1, 52, 5, 'Se reciben sujeto a revision', '2024-07-18'),
(631, 500, 2, 1, 25, 5, 'Se reciben sujeto a revision', '2024-07-18'),
(632, 260, 2, 1, 27, 5, 'Se recibe sujeto a revision', '2024-07-18'),
(633, 545, 2, 1, 40, 5, 'Se reciben sujeto a revision lote 3 y parte de 4', '2024-07-19'),
(634, 634, 1, 2, 1, 9, 'se requiere en el area', '2024-07-22'),
(635, 628, 1, 2, 1, 8, 'Se requiere', '2024-07-22'),
(636, 367, 1, 2, 1, 8, 'Se requiere', '2024-07-22'),
(637, 93, 1, 2, 1, 9, 'se requiere', '2024-07-22'),
(638, 492, 2, 1, 40, 5, 'SE RECIBEN SUJETO A REVISION', '2024-07-22'),
(639, 367, 1, 2, 1, 7, 'se requiere', '2024-07-23'),
(640, 367, 1, 2, 1, 7, 'se requiere', '2024-07-23'),
(641, 599, 1, 2, 1, 7, 'Se requiere', '2024-07-23'),
(642, 637, 1, 2, 1, 9, 'SE REQUIERE EN EL AREA', '2024-07-24'),
(643, 599, 2, 1, 1, 7, 'se regresa al almacen general', '2024-07-25'),
(644, 569, 1, 2, 1, 8, 'se requiere', '2024-07-25'),
(645, 633, 1, 2, 1, 7, 'se requiere', '2024-07-25'),
(646, 473, 1, 3, 50, 1, 'PARA ENSAMBLE', '2024-07-26'),
(647, 264, 1, 3, 300, 1, 'PARA ENSAMBLE', '2024-07-26'),
(648, 123, 1, 2, 3, 9, 'se requieren', '2024-07-26'),
(649, 475, 1, 3, 300, 1, 'PARA ENSAMBLE', '2024-07-26'),
(650, 352, 1, 3, 50, 1, 'PARA ENSAMBLE', '2024-07-26'),
(651, 359, 1, 3, 50, 1, 'PARA ENSAMBLE', '2024-07-26'),
(652, 476, 1, 3, 200, 1, 'PARA ENSAMBLE', '2024-07-26'),
(653, 350, 1, 3, 50, 1, 'PARA ENSAMBLE', '2024-07-26'),
(654, 421, 1, 3, 25, 1, 'PARA ENSAMBLE', '2024-07-26'),
(655, 507, 1, 3, 100, 1, 'PARA ENSAMBLE', '2024-07-26'),
(656, 472, 1, 3, 25, 1, 'PARA ENSAMBLE', '2024-07-26'),
(657, 531, 1, 3, 50, 1, 'PARA ENSAMBLE', '2024-07-26'),
(658, 474, 1, 3, 75, 1, 'PARA ENSAMBLE', '2024-07-26'),
(659, 541, 1, 3, 75, 1, 'PARA ENSAMBLE', '2024-07-26'),
(660, 422, 1, 3, 100, 1, 'PARA ENSAMBLE', '2024-07-26'),
(661, 570, 1, 3, 29, 1, 'PARA ENSAMBLE', '2024-07-26'),
(662, 561, 1, 3, 100, 1, 'PARA ENSAMBLE', '2024-07-26'),
(663, 579, 1, 2, 100, 1, 'PARA ENSAMBLE', '2024-07-26'),
(664, 499, 1, 3, 25, 1, 'PARA ENSAMBLE', '2024-07-26'),
(665, 489, 1, 3, 25, 1, 'PARA ENSAMBLE', '2024-07-26'),
(666, 353, 1, 3, 50, 1, 'PARA ENSAMBLE', '2024-07-26'),
(667, 503, 1, 3, 25, 1, 'PARA ENSAMBLE', '2024-07-26'),
(668, 490, 1, 3, 100, 1, 'PARA ENSAMBLE', '2024-07-26'),
(669, 397, 1, 3, 125, 1, 'PARA ENSAMBLE', '2024-07-26'),
(670, 358, 1, 3, 125, 1, 'PARA ENSAMBLE', '2024-07-26'),
(671, 396, 1, 3, 200, 1, 'PARA ENSAMBLE', '2024-07-26'),
(672, 525, 1, 3, 200, 1, 'PARA ENSAMBLE', '2024-07-26'),
(673, 526, 1, 3, 100, 1, 'PARA ENSAMBLE', '2024-07-26'),
(674, 527, 1, 3, 50, 1, 'PARA ENSAMBLE', '2024-07-26'),
(675, 398, 1, 3, 25, 1, 'PARA ENSAMBLE', '2024-07-26'),
(676, 540, 1, 3, 50, 1, 'PARA ENSAMBLE', '2024-07-26'),
(677, 423, 1, 3, 150, 1, 'PARA ENSAMBLE', '2024-07-26'),
(678, 571, 1, 3, 50, 1, 'PARA ENSAMBLE', '2024-07-26'),
(679, 606, 1, 3, 29, 1, 'PARA ENSAMBLE', '2024-07-26'),
(680, 605, 1, 3, 47, 1, 'PARA ENSAMBLE', '2024-07-26'),
(681, 624, 1, 3, 28, 1, 'PARA ENSAMBLE', '2024-07-26'),
(682, 625, 1, 3, 28, 1, 'PARA ENSAMBLE', '2024-07-26'),
(683, 485, 1, 8, 30, 1, 'PARA ENSAMBLE', '2024-07-26'),
(684, 486, 1, 8, 30, 1, 'PARA ENSAMBLE', '2024-07-26'),
(685, 484, 1, 3, 30, 1, 'PARA ENSAMBLE', '2024-07-26'),
(686, 487, 1, 3, 30, 1, 'PARA ENSAMBLE', '2024-07-26'),
(687, 488, 1, 3, 30, 1, 'PARA ENSAMBLE', '2024-07-26'),
(688, 505, 2, 1, 51, 5, 'SE RECIBE SUJETO A REVISION', '2024-07-26'),
(689, 505, 1, 3, 51, 1, 'PARA ENSAMBLE', '2024-07-26'),
(690, 497, 2, 1, 51, 5, 'SE RECIBE SUJETO A REVISION', '2024-07-26'),
(691, 497, 1, 3, 51, 1, 'PARA ENSAMBLE', '2024-07-26'),
(692, 247, 2, 1, 53, 5, 'SE RECIBEN SUJETO A REVISION', '2024-07-26'),
(693, 247, 1, 3, 53, 1, 'PARA ENSAMBLE', '2024-07-26'),
(694, 534, 2, 1, 25, 5, 'Se recibe sujeto a revision', '2024-07-29'),
(695, 483, 1, 3, 30, 1, 'PARA ENSAMBLE', '2024-07-30'),
(696, 641, 1, 2, 1, 9, 'SE REQUIERE', '2024-07-30'),
(697, 48, 1, 2, 1, 7, 'Se requiere en el area', '2024-07-31'),
(698, 48, 1, 2, 1, 7, 'se requiere en el area', '2024-07-31'),
(700, 642, 1, 2, 1, 10, 'se  requiere', '2024-07-31'),
(701, 310, 2, 1, 75, 5, 'Se reciben sujeto a revision', '2024-08-01'),
(702, 356, 2, 1, 26, 5, 'se reciben sujeto a revision', '2024-08-01'),
(703, 379, 2, 1, 40, 5, 'se reciben sujeto a revision 25 lote 3 y 15 lote 4', '2024-08-02'),
(704, 356, 2, 1, 14, 5, 'se reciben sujeto a revision', '2024-08-02'),
(705, 114, 1, 2, 1, 9, 'se requiere en el area', '2024-08-05'),
(706, 114, 1, 2, 1, 9, 'se requiere', '2024-08-06'),
(707, 524, 1, 3, 1, 3, 'Se requiere en el area', '2024-08-06'),
(708, 428, 1, 2, 1, 8, 'la requiere', '2024-08-06'),
(709, 114, 1, 2, 1, 9, 'se requiere', '2024-08-06'),
(710, 362, 2, 1, 84, 5, 'SE RECIBE SUJETO A REVISION, 75 DE LOTE 3 Y 9 DE LOTE 4', '2024-08-07'),
(711, 361, 2, 1, 92, 5, 'SE RECIBE SUJETO A REVISION, 75 LOTE 3 Y 17 LOTE 4', '2024-08-07'),
(712, 316, 1, 2, 1, 8, 'LA REQUIERE', '2024-08-07'),
(713, 644, 1, 2, 1, 10, 'LA REQUIERE EN SU AREA', '2024-08-06'),
(714, 114, 1, 2, 1, 9, 'Se requiere', '2024-08-07'),
(715, 140, 1, 3, 1, 3, 'lOS REQUIERE', '2024-08-08'),
(716, 377, 2, 1, 41, 5, 'SE RECIBE SUJETO A REVISION', '2024-08-08'),
(717, 532, 2, 1, 41, 5, 'SE RECIBE SUJETO A REVISION', '2024-08-08'),
(718, 533, 2, 1, 43, 5, 'SE RECIBE SUJETO A REVISION', '2024-08-08'),
(719, 645, 1, 2, 1, 9, 'SE REQUIERE EN EL AREA', '2024-08-08'),
(720, 646, 1, 2, 10, 9, 'SE REQUIEREN EN EL AREA', '2024-08-08'),
(721, 443, 1, 2, 2, 10, 'LO REQUIERE EN SU AREA', '2024-08-08'),
(722, 575, 1, 2, 1, 10, 'SE REQUIERE EN SU AREA', '2024-08-08'),
(723, 577, 1, 2, 1, 8, 'se requiere en el area', '2024-08-09'),
(724, 256, 1, 2, 1, 8, 'Se requiere en el area', '2024-08-13'),
(725, 344, 1, 2, 1, 8, 'Se requiere en el area', '2024-08-13'),
(726, 137, 1, 2, 1, 8, 'Se requiere en el area', '2024-08-13'),
(727, 326, 1, 2, 1, 8, 'Los requiere', '2024-08-14'),
(728, 309, 2, 1, 41, 5, 'SE RECIBE SUJETO A REVISION', '2024-08-14'),
(729, 308, 2, 1, 41, 5, 'SE RECIBE SUJETO  REVISION', '2024-08-14'),
(730, 538, 2, 1, 40, 5, 'SE RECIBE SUJETO  REVISION', '2024-08-14'),
(731, 355, 2, 1, 40, 5, 'SE RECIBE SUJETO  REVISION', '2024-08-14'),
(732, 556, 2, 1, 40, 5, 'SE RECIBE SUJETO  REVISION', '2024-08-14'),
(733, 543, 2, 1, 75, 5, 'SE RECIBE SUJETO  REVISION', '2024-08-14'),
(734, 543, 1, 3, 75, 1, 'requerido', '2024-08-19'),
(735, 88, 1, 2, 5, 9, 'se requiere en el area', '2024-08-19'),
(736, 493, 2, 1, 24, 5, 'se recibe sujetoa revision', '2024-08-19'),
(737, 536, 2, 1, 25, 5, 'se recibe sujeto a revision', '2024-08-19'),
(738, 262, 2, 1, 25, 5, 'se recibe sujeto a revision', '2024-08-19'),
(739, 376, 2, 1, 25, 5, 'se recibe sujeto a revision', '2024-08-19'),
(740, 539, 2, 1, 25, 5, 'se recibe sujeto a revision', '2024-08-19'),
(741, 311, 2, 1, 25, 5, 'se recibe sujeto a revision', '2024-08-19'),
(742, 248, 2, 1, 50, 5, 'se recibe sujeto a revision', '2024-08-19'),
(743, 322, 2, 1, 25, 5, 'se recibe sujeto a revision', '2024-08-19'),
(744, 546, 2, 1, 25, 5, 'se recibe sujeto a revision', '2024-08-19'),
(745, 506, 2, 1, 25, 5, 'se recibe sujeto a revision', '2024-08-19'),
(746, 537, 2, 1, 25, 5, 'se recibe sujeto a revision', '2024-08-19'),
(747, 547, 2, 1, 25, 5, 'se recibe sujeto a revision', '2024-08-19'),
(748, 535, 2, 1, 50, 5, 'se recibe sujeto a revision', '2024-08-19'),
(749, 530, 2, 1, 25, 5, 'se recibe sujeto a revision', '2024-08-19'),
(750, 505, 2, 3, 50, 5, 'se recibe sujeto a revision', '2024-08-19'),
(751, 321, 2, 1, 25, 5, 'se recibe sujeto a revision', '2024-08-19'),
(752, 500, 2, 1, 25, 5, 'se recibe sujeto a revision', '2024-08-19'),
(753, 362, 2, 1, 8, 5, 'se recibe sujeto a revision', '2024-08-19'),
(754, 361, 2, 1, 16, 5, 'se recibe sujeto a revision', '2024-08-19'),
(755, 363, 2, 1, 50, 5, 'se recibe sujeto a revision', '2024-08-19'),
(756, 596, 1, 2, 1, 8, 'SE REQUIERE EN EL AREA', '2024-08-19'),
(757, 360, 2, 1, 25, 5, 'SE RECIBE SUJETO A REVISION', '2024-08-19'),
(758, 307, 2, 1, 25, 5, 'SE RECIBE SUJETO A REVISION', '2024-08-19'),
(759, 64, 1, 2, 1, 7, 'Se requiere en el area', '2024-08-20'),
(760, 555, 2, 1, 50, 5, 'Se reciben sujeto a revision', '2024-08-22'),
(761, 554, 2, 1, 50, 5, 'Se reciben sujeto a revision', '2024-08-22'),
(762, 48, 1, 2, 1, 8, 'Se requiere en el area', '2024-08-22'),
(763, 563, 1, 2, 1, 9, 'Se requiere', '2024-08-22'),
(764, 48, 1, 2, 1, 9, 'se requiere', '2024-08-22'),
(765, 534, 2, 1, 26, 5, 'Se reciben sujeto a revision', '2024-08-23'),
(766, 245, 2, 1, 50, 5, 'Se recibe sujeto a revision', '2024-08-23'),
(767, 260, 2, 1, 25, 5, 'Se reciben sujeto a revision', '2024-08-23'),
(768, 261, 2, 1, 100, 5, 'Se reciben sujeto a revision', '2024-08-23'),
(769, 306, 2, 1, 100, 5, 'Se reciben sujeto a revision', '2024-08-23'),
(770, 530, 2, 1, 25, 5, 'Se reciben sujeto a revision', '2024-08-23'),
(771, 83, 1, 2, 5, 8, 'se requieren en el area', '2024-08-26'),
(772, 329, 1, 2, 1, 7, 'se requiere', '2024-08-26'),
(773, 67, 1, 2, 1, 9, 'se requiere en el area', '2024-08-27'),
(774, 424, 1, 3, 3, 6, 'Se llevan con Dr. van der plas', '2024-08-28'),
(775, 589, 1, 3, 2, 6, 'Se usan para equipos de van der plas', '2024-08-28'),
(776, 590, 1, 3, 2, 6, 'Se utilizan en equipos de van der plas', '2024-08-28'),
(777, 327, 1, 2, 1, 9, 'se requiere', '2024-08-28'),
(778, 534, 3, 8, 26, 1, 'SE OCUPO EN ENSABLE LOTE 1', '2024-08-28'),
(779, 534, 1, 3, 25, 1, 'PARA ENSAMBLE', '2024-08-28'),
(780, 72, 1, 2, 1, 8, 'LO REQUIERE', '2024-08-28'),
(782, 397, 1, 3, 100, 1, 'se requieren para ensamble', '2024-08-29'),
(783, 367, 1, 3, 1, 8, 'se requiere', '2024-08-29'),
(784, 367, 1, 2, 1, 8, 'se requiere', '2024-08-29'),
(785, 255, 1, 2, 1, 8, 'se requiere', '2024-08-29'),
(786, 629, 1, 3, 1, 1, 'lo requiere', '2024-08-30'),
(787, 531, 1, 3, 10, 1, 'se requiere', '2024-08-30'),
(788, 421, 1, 3, 10, 3, 'se requieren', '2024-08-30'),
(789, 115, 1, 2, 1, 8, 'se requiere', '2024-08-30'),
(790, 364, 2, 1, 75, 5, 'se reciben sujeto a revision', '2024-08-30'),
(791, 364, 1, 3, 75, 1, 'para ensamble', '2024-08-31'),
(792, 264, 1, 3, 40, 3, 'se requirieron extra', '2024-09-01'),
(793, 507, 1, 3, 4, 1, 'se requiere', '2024-09-01'),
(794, 561, 1, 3, 14, 1, 'se require extra', '2024-09-01'),
(795, 352, 1, 3, 4, 3, 'extra', '2024-09-01'),
(796, 352, 1, 3, 4, 1, 'extra', '2024-09-01'),
(797, 359, 1, 3, 4, 3, 'extra', '2024-09-01'),
(798, 97, 1, 2, 1, 8, 'se requiere', '2024-09-02'),
(799, 589, 1, 3, 4, 1, 'para empaque', '2024-09-03'),
(800, 590, 1, 3, 4, 1, 'para empaque', '2024-09-03'),
(801, 424, 1, 3, 4, 1, 'para empaque', '2024-09-03'),
(802, 347, 1, 2, 1, 7, 'se requiere', '2024-09-03'),
(803, 119, 1, 2, 1, 7, 'Se requiere en el area', '2024-09-03'),
(804, 369, 1, 2, 1, 8, 'se requiere en el area', '2024-09-03'),
(805, 316, 1, 2, 1, 7, 'se requiere', '2024-09-03'),
(806, 353, 1, 2, 1, 9, 'PARA PRUEBAS', '2024-09-04'),
(807, 358, 1, 3, 1, 6, 'PARA PRUEBAS', '2024-09-04'),
(808, 48, 1, 2, 1, 7, 'Se requiere', '2024-09-05'),
(809, 576, 1, 2, 1, 8, 'se requiere en el area', '2024-09-05'),
(810, 575, 1, 2, 1, 8, 'se requiere en el area', '2024-09-05'),
(811, 633, 1, 2, 1, 7, 'prueba', '2024-09-08'),
(812, 633, 2, 1, 1, 7, 'prueba', '2024-09-08'),
(813, 48, 1, 2, 1, 8, 'se requiere en el area', '2024-09-09'),
(814, 589, 1, 3, 16, 4, 'para empaque', '2024-09-09'),
(815, 549, 1, 3, 18, 1, 'para empaque', '2024-09-09'),
(816, 548, 1, 3, 18, 1, 'para empaque', '2024-09-09'),
(817, 590, 1, 3, 18, 1, 'para empaque', '2024-09-09'),
(818, 424, 1, 3, 15, 1, 'para empaque', '2024-09-09'),
(819, 489, 1, 3, 25, 1, 'ensamble', '2024-09-09'),
(820, 473, 1, 3, 50, 1, 'ensamble', '2024-09-09'),
(821, 353, 1, 3, 50, 1, 'ensamble', '2024-09-09'),
(822, 503, 1, 3, 25, 1, 'ensamble', '2024-09-09'),
(823, 499, 1, 3, 25, 1, 'se requiere', '2024-09-09'),
(824, 248, 1, 3, 50, 1, 'ensamble', '2024-09-09'),
(825, 472, 1, 3, 25, 1, 'ensamble', '2024-09-09'),
(826, 531, 1, 3, 25, 1, 'ensamble', '2024-09-09'),
(827, 379, 1, 3, 26, 1, 'para empezar a armar lote 3', '2024-09-10'),
(828, 354, 1, 3, 17, 1, 'para iniciar ensamble lote 3', '2024-09-10'),
(829, 492, 1, 3, 25, 1, 'para ensamble lote 3', '2024-09-11'),
(830, 452, 1, 3, 1, 3, 'Se requiere en el area', '2024-09-11'),
(831, 483, 1, 32, 37, 6, 'se van 30 para pintura y 7 a reproceso', '2024-09-11'),
(832, 649, 1, 2, 10, 10, 'SE REQUIEREN EN EL AREA', '2024-09-12'),
(833, 388, 1, 2, 10, 9, 'Se requiere en el area', '2024-09-12'),
(834, 388, 2, 9, 10, 9, 'Se descartan por uso', '2024-09-12'),
(835, 643, 1, 37, 100, 1, 'SE OCUPARON EN ENSAMBLE', '2024-09-12'),
(836, 589, 1, 3, 1, 6, 'SE PRESTA PARA MOSTRAR', '2024-09-17'),
(837, 418, 1, 2, 1, 9, 'SE REQUIERE EN EL AREA', '2024-09-17'),
(838, 633, 1, 2, 1, 7, 'Se requiere en el area', '2024-09-18'),
(839, 653, 1, 2, 1, 10, 'Se requiere en el area', '2024-09-18'),
(840, 657, 1, 2, 1, 10, 'Se requiere en el area', '2024-09-18'),
(841, 367, 1, 2, 2, 9, 'se requieren', '2024-09-19'),
(842, 50, 1, 2, 1, 3, 'SE REQUIERE', '2024-09-20'),
(843, 130, 1, 2, 1, 10, 'SE REQUIEREN', '2024-09-20'),
(844, 492, 1, 3, 2, 1, 'SE REQUIEREN PARA CAMBIO DE BASE EN ARMADO DE EQUIPOS DEL 20-09-2024', '2024-09-20');

-- --------------------------------------------------------

--
-- Estructura de tabla para la tabla `notas_entrada`
--

CREATE TABLE `notas_entrada` (
  `id_nota_entrada` int(11) NOT NULL,
  `numero_nota_entrada` varchar(255) NOT NULL,
  `fecha` date NOT NULL DEFAULT current_timestamp(),
  `id_proveedor` int(11) NOT NULL,
  `id_empleado` int(11) NOT NULL
) ENGINE=InnoDB DEFAULT CHARSET=utf8mb4 COLLATE=utf8mb4_general_ci;

--
-- Volcado de datos para la tabla `notas_entrada`
--

INSERT INTO `notas_entrada` (`id_nota_entrada`, `numero_nota_entrada`, `fecha`, `id_proveedor`, `id_empleado`) VALUES
(1, 'NE-00000004', '2024-05-16', 3, 5),
(21, 'NE-00000005', '2024-05-16', 18, 5),
(22, 'NE-00000061', '2024-05-20', 25, 5),
(23, 'NE-00000062', '2024-05-20', 12, 5),
(24, 'NE-00000063', '2024-05-20', 31, 5),
(25, 'NE-00000064', '2024-05-21', 11, 5),
(26, 'NE-00000065', '2024-05-21', 11, 5),
(27, 'NE-00000066', '2024-05-21', 2, 5),
(28, 'NE-00000067', '2024-05-21', 3, 1),
(29, 'NE-00000068', '2024-05-29', 1, 5),
(30, 'NE-00000069', '2024-06-03', 29, 5),
(31, 'NE-00000070', '2024-06-03', 11, 5),
(32, 'NE-00000071', '2024-06-03', 1, 5),
(33, 'NE-00000072', '2024-06-03', 1, 5),
(34, 'NE-00000073', '2024-06-04', 13, 5),
(35, 'NE-00000074', '2024-06-06', 11, 5),
(36, 'NE-00000075', '2024-06-06', 5, 5),
(37, 'NE-00000076', '2024-06-07', 2, 5),
(38, 'NE-00000077', '2024-06-07', 2, 5),
(39, 'NE-00000078', '2024-06-07', 1, 5),
(40, 'NE-00000079', '2024-06-12', 35, 5),
(41, 'NE-00000080', '2024-06-13', 11, 5),
(42, 'NE-00000081', '2024-06-14', 11, 5),
(43, 'NE-00000082', '2024-06-17', 17, 5),
(44, 'NE-00000083', '2024-06-17', 38, 5),
(45, 'NE-00000084', '2024-06-18', 11, 5),
(46, 'NE-00000085', '2024-06-18', 11, 5),
(47, 'NE-00000086', '2024-06-19', 13, 5),
(48, 'NE-00000087', '2024-06-24', 33, 5),
(49, 'NE-00000088', '2024-06-26', 11, 5),
(50, 'NE-00000089', '2024-06-26', 19, 5),
(51, 'NE-00000090', '2024-06-27', 41, 5),
(52, 'NE-00000091', '2024-07-03', 37, 5),
(53, 'NE-00000092', '2024-07-08', 36, 5),
(54, 'NE-00000093', '2024-07-11', 42, 5),
(55, 'NE-00000094', '2024-07-16', 2, 5),
(56, 'NE-00000095', '2024-07-17', 43, 5),
(57, 'NE-00000096', '2024-07-19', 1, 5),
(58, 'NE-00000097', '2024-07-19', 43, 5),
(59, 'NE-00000098', '2024-07-22', 17, 5),
(60, 'NE-00000099', '2024-07-24', 2, 5),
(61, 'NE-00000100', '2024-07-24', 2, 5),
(62, 'NE-00000101', '2024-07-26', 17, 5),
(64, 'NE-00000102', '2024-07-30', 11, 5),
(65, 'NE-00000103', '2024-07-31', 11, 5),
(66, 'NE-00000104', '2024-08-05', 25, 5),
(67, 'NE-00000105', '2024-08-05', 2, 5),
(68, 'NE-00000106', '2024-08-07', 11, 5),
(69, 'NE-00000107', '2024-08-08', 2, 5),
(70, 'NE-00000108', '2024-08-08', 2, 5),
(71, 'NE-00000109', '2024-08-19', 11, 5),
(72, 'NE-00000110', '2024-08-20', 13, 5),
(73, 'NE-00000111', '2024-09-04', 19, 5),
(74, 'NE-00000112', '2024-09-04', 19, 5),
(75, 'NE-00000113', '2024-09-04', 19, 5),
(76, 'NE-00000114', '2024-09-04', 19, 5),
(77, 'NE-00000115', '2024-09-12', 11, 5),
(78, 'NE-00000116', '2024-09-12', 2, 5),
(79, 'NE-00000117', '2024-09-17', 52, 5),
(80, 'NE-00000118', '2024-09-18', 2, 5),
(81, 'NE-00000119', '2024-09-18', 2, 5),
(82, 'NE-00000120', '2024-09-19', 29, 5);

-- --------------------------------------------------------

--
-- Estructura de tabla para la tabla `numeros_lote`
--

CREATE TABLE `numeros_lote` (
  `id_numero_lote` int(11) NOT NULL,
  `numero_lote` varchar(50) NOT NULL,
  `fecha_registro` date NOT NULL DEFAULT current_timestamp()
) ENGINE=InnoDB DEFAULT CHARSET=utf8mb4 COLLATE=utf8mb4_spanish2_ci;

--
-- Volcado de datos para la tabla `numeros_lote`
--

INSERT INTO `numeros_lote` (`id_numero_lote`, `numero_lote`, `fecha_registro`) VALUES
(1, '06V24-06VI24-0001', '2024-05-06'),
(2, '05VI24-11VII24-0002', '2024-07-04'),
(3, '15VII24-14VIII24-0003', '2024-08-05'),
(4, '15VIII24-13IX24-0004', '2024-09-03');

-- --------------------------------------------------------

--
-- Estructura de tabla para la tabla `numeros_serie`
--

CREATE TABLE `numeros_serie` (
  `id_numero_serie` int(11) NOT NULL,
  `numero_serie` varchar(50) NOT NULL,
  `fecha_registro` date NOT NULL DEFAULT current_timestamp(),
  `id_numero_lote` int(11) NOT NULL,
  `aprobado` tinyint(1) NOT NULL DEFAULT 1
) ENGINE=InnoDB DEFAULT CHARSET=utf8mb4 COLLATE=utf8mb4_spanish2_ci;

--
-- Volcado de datos para la tabla `numeros_serie`
--

INSERT INTO `numeros_serie` (`id_numero_serie`, `numero_serie`, `fecha_registro`, `id_numero_lote`, `aprobado`) VALUES
(1, 'PTARC001-5-0001', '2024-06-20', 1, 1),
(2, 'PTARC001-5-0002', '2024-06-20', 1, 1),
(3, 'PTARC001-5-0003', '2024-06-20', 1, 1),
(4, 'PTARC001-5-0004', '2024-06-20', 1, 1),
(5, 'PTARC001-5-0005', '2024-06-20', 1, 1),
(6, 'PTARC001-5-0006', '2024-06-20', 1, 1),
(7, 'PTARC001-5-0007', '2024-06-20', 1, 1),
(8, 'PTARC001-5-0008', '2024-06-20', 1, 1),
(9, 'PTARC001-5-0009', '2024-06-20', 1, 1),
(10, 'PTARC001-5-0010', '2024-06-20', 1, 1),
(11, 'PTARC001-5-0011', '2024-06-20', 1, 1),
(12, 'PTARC001-5-0012', '2024-06-20', 1, 0),
(13, 'PTARC001-5-0013', '2024-07-04', 2, 1),
(14, 'PTARC001-5-0014', '2024-07-04', 2, 1),
(15, 'PTARC001-5-0015', '2024-07-04', 2, 1),
(16, 'PTARC001-5-0016', '2024-07-04', 2, 1),
(17, 'PTARC001-5-0017', '2024-07-04', 2, 1),
(18, 'PTARC001-5-0018', '2024-07-04', 2, 1),
(19, 'PTARC001-5-0019', '2024-07-04', 2, 1),
(20, 'PTARC001-5-0020', '2024-07-04', 2, 1),
(21, 'PTARC001-5-0021', '2024-07-04', 2, 1),
(22, 'PTARC001-5-0022', '2024-07-04', 2, 1),
(23, 'PTARC001-5-0023', '2024-07-04', 2, 1),
(24, 'PTARC001-5-0024', '2024-07-04', 2, 1),
(25, 'PTARC001-5-0025', '2024-07-04', 2, 1),
(26, 'PTARC001-5-0026', '2024-07-04', 2, 1),
(27, 'PTARC001-5-0027', '2024-07-04', 2, 1),
(28, 'PTARC001-5-0028', '2024-07-04', 2, 1),
(29, 'PTARC001-5-0029', '2024-07-04', 2, 1),
(30, 'PTARC001-5-0030', '2024-07-04', 2, 1),
(31, 'PTARC001-5-0031', '2024-07-04', 2, 1),
(32, 'PTARC001-5-0032', '2024-07-04', 2, 1),
(33, 'PTARC001-5-0033', '2024-08-15', 3, 1),
(34, 'PTARC001-5-0034', '2024-08-15', 3, 1),
(35, 'PTARC001-5-0035', '2024-09-03', 3, 0),
(36, 'PTARC001-5-0036', '2024-09-03', 3, 0),
(37, 'PTARC001-5-0037', '2024-09-03', 3, 0),
(38, 'PTARC001-5-0038', '2024-09-03', 3, 0),
(39, 'PTARC001-5-0039', '2024-09-03', 3, 0),
(40, 'PTARC001-5-0040', '2024-09-03', 3, 0),
(41, 'PTARC001-5-0041', '2024-09-03', 3, 0),
(42, 'PTARC001-5-0042', '2024-09-03', 3, 0),
(43, 'PTARC001-5-0043', '2024-09-03', 3, 0),
(44, 'PTARC001-5-0044', '2024-09-03', 3, 0),
(45, 'PTARC001-5-0045', '2024-09-03', 3, 0),
(46, 'PTARC001-5-0046', '2024-09-03', 3, 0),
(47, 'PTARC001-5-0047', '2024-09-03', 3, 0),
(48, 'PTARC001-5-0048', '2024-09-03', 3, 0),
(49, 'PTARC001-5-0049', '2024-09-03', 3, 0),
(50, 'PTARC001-5-0050', '2024-09-03', 3, 0),
(51, 'PTARC001-5-0051', '2024-09-03', 3, 0),
(52, 'PTARC001-5-0052', '2024-09-03', 3, 0),
(53, 'PTARC001-5-0053', '2024-09-03', 4, 0),
(54, 'PTARC001-5-0054', '2024-09-03', 4, 0),
(55, 'PTARC001-5-0055', '2024-09-03', 4, 0),
(56, 'PTARC001-5-0056', '2024-09-03', 4, 0),
(57, 'PTARC001-5-0057', '2024-09-03', 4, 0),
(58, 'PTARC001-5-0058', '2024-09-03', 4, 0),
(59, 'PTARC001-5-0059', '2024-09-03', 4, 0),
(60, 'PTARC001-5-0060', '2024-09-03', 4, 0),
(61, 'PTARC001-5-0061', '2024-09-03', 4, 0),
(62, 'PTARC001-5-0062', '2024-09-03', 4, 0);

-- --------------------------------------------------------

--
-- Estructura de tabla para la tabla `ordenes_compra`
--

CREATE TABLE `ordenes_compra` (
  `id_orden_compra` int(11) NOT NULL,
  `numero_orden` varchar(20) DEFAULT NULL,
  `fecha` date DEFAULT current_timestamp(),
  `id_proveedor` int(11) DEFAULT NULL,
  `id_moneda` int(11) NOT NULL,
  `id_empleado` int(11) NOT NULL,
  `id_catusoscfdi` int(11) NOT NULL,
  `id_catmetodospago` int(11) NOT NULL
) ENGINE=InnoDB DEFAULT CHARSET=utf8mb4 COLLATE=utf8mb4_spanish2_ci;

--
-- Volcado de datos para la tabla `ordenes_compra`
--

INSERT INTO `ordenes_compra` (`id_orden_compra`, `numero_orden`, `fecha`, `id_proveedor`, `id_moneda`, `id_empleado`, `id_catusoscfdi`, `id_catmetodospago`) VALUES
(1, 'JJHJ', '2024-02-12', 4, 1, 6, 1, 1),
(2, 'ROC-00000001', '2024-02-14', 2, 1, 6, 1, 1),
(3, 'ROC-00000002', '2024-02-16', 2, 1, 6, 1, 1),
(4, 'ROC-00000003', '2024-03-20', 2, 1, 6, 1, 1),
(5, 'ROC-00000004', '2024-04-03', 16, 1, 6, 1, 1),
(6, 'ROC-00000047', '2024-04-03', 2, 1, 6, 1, 1),
(7, 'ROC-00000048', '2024-04-11', 11, 2, 6, 1, 1),
(8, 'ROC-00000049', '2024-04-12', 18, 1, 6, 1, 1),
(9, 'ROC-00000050', '2024-04-15', 17, 1, 6, 1, 1),
(10, 'ROC-00000051', '2024-04-15', 17, 1, 6, 1, 1),
(11, 'ROC-00000052', '2024-04-16', 23, 1, 6, 1, 1),
(12, 'ROC-00000053', '2024-04-16', 2, 1, 6, 1, 1),
(13, 'ROC-00000054', '2024-04-16', 11, 2, 6, 1, 1),
(14, 'ROC-00000055', '2024-04-17', 2, 1, 6, 1, 1),
(15, 'ROC-00000056', '2024-04-17', 11, 2, 6, 1, 1),
(16, 'ROC-00000057', '2024-04-23', 2, 1, 6, 1, 1),
(17, 'ROC-00000058', '2024-04-23', 1, 1, 6, 1, 1),
(18, 'ROC-00000059', '2024-04-24', 1, 1, 6, 1, 1),
(19, 'ROC-00000060', '2024-04-25', 1, 1, 10, 1, 1),
(20, 'ROC-00000061', '2024-04-30', 13, 1, 6, 1, 1),
(21, 'ROC-00000062', '2024-05-02', 1, 1, 9, 1, 1),
(22, 'ROC-00000063', '2024-05-03', 27, 1, 9, 1, 1),
(23, 'ROC-00000064', '2024-05-03', 28, 1, 5, 1, 1),
(24, 'ROC-00000065', '2024-05-06', 5, 1, 5, 1, 1),
(26, 'ROC-00000067', '2024-05-13', 31, 1, 3, 1, 1),
(27, 'ROC-00000068', '2024-05-13', 15, 1, 6, 1, 1),
(28, 'ROC-00000069', '2024-05-13', 25, 1, 6, 1, 1),
(29, 'ROC-00000070', '2024-05-14', 19, 1, 6, 1, 1),
(30, 'ROC-00000071', '2024-05-14', 13, 1, 6, 1, 1),
(31, 'ROC-00000072', '2024-05-14', 1, 1, 10, 1, 1),
(32, 'ROC-00000073', '2024-05-20', 1, 1, 10, 1, 1),
(33, 'ROC-00000074', '2024-05-29', 1, 1, 10, 1, 1),
(34, 'ROC-00000075', '2024-05-29', 13, 1, 5, 1, 1),
(35, 'ROC-00000076', '2024-06-03', 1, 1, 10, 1, 1),
(36, 'ROC-00000077', '2024-06-04', 33, 1, 6, 1, 1),
(37, 'ROC-00000078', '2024-06-05', 19, 1, 6, 1, 1),
(38, 'ROC-00000079', '2024-06-10', 33, 1, 6, 1, 1),
(39, 'ROC-00000080', '2024-06-10', 35, 1, 5, 1, 1),
(40, 'ROC-00000081', '2024-06-11', 36, 1, 5, 1, 1),
(41, 'ROC-00000082', '2024-06-11', 37, 1, 5, 1, 1),
(42, 'ROC-00000083', '2024-06-11', 38, 1, 5, 1, 1),
(43, 'ROC-00000084', '2024-06-13', 13, 1, 5, 1, 1),
(44, 'ROC-00000085', '2024-06-20', 16, 1, 6, 1, 1),
(45, 'ROC-00000086', '2024-06-21', 41, 1, 6, 1, 1),
(46, 'ROC-00000087', '2024-07-01', 26, 1, 6, 1, 1),
(49, 'ROC-00000088', '2024-07-03', 36, 1, 5, 1, 1),
(50, 'ROC-00000089', '2024-07-03', 36, 1, 5, 1, 1),
(51, 'ROC-00000090', '2024-07-08', 19, 1, 6, 1, 1),
(52, 'ROC-00000091', '2024-07-11', 42, 1, 6, 3, 1),
(53, 'ROC-00000092', '2024-07-12', 1, 1, 10, 1, 2),
(54, 'ROC-00000093', '2024-07-15', 15, 1, 6, 3, 1),
(55, 'ROC-00000094', '2024-07-17', 44, 1, 6, 1, 2),
(56, 'ROC-00000095', '2024-07-31', 25, 1, 5, 1, 1),
(57, 'ROC-00000096', '2024-08-01', 19, 1, 6, 1, 2),
(58, 'ROC-00000097', '2024-08-01', 13, 1, 5, 1, 2),
(59, 'ROC-00000098', '2024-08-08', 19, 1, 6, 1, 1),
(60, 'ROC-00000099', '2024-08-08', 19, 1, 6, 1, 1),
(61, 'ROC-00000100', '2024-09-04', 1, 1, 10, 1, 2),
(62, 'ROC-00000101', '2024-09-10', 52, 1, 5, 1, 1),
(63, 'ROC-00000102', '2024-09-12', 14, 1, 6, 1, 1),
(64, 'ROC-00000103', '2024-09-17', 1, 1, 10, 1, 2),
(65, 'ROC-00000104', '2024-09-18', 52, 1, 6, 1, 1),
(66, 'ROC-00000105', '2024-09-19', 29, 1, 10, 1, 1),
(67, 'ROC-00000106', '2024-09-19', 1, 1, 9, 1, 2),
(68, 'ROC-00000107', '2024-09-19', 16, 1, 5, 3, 2);

-- --------------------------------------------------------

--
-- Estructura de tabla para la tabla `ordenes_gasto`
--

CREATE TABLE `ordenes_gasto` (
  `id_orden_gasto` int(11) NOT NULL,
  `numero_orden` varchar(20) NOT NULL,
  `fecha` date NOT NULL DEFAULT current_timestamp(),
  `id_proveedor` int(11) NOT NULL,
  `id_moneda` int(11) NOT NULL,
  `id_empleado` int(11) NOT NULL,
  `id_catusoscfdi` int(11) NOT NULL,
  `id_catmetodospago` int(11) NOT NULL
) ENGINE=InnoDB DEFAULT CHARSET=utf8mb4 COLLATE=utf8mb4_general_ci;

--
-- Volcado de datos para la tabla `ordenes_gasto`
--

INSERT INTO `ordenes_gasto` (`id_orden_gasto`, `numero_orden`, `fecha`, `id_proveedor`, `id_moneda`, `id_empleado`, `id_catusoscfdi`, `id_catmetodospago`) VALUES
(1, 'ROG-00000001', '2024-04-23', 4, 1, 2, 1, 1),
(2, 'ROG-00000002', '2024-04-24', 11, 2, 10, 1, 1),
(3, 'ROG-00000003', '2024-04-29', 17, 1, 5, 1, 1),
(4, 'ROG-00000004', '2024-04-30', 2, 2, 9, 1, 1),
(5, 'ROG-00000065', '2024-05-07', 29, 1, 6, 1, 1),
(6, 'ROG-00000066', '2024-05-08', 30, 1, 6, 1, 1),
(7, 'ROG-00000067', '2024-05-08', 25, 1, 6, 1, 1),
(8, 'ROG-00000068', '2024-05-08', 12, 1, 6, 1, 1),
(9, 'ROG-00000069', '2024-05-10', 2, 1, 8, 1, 1),
(10, 'ROG-00000070', '2024-05-13', 11, 2, 10, 1, 1),
(11, 'ROG-00000071', '2024-05-14', 2, 1, 1, 1, 1),
(12, 'ROG-00000072', '2024-05-14', 2, 2, 10, 1, 1),
(13, 'ROG-00000073', '2024-05-14', 17, 1, 1, 1, 1),
(14, 'ROG-00000074', '2024-05-21', 15, 1, 6, 1, 1),
(15, 'ROG-00000075', '2024-05-29', 2, 1, 10, 1, 1),
(16, 'ROG-00000076', '2024-05-29', 11, 2, 9, 1, 1),
(17, 'ROG-00000077', '2024-05-31', 32, 1, 10, 1, 1),
(18, 'ROG-00000078', '2024-06-06', 5, 1, 5, 1, 1),
(19, 'ROG-00000079', '2024-06-10', 17, 1, 5, 1, 1),
(20, 'ROG-00000080', '2024-06-10', 11, 2, 10, 1, 1),
(21, 'ROG-00000081', '2024-06-10', 11, 2, 10, 1, 1),
(22, 'ROG-00000082', '2024-06-14', 11, 2, 1, 1, 1),
(23, 'ROG-00000083', '2024-07-01', 2, 1, 8, 1, 1),
(24, 'ROG-00000084', '2024-07-01', 2, 2, 10, 1, 1),
(25, 'ROG-00000085', '2024-07-01', 2, 2, 10, 1, 1),
(26, 'ROG-00000086', '2024-07-03', 36, 1, 5, 1, 1),
(27, 'ROG-00000087', '2024-07-11', 43, 1, 5, 3, 1),
(28, 'ROG-00000088', '2024-07-15', 11, 2, 10, 3, 2),
(29, 'ROG-00000089', '2024-07-15', 43, 1, 9, 3, 1),
(30, 'ROG-00000090', '2024-07-17', 49, 1, 6, 3, 2),
(31, 'ROG-00000091', '2024-07-17', 43, 1, 5, 3, 1),
(32, 'ROG-00000092', '2024-07-18', 17, 1, 5, 3, 1),
(33, 'ROG-00000093', '2024-07-24', 2, 2, 9, 3, 2),
(34, 'ROG-00000094', '2024-07-24', 11, 2, 9, 3, 2),
(35, 'ROG-00000095', '2024-07-26', 13, 1, 5, 3, 1),
(36, 'ROG-00000096', '2024-07-29', 2, 2, 9, 3, 2),
(37, 'ROG-00000097', '2024-07-30', 17, 1, 1, 3, 1),
(38, 'ROG-00000098', '2024-07-31', 2, 1, 10, 3, 2),
(39, 'ROG-00000099', '2024-07-31', 2, 2, 7, 3, 2),
(40, 'ROG-00000100', '2024-08-08', 17, 1, 5, 3, 1),
(41, 'ROG-00000101', '2024-08-21', 38, 1, 5, 3, 1),
(42, 'ROG-00000102', '2024-08-22', 2, 2, 10, 3, 2),
(43, 'ROG-00000103', '2024-09-04', 2, 1, 10, 3, 2),
(44, 'ROG-00000104', '2024-09-04', 2, 2, 10, 3, 2),
(45, 'ROG-00000105', '2024-09-04', 18, 1, 5, 3, 1),
(46, 'ROG-00000106', '2024-09-04', 11, 2, 10, 3, 2),
(48, 'ROG-00000107', '2024-09-12', 2, 1, 10, 3, 2),
(49, 'ROG-00000108', '2024-09-19', 2, 1, 10, 3, 2);

-- --------------------------------------------------------

--
-- Estructura de tabla para la tabla `permisos`
--

CREATE TABLE `permisos` (
  `id_permiso` int(11) NOT NULL,
  `nombre_permiso` varchar(50) NOT NULL
) ENGINE=InnoDB DEFAULT CHARSET=utf8mb4 COLLATE=utf8mb4_general_ci;

--
-- Volcado de datos para la tabla `permisos`
--

INSERT INTO `permisos` (`id_permiso`, `nombre_permiso`) VALUES
(1, 'Admin'),
(2, 'Consulta');

-- --------------------------------------------------------

--
-- Estructura de tabla para la tabla `productos`
--

CREATE TABLE `productos` (
  `id_producto` int(11) NOT NULL,
  `codigo_producto` varchar(50) NOT NULL,
  `nombre_producto` varchar(1000) NOT NULL,
  `ubicacion` varchar(255) NOT NULL,
  `precio` decimal(10,2) NOT NULL,
  `stock` int(11) NOT NULL,
  `fecha_registro` datetime NOT NULL DEFAULT current_timestamp(),
  `id_categoria` int(11) NOT NULL,
  `id_proveedor` int(11) NOT NULL,
  `id_unidad` int(11) NOT NULL,
  `id_moneda` int(11) NOT NULL,
  `url_imagen` varchar(255) DEFAULT NULL,
  `id_subcategoria` int(11) NOT NULL,
  `stock_deseado` int(11) DEFAULT NULL,
  `status` tinyint(1) DEFAULT 1
) ENGINE=InnoDB DEFAULT CHARSET=utf8mb4 COLLATE=utf8mb4_general_ci;

--
-- Volcado de datos para la tabla `productos`
--

INSERT INTO `productos` (`id_producto`, `codigo_producto`, `nombre_producto`, `ubicacion`, `precio`, `stock`, `fecha_registro`, `id_categoria`, `id_proveedor`, `id_unidad`, `id_moneda`, `url_imagen`, `id_subcategoria`, `stock_deseado`, `status`) VALUES
(1, 'H-0001', 'Avellanador 1/4\" 1/4\"', 'HM3-7', '150.00', 6, '2024-01-08 00:00:00', 3, 2, 1, 1, 'avellanador1_4.jpg', 5, 2, 0),
(44, 'H-0002', 'Avellanador 1/2\" 3FLT 82', 'HM3-7', '1.00', 3, '2024-01-08 00:00:00', 3, 2, 1, 1, '652459c468854_IMG_20231009_134859_398[1].jpg', 5, 2, 1),
(45, 'H-0003', 'Boquilla ER-32', 'HM3-8', '1.00', 2, '2024-01-08 00:00:00', 3, 2, 1, 1, '65245e5e4adc8_IMG_20231009_135742_685[1].jpg', 5, 2, 1),
(47, 'H-0004', 'Cortador 211-270 3/4 4FL SQ EM', 'HM2-11', '980.00', 1, '2024-01-08 00:00:00', 3, 2, 1, 1, '65245f668b348_IMG_20231009_140439_159.jpg', 5, 2, 1),
(48, 'H-0005', 'Cortador De Carburo Solido Diametro 3/8, 3 Filos, AADE0375J3D KENNAMETAL', 'HM2-11', '800.00', 3, '2024-01-08 00:00:00', 3, 2, 1, 1, '65245fd9ed077_IMG_20231009_135542_237.jpg', 5, 4, 1),
(49, 'H-0006', 'Cortador SA-1FM 1/4 CYL', '', '650.00', 0, '2024-01-08 00:00:00', 3, 2, 1, 1, 'CORTADOR.jpg', 5, 2, 1),
(50, 'H-0007', 'Cuchilla E100 P7ACERO Y ALUMINIO', 'HM2-14', '1.00', 9, '2024-01-08 00:00:00', 3, 2, 1, 1, '652460811aecd_IMG_20231009_140404_883.jpg', 5, 2, 1),
(51, 'H-0008', 'Fresa de carburo de tungsteno clave 125 12,7 x 22,2 x 6,4 mm(1/2x7/8x1/4\")', 'HM2-14', '784.00', 2, '2024-01-08 00:00:00', 3, 2, 1, 1, 'FRESA.jpg', 5, 2, 1),
(53, 'H-0009', 'FRESA DE DOBLE CORTE DE CARBURO SH-5', 'HM2-14', '784.00', 1, '2024-01-08 00:00:00', 3, 2, 1, 1, '652461bd30ddf_IMG_20231009_140548_946.jpg', 5, 2, 1),
(54, 'H-0010', 'Fresa de doble corte para dremel SC-42 Double cut burr', 'HM2-14', '200.00', 4, '2024-01-08 00:00:00', 3, 2, 1, 1, '6524621ebb627_IMG_20231009_140321_551.jpg', 5, 2, 1),
(55, 'H-0011', 'Tarraja 1\" M6X1', 'HM3-7', '1.00', 1, '2024-01-08 00:00:00', 3, 2, 1, 1, '65246c8bd5430_IMG_20231009_140019_434.jpg', 5, 2, 1),
(56, 'H-0012', 'Tarraja 1\" M5X.8', 'HM3-7', '1.00', 1, '2024-01-08 00:00:00', 3, 2, 1, 1, '65246df03f3d9_IMG_20231009_140039_500.jpg', 5, 2, 1),
(57, 'H-0013', 'Tarraja 1\" M4X7', 'HM3-7', '1.00', 1, '2024-01-08 00:00:00', 3, 2, 1, 1, '65246e42c629b_IMG_20231009_140058_020.jpg', 5, 2, 1),
(58, 'H-0014', 'Tarraja 1\" M3X.5', 'HM3-7', '1.00', 1, '2024-01-08 00:00:00', 3, 2, 1, 1, '65246e9854526_IMG_20231009_140118_450.jpg', 5, 2, 1),
(59, 'H-0015', 'Machuelo Hy-Pro Helicoidal \"5303F 1/8 - 40 2B 3FL SEMICONICO', '', '0.00', 0, '2024-01-08 00:00:00', 0, 0, 0, 0, '', 5, 2, 1),
(60, 'H-0016', 'Machuelo OSG ROYCO 5303F 1/8 - 40 2B 3FL SEMICONICO', 'HM3-6', '1.00', 10, '2024-01-08 00:00:00', 3, 2, 1, 1, '652475de427e8_IMG_20231009_153018_560.jpg', 5, 2, 1),
(61, 'H-0017', 'Machuelo OSG ROYCO 5303F 3/16-24 2B 4FL SEMICONICO', 'HM3-6', '1.00', 4, '2024-01-08 00:00:00', 3, 2, 1, 1, '65247686b6266_IMG_20231009_152858_760.jpg', 5, 2, 1),
(63, 'H-0018', 'Machuelo OSG ROYCO 142 M3X0.5 D3 2S/P PLUG', 'HM2-20', '1.00', 11, '2024-01-08 00:00:00', 3, 2, 1, 1, '6524776535649_IMG_20231009_152807_827.jpg', 5, 2, 1),
(64, 'H-0019', 'Machuelo OSG ROYCO 5305N 10-24 2B 4FL SEMICONICO', 'HM3-6', '1.00', 9, '2024-01-08 00:00:00', 3, 2, 1, 1, '652478ecd5372_IMG_20231009_152338_555.jpg', 5, 2, 1),
(65, 'H-0020', 'Machuelo OSG ROYCO 5301N 10-24 2B 2S/P SEMICONICO', 'HM2-20', '1.00', 2, '2024-01-08 00:00:00', 3, 2, 1, 1, '65247a0aa1a16_IMG_20231009_152338_555.jpg', 5, 2, 1),
(67, 'H-0021', 'Machuelo OSG ROYCO 5303F 1/4-20 2B 4FL SEMICONICO', 'HM2-20', '1.00', 2, '2024-01-08 00:00:00', 3, 2, 1, 1, '65247a86be014_IMG_20231009_152858_760.jpg', 5, 2, 1),
(70, 'H-0022', 'Machuelo OSG ROYCO 5303F 3/8-16 2B 4FL SEMICONICO', 'HM3-6', '1.00', 2, '2024-01-08 00:00:00', 3, 2, 1, 1, '65247b763dce8_IMG_20231009_152442_711.jpg', 5, 2, 1),
(71, 'H-0023', 'Juego de Machuelo OSG ROYCO M5 X 0.8 6H', 'HM3-6', '486.00', 4, '2024-01-08 00:00:00', 3, 2, 1, 1, '65247bc62733f_IMG_20231009_152701_683.jpg', 5, 3, 1),
(72, 'H-0024', 'Juego de Machuelo OSG ROYCO M6 X1 6H', 'HM3-6', '513.00', 7, '2024-01-08 00:00:00', 3, 2, 1, 1, '65247c3f9dfa5_IMG_20231009_152645_816.jpg', 5, 3, 1),
(74, 'H-0025', 'Juego de Machuelo OSG ROYCO M4 X 0.7 6H', 'HM3-6', '486.00', 0, '2024-01-08 00:00:00', 3, 2, 1, 1, '65247cc3dc7f0_IMG_20231009_152544_434.jpg', 5, 3, 1),
(75, 'H-0026', 'Cortador R1.5X6X4X50L', 'HM3-9', '290.50', 1, '2024-01-08 00:00:00', 3, 2, 1, 1, '65247f7a95089_IMG-20231009-WA0001.jpg', 5, 2, 1),
(76, 'H-0027', 'Cortador R1.0X4X4X50L', 'HM3-9', '290.50', 1, '2024-01-08 00:00:00', 3, 2, 1, 1, '65247f8f4de19_IMG-20231009-WA0001.jpg', 5, 2, 1),
(77, 'H-0028', 'Cortador R0.75X3X4X50L', 'HM3-9', '290.50', 1, '2024-01-08 00:00:00', 3, 2, 1, 1, '65247fa445d75_IMG-20231009-WA0001.jpg', 5, 2, 1),
(80, 'H-0029', 'Cortador R2.0X8X4X50L', 'HM3-9', '1290.50', 1, '2024-01-08 00:00:00', 3, 2, 1, 1, '65247fda7de63_IMG-20231009-WA0001.jpg', 5, 2, 1),
(81, 'H-0030', 'Cortador R0.5X2X4X50L', 'HM3-9', '290.50', 1, '2024-01-08 00:00:00', 3, 2, 1, 1, '6524800c28db9_IMG-20231009-WA0001.jpg', 5, 2, 1),
(82, 'H-0031', 'Inserto DFT05T308HP / KC7140 / 1804829', 'HM2-17', '1.00', 20, '2024-01-08 00:00:00', 3, 2, 1, 1, '652480ee9141e_IMG_20231009_161518_511.jpg', 5, 2, 1),
(83, 'H-0032', 'Inserto KC410M / 2984054', 'HM2-17', '1.00', 15, '2024-01-08 00:00:00', 3, 2, 1, 1, '652481525eae6_IMG_20231009_161612_513.jpg', 5, 2, 1),
(84, 'H-0033', 'Inserto NT2R / KCU10 / 4175911', 'HM2-18', '1.00', 4, '2024-01-08 00:00:00', 3, 2, 1, 1, '652481907eff1_IMG_20231009_161713_523.jpg', 5, 2, 1),
(86, 'H-0034', 'Inserto NT3RK / KC5025 / 1795787', 'HM2-18', '1.00', 10, '2024-01-08 00:00:00', 3, 2, 1, 1, '652481dc39e07_IMG_20231009_161307_339.jpg', 5, 2, 1),
(87, 'H-0035', 'Inserto CNMG090308MP / KC5010 / CNMG322MP', 'HM2-16', '1.00', 5, '2024-01-08 00:00:00', 3, 2, 1, 1, '6524831fba5b4_IMG_20231009_164537_426.jpg', 5, 2, 1),
(88, 'H-0036', 'Inserto CNMG090308MP / CNMG322MP / KC5010', 'HM2-16', '1.00', 20, '2024-01-08 00:00:00', 3, 2, 1, 1, '6524835def208_IMG_20231009_161822_013.jpg', 5, 10, 1),
(89, 'H-0037', 'Inserto A4G0205M02U02GMN / KC5025', 'HM2-16', '500.00', 10, '2024-01-08 00:00:00', 3, 2, 1, 1, '652483a716952_IMG_20231009_161742_020.jpg', 5, 2, 1),
(91, 'H-0038', 'Inserto NT3R / KC5010', 'HM2-18', '1.00', 4, '2024-01-08 00:00:00', 3, 2, 1, 1, '652484445d5e1_IMG_20231009_165123_369.jpg', 5, 2, 1),
(92, 'H-0039', 'Broca para metal 10.00 MM', 'HM2-6', '1.00', 7, '2024-01-08 00:00:00', 3, 2, 1, 1, '6525779ebfad1_IMG_20231010_100001_599.jpg', 5, 2, 1),
(93, 'H-0040', 'Broca para metal 17/64\"', 'HM2-7', '1.00', 2, '2024-01-08 00:00:00', 3, 2, 1, 1, '6525785db67f9_IMG_20231010_100116_298.jpg', 5, 2, 1),
(94, 'H-0041', 'Broca para metal 1/4', 'HM2-5', '1.00', 4, '2024-01-08 00:00:00', 3, 2, 1, 1, '652578cf4aa14_IMG_20231010_100201_147.jpg', 5, 5, 1),
(95, 'H-0042', 'Broca para metal 6.35 MM', '', '80.00', 0, '2024-01-08 00:00:00', 3, 2, 1, 1, '6525791b1534f_IMG_20231010_100354_485.jpg', 5, 2, 1),
(96, 'H-0043', 'Broca para metal 1/2\"', 'HM3-1', '1.00', 2, '2024-01-08 00:00:00', 3, 2, 1, 1, '652579aa0c56d_IMG_20231010_100433_527.jpg', 5, 2, 1),
(97, 'H-0044', 'Broca para metal 3/8&quot; HSS', 'HM2-7', '90.00', 1, '2024-01-08 00:00:00', 3, 2, 1, 1, '652579edc8504_IMG_20231010_100541_401.jpg', 5, 2, 1),
(98, 'H-0045', 'Broca para concreto 3/8\" (10)', 'HM3-1', '1.00', 1, '2024-01-08 00:00:00', 3, 2, 1, 1, '65257a28469e7_IMG_20231010_100557_681.jpg', 5, 2, 1),
(99, 'H-0046', 'Broca para metal 9/16\"', 'HM3-4', '1.00', 1, '2024-01-08 00:00:00', 3, 2, 1, 1, '65257bf5b93cc_IMG_20231010_102027_731.jpg', 5, 2, 1),
(100, 'H-0047', 'Broca para metal 31/64\"', 'HM3-3', '1.00', 1, '2024-01-08 00:00:00', 3, 2, 1, 1, '65257c3e19dfe_IMG_20231010_102050_437.jpg', 5, 2, 1),
(101, 'H-0048', 'Broca para metal 7/16\"', 'HM3-3', '1.00', 4, '2024-01-08 00:00:00', 3, 2, 1, 1, '65257cbf1b672_IMG_20231010_102116_322.jpg', 5, 2, 1),
(102, 'H-0049', 'Broca para metal CLEVELAND 1/8', 'HM2-5', '1.00', 15, '2024-01-08 00:00:00', 3, 2, 1, 1, '65257d245682b_IMG_20231010_102147_476.jpg', 5, 10, 1),
(103, 'H-0050', 'Broca para metal 2.50 MM 0.0984', 'HM2-7', '1.00', 5, '2024-01-08 00:00:00', 3, 2, 1, 1, '65257d6c28af3_IMG_20231010_102225_747.jpg', 5, 5, 1),
(104, 'H-0051', 'Broca para metal 15/64', 'HM2-7', '80.00', 3, '2024-01-08 00:00:00', 3, 2, 1, 1, '65257db2b948b_IMG_20231010_102246_630.jpg', 5, 5, 1),
(105, 'H-0052', 'Broca para metal 7/64\" 0.1094\"', 'HM2-8', '1.00', 14, '2024-01-08 00:00:00', 3, 2, 1, 1, '65257e53c347f_IMG_20231010_102607_366.jpg', 5, 2, 1),
(106, 'H-0053', 'Broca para metal 3/32', 'HM2-7', '1.00', 4, '2024-01-08 00:00:00', 3, 2, 1, 1, '65257e9c98e90_IMG_20231010_102330_517.jpg', 5, 5, 1),
(107, 'H-0054', 'Broca para metal 3/16', 'HM2-7', '90.00', 3, '2024-01-08 00:00:00', 3, 2, 1, 1, '65257ed86fba6_IMG_20231010_102408_714.jpg', 5, 5, 1),
(109, 'H-0055', 'Broca para metal 4.00 MM', 'HM2-8', '1.00', 5, '2024-01-08 00:00:00', 3, 2, 1, 1, '65257f7bdf85b_IMG_20231010_102424_168.jpg', 5, 2, 1),
(110, 'H-0056', 'Broca para metal 11/64\" 0.1719\"', 'HM2-6', '1.00', 9, '2024-01-08 00:00:00', 3, 2, 1, 1, '65257fbd8eebc_IMG_20231010_102534_809.jpg', 5, 2, 1),
(111, 'H-0057', 'Broca para metal 9/64', 'HM2-9', '1.00', 10, '2024-01-08 00:00:00', 3, 2, 1, 1, '65258003de85c_IMG_20231010_102552_755.jpg', 5, 10, 1),
(112, 'H-0058', 'Broca para metal 1/8', 'HM2-5', '1.00', 8, '2024-01-08 00:00:00', 3, 2, 1, 1, '65258044d9a12_IMG_20231010_102623_674.jpg', 5, 10, 1),
(114, 'H-0059', 'Broca para metal 5/32', 'HM2-8', '1.00', 7, '2024-01-08 00:00:00', 3, 2, 1, 1, '652580db7f955_IMG_20231010_102641_410.jpg', 5, 5, 1),
(115, 'H-0060', 'Broca para metal 5/64\" 0.0781\"', 'HM2-8', '75.00', 15, '2024-01-08 00:00:00', 3, 2, 1, 1, '652581b01de30_IMG_20231010_102650_179.jpg', 5, 2, 1),
(116, 'H-0061', 'Broca para metal 27  0.1440\"  ', 'HM2-7', '1.00', 4, '2024-01-08 00:00:00', 3, 2, 1, 1, '652581ffc15c7_IMG_20231010_102659_658.jpg', 5, 2, 1),
(117, 'H-0062', 'Broca para concreto 5/8\"', 'HM3-1', '1.00', 1, '2024-01-08 00:00:00', 3, 2, 1, 1, '65258353be987_IMG_20231010_105534_251.jpg', 5, 2, 1),
(118, 'H-0063', 'Broca para metal 5/16', 'HM2-8', '1.00', 5, '2024-01-08 00:00:00', 3, 2, 1, 1, '652583a12c1bc_IMG_20231010_105604_565.jpg', 5, 5, 1),
(119, 'H-0064', 'Broca para metal 13/64', 'HM2-6', '1.00', 11, '2024-01-08 00:00:00', 3, 2, 1, 1, '652583e7491b3_IMG_20231010_105626_665.jpg', 5, 10, 1),
(120, 'H-0065', 'Broca para metal 7/8\"', 'HM3-4', '1.00', 1, '2024-01-08 00:00:00', 3, 2, 1, 1, '6525842fa53a5_IMG_20231010_105659_302.jpg', 5, 2, 1),
(121, 'H-0066', 'Broca para metal 3/4\"', 'HM3-2', '1.00', 1, '2024-01-08 00:00:00', 3, 2, 1, 1, '652584603c277_IMG_20231010_105722_077.jpg', 5, 2, 1),
(122, 'H-0067', 'Broca para metal 12.50 MM', 'HM3-2', '1.00', 5, '2024-01-08 00:00:00', 3, 2, 1, 1, '652584a152913_IMG_20231010_105753_757.jpg', 5, 2, 1),
(123, 'H-0068', 'Pernos para torno 5/16', 'HM3-6', '1.00', 14, '2024-01-08 00:00:00', 3, 2, 1, 1, '6525889da04c5_IMG_20231010_111900_825.jpg', 5, 8, 1),
(124, 'H-0069', 'Rima CLEVELAND 3/8\"', 'HM3-7', '1.00', 2, '2024-01-08 00:00:00', 3, 2, 1, 1, '65258909e297e_IMG_20231010_111931_604.jpg', 5, 2, 1),
(125, 'H-0070', 'Rima Fenes 3/8\"', 'HM3-7', '1.00', 1, '2024-01-08 00:00:00', 3, 2, 1, 1, '65258952c5e06_IMG_20231010_112035_863.jpg', 5, 2, 1),
(126, 'H-0071', 'Rima Fenes 1/2\"', 'HM3-7', '1.00', 1, '2024-01-08 00:00:00', 3, 2, 1, 1, '65258999e1c99_IMG_20231010_112058_508.jpg', 5, 2, 1),
(127, 'H-0072', 'Pistola de silicón Grande', '', '1.00', 1, '2024-01-08 00:00:00', 5, 2, 1, 1, '65258d9f1b792_IMG_20231010_113034_246.jpg', 5, 2, 1),
(128, 'I-0001', 'Barras de silicón 1/2\"', 'LOCKER FILA 3', '1.00', 34, '2024-01-08 00:00:00', 5, 2, 1, 1, '65258df2a32fc_IMG_20231010_113138_143.jpg', 5, 2, 1),
(129, 'I-0002', 'Lentes  de seguridad FOY Ambar', 'LOCKER FILA 4', '1.00', 16, '2024-01-08 00:00:00', 5, 2, 1, 1, '65258e42dfb13_IMG_20231010_113233_881.jpg', 5, 2, 1),
(130, 'I-0003', 'Lentes de seguridad PRETUL Transparentes', 'LOCKER FILA 4', '1.00', 7, '2024-01-08 00:00:00', 5, 2, 1, 1, '65258e9d97d1d_IMG_20231010_113315_252.jpg', 5, 2, 1),
(131, 'I-0004', 'Lentes de seguridad FOY Transparentes', '', '1.00', 1, '2024-01-08 00:00:00', 5, 2, 1, 1, '65258faddecd5_IMG_20231010_113429_054.jpg', 5, 2, 1),
(132, 'I-0005', 'Plasti acero 25 ml o Epoxico', 'LOCKER FILA 2', '110.00', 5, '2024-01-08 00:00:00', 2, 2, 1, 1, '6525913f69a16_IMG_20231010_113453_281.jpg', 5, 2, 1),
(133, 'I-0006', 'Cinta sella roscas 1/2\" X 7 m', 'LOCKER FILA 4', '1.00', 10, '2024-01-08 00:00:00', 2, 2, 1, 1, '6525920b640f5_IMG_20231010_113514_174.jpg', 5, 2, 1),
(134, 'I-0007', 'Disco de lija Grano 120 fino 5\"', 'LOCKER FILA 4', '1.00', 13, '2024-01-08 00:00:00', 2, 2, 1, 1, '6525933e1bb8b_IMG_20231010_113546_500.jpg', 5, 2, 1),
(136, 'I-0008', 'Disco de lija Grano 80 medio 5\"', 'LOCKER FILA 4', '1.00', 11, '2024-01-08 00:00:00', 2, 2, 1, 1, '652593d8eea6c_IMG_20231010_113617_638.jpg', 5, 2, 1),
(137, 'I-0009', 'Cinta de montaje doble cara 19 mm X 5 m', 'LOCKER FILA 1', '1.00', 5, '2024-01-08 00:00:00', 2, 2, 1, 1, '6525944472efc_IMG_20231010_113631_678.jpg', 5, 2, 1),
(138, 'I-0010', 'Cinta masking 18 mm X 50 m', 'FILA 1', '30.00', 1, '2024-01-08 00:00:00', 2, 2, 1, 1, '6525948a58bdf_IMG_20231010_113650_761.jpg', 5, 2, 1),
(139, 'I-0011', 'Pistola de silicón Chica', 'LOCKER FILA 3', '1.00', 1, '2024-01-08 00:00:00', 5, 2, 1, 1, '652594c2942b8_IMG_20231010_113711_071.jpg', 5, 2, 1),
(140, 'I-0012', 'Tapones auditivos con triple barrera 25 db', 'LOCKER FILA 4', '10.78', 10, '2024-01-08 00:00:00', 1, 2, 1, 1, '6525951016b48_IMG_20231010_113734_333.jpg', 5, 2, 1),
(141, 'I-0013', 'Guantes de nitrilo Grandes', 'LOCKER FILA 4', '28.45', 6, '2024-01-08 00:00:00', 2, 2, 1, 1, '652595508a04e_IMG_20231010_113750_383.jpg', 5, 2, 1),
(143, 'I-0014', 'Guantes de carnaza Unitalla (trabajo ligero)', 'LOCKER FILA 4', '53.45', 3, '2024-01-08 00:00:00', 5, 2, 1, 1, '652595ca65d46_IMG_20231010_113804_572.jpg', 5, 2, 1),
(144, 'I-0015', 'Portalámpara para tubo flourescente FA8', '', '1.00', 2, '2024-01-08 00:00:00', 5, 2, 1, 1, '65259615af253_IMG_20231010_113819_730.jpg', 5, 2, 1),
(145, 'I-0016', 'Manguera para aire tipo resorte 7.6 m', '', '1.00', 2, '2024-01-08 00:00:00', 5, 2, 1, 1, '652596833170a_IMG_20231010_115933_963.jpg', 5, 2, 1),
(146, 'I-0017', 'Fumigador doméstico 1 LT.', '', '1.00', 1, '2024-01-08 00:00:00', 5, 2, 1, 1, '652596c7cc55c_IMG_20231010_120000_943.jpg', 5, 2, 1),
(147, 'H-0073', 'Martillo de hojalatero 11 OZ.', '', '1.00', 1, '2024-01-08 00:00:00', 1, 2, 1, 1, '65259736a23ab_IMG_20231010_120022_666.jpg', 5, 2, 1),
(148, 'H-0074', 'Mango para martillo Mango', '', '1.00', 2, '2024-01-08 00:00:00', 1, 2, 1, 1, '6525980f04ad2_IMG_20231010_120039_303.jpg', 5, 2, 1),
(149, 'H-0075', 'Maceta de goma 606', '', '1.00', 1, '2024-01-08 00:00:00', 1, 2, 1, 1, '65259960a900f_IMG_20231010_120105_237.jpg', 5, 2, 1),
(150, 'H-0076', 'Maceta de goma 808', '', '1.00', 1, '2024-01-08 00:00:00', 1, 2, 1, 1, '65259995d501c_IMG_20231010_120116_822.jpg', 5, 2, 1),
(151, 'H-0077', 'Extensión eléctrica de uso rudo 16 AWG X 6 MTS', '', '1.00', 6, '2024-01-08 00:00:00', 1, 2, 1, 1, '65259a2423a75_IMG_20231010_120145_934.jpg', 5, 2, 1),
(152, 'H-0078', 'Cautín Weller 221-NM-146', 'LOCKER FILA 3', '1300.00', 1, '2024-01-08 00:00:00', 1, 2, 1, 1, '65259c45890f4_IMG_20231010_120456_039.jpg', 5, 2, 1),
(153, 'H-0079', 'Puntas para multimetro Fluke', 'LOCKER FILA 2', '300.00', 1, '2024-01-08 00:00:00', 2, 2, 1, 1, '65259ddad49cb_IMG_20231010_120509_094.jpg', 5, 2, 1),
(154, 'H-0080', 'Punta para cautín CT5A7MX', 'LOCKER FILA 3', '120.00', 5, '2024-01-08 00:00:00', 2, 2, 1, 1, '65259ee66b32b_IMG_20231010_120636_659.jpg', 5, 2, 1),
(155, 'H-0081', 'Punta para cautín PTA7MX', 'LOCKER FILA 3', '120.00', 1, '2024-01-08 00:00:00', 2, 2, 1, 1, '65259f71740bd_IMG_20231010_120624_780.jpg', 5, 2, 1),
(156, 'H-0082', 'Resistencia HEW60PMX', 'LOCKER FILA 3', '450.00', 2, '2024-01-08 00:00:00', 2, 2, 1, 1, '65259fcaca494_IMG_20231010_120721_513.jpg', 5, 2, 1),
(158, 'I-0018', 'Disco 40 grano, 115mm, 22mm', 'LOCKER FILA 4', '1.00', 2, '2024-01-08 00:00:00', 2, 2, 1, 1, '6525a7a179664_IMG_20231010_120346_523.jpg', 5, 2, 1),
(162, 'I-0019', 'Esponja para cautín Esponja', 'LOCKER FILA 3', '30.00', 3, '2024-01-08 00:00:00', 2, 2, 1, 1, '6525af2672d9e_IMG_20231010_120529_238.jpg', 5, 2, 1),
(163, 'I-0020', 'Rollo de lija N. 100 1 1/2\" X 148 Ft.', '', '1.00', 1, '2024-01-08 00:00:00', 2, 2, 1, 1, '6525b0191cc09_IMG_20231010_122251_179.jpg', 5, 2, 1),
(164, 'I-0021', 'Rollo de lija grano 120 38 mm X 45 m', '', '1.00', 1, '2024-01-08 00:00:00', 2, 2, 1, 1, '6525b06eba83a_IMG_20231010_122323_456.jpg', 5, 2, 1),
(165, 'I-0022', 'Mini cepillo de alambre Surtido', 'LOCKER FILA 3', '1.00', 12, '2024-01-08 00:00:00', 1, 2, 1, 1, '6525b0fa58367_IMG_20231010_122411_264.jpg', 5, 2, 1),
(166, 'H-0083', 'Navaja retráctil 18 mm', 'LOCKER FILA 3', '40.00', 1, '2024-01-08 00:00:00', 1, 2, 1, 1, '6525b1918b595_IMG_20231010_122514_553.jpg', 5, 2, 1),
(167, 'H-0084', 'Navaja retráctil Pequeña', 'LOCKER FILA 3', '25.00', 1, '2024-01-08 00:00:00', 1, 2, 1, 1, '6525b2121263e_IMG_20231010_122537_660.jpg', 5, 2, 1),
(168, 'I-0023', 'Repuesto para navajas Repuesto', 'LOCKER FILA 3', '30.00', 8, '2024-01-08 00:00:00', 1, 2, 1, 1, '6525b2c625380_IMG_20231010_122544_491.jpg', 5, 2, 1),
(170, 'H-0085', 'Cuchilla para linóleo 7\"', 'LOCKER FILA 3', '1.00', 1, '2024-01-08 00:00:00', 1, 2, 1, 1, '6525b34f832e0_IMG_20231010_122619_684.jpg', 5, 2, 1),
(171, 'I-0024', 'Pila alcalina A76/LR44', 'LOCKER FILA 2', '55.00', 2, '2024-01-08 00:00:00', 2, 2, 1, 1, '6525b3ea55aef_IMG_20231010_135502_790.jpg', 5, 2, 1),
(175, 'H-0086', 'Lima redonda bastarda 10\"', 'LOCKER FILA 4', '1.00', 1, '2024-01-08 00:00:00', 1, 2, 1, 1, '6525b8f888bd8_IMG_20231010_140631_205.jpg', 5, 2, 1),
(178, 'H-0087', 'Maneral tipo garrote 3/32&quot; A 3/8&quot;', 'LOCKER FILA 3', '70.96', 2, '2024-01-08 00:00:00', 1, 2, 1, 1, '6525bbfaa970d_IMG_20231010_140616_249.jpg', 5, 2, 1),
(179, 'H-0088', 'Lima bastarda de media caña escofina 4\"', '', '70.00', 0, '2024-01-08 00:00:00', 1, 4, 1, 1, '6525bf2c397c0_IMG_20231010_140059_679.jpg', 5, 2, 1),
(180, 'H-0089', 'Lima triangular de uso regular 5\"', '', '1.00', 1, '2024-01-08 00:00:00', 1, 1, 1, 1, '6525bfc39a576_IMG_20231010_140110_037.jpg', 5, 2, 1),
(181, 'H-0090', 'Lima plana 5\"', '', '1.00', 1, '2024-01-08 00:00:00', 1, 2, 1, 1, '6525c0e41ba0b_IMG_20231010_140231_563.jpg', 5, 2, 1),
(182, 'H-0091', 'Bomba desoldadora Extractor', 'LOCKER FILA 3', '1.00', 1, '2024-01-08 00:00:00', 1, 2, 1, 1, '6525c13eddb97_IMG_20231010_140308_697.jpg', 5, 2, 1),
(183, 'H-0092', 'Maneral ajustable 1/16\" X 1/4\"', '', '1.00', 0, '2024-01-08 00:00:00', 1, 2, 1, 1, '6525c1d3111fa_IMG_20231010_140321_313.jpg', 5, 2, 1),
(184, 'H-0093', 'Lima bastarda de media caña 5\"', 'LOCKER FILA 4', '1.00', 1, '2024-01-08 00:00:00', 1, 2, 1, 1, '6525c259c5ab7_IMG_20231010_140403_929.jpg', 5, 2, 1),
(185, 'H-0094', 'Broca para concreto 1/4\" X 12', '', '85.00', 0, '2024-01-08 00:00:00', 1, 2, 1, 1, '6525c2e3e549b_IMG_20231010_140424_912.jpg', 5, 2, 1),
(186, 'H-0095', 'Segueta Diente fino', '', '1.00', 1, '2024-01-08 00:00:00', 1, 2, 1, 1, '6525c36f1b8b4_IMG_20231010_140447_425.jpg', 5, 2, 1),
(187, 'H-0096', 'Broca para concreto Longitud 12\"', 'LOCKER FILA 4', '1.00', 1, '2024-01-08 00:00:00', 1, 2, 1, 1, '6525c3eab5029_IMG_20231010_140603_518.jpg', 5, 2, 1),
(188, 'H-0097', 'Maneral tipo garrote 5/32\" X 3/4\"', '', '1.00', 1, '2024-01-08 00:00:00', 1, 2, 1, 1, '6525c46a46249_IMG_20231010_140616_249.jpg', 5, 2, 1),
(189, 'H-0098', 'Tijera 8\"', '', '1.00', 1, '2024-01-08 00:00:00', 1, 2, 1, 1, '6525c520ab147_IMG_20231010_152301_159.jpg', 5, 2, 1),
(190, 'I-0025', 'Rueda flap con vástago grano 80 Ø 2&quot;', 'locker fila 4', '85.00', 1, '2024-01-08 00:00:00', 1, 2, 1, 1, '6525c5fd16336_IMG_20231010_152326_826.jpg', 5, 2, 1),
(191, 'I-0026', 'Rueda flap con vástago grano 120 Ø 2\"', '', '1.00', 0, '2024-01-08 00:00:00', 1, 2, 1, 1, '6525c65f73832_IMG_20231010_152326_826.jpg', 5, 2, 1),
(192, 'I-0027', 'Cuchillas de repuesto para cortador de tubo 18 mm', 'LOCKER FILA 3', '1.00', 1, '2024-01-08 00:00:00', 1, 2, 1, 1, '6525c82ab8050_IMG_20231010_152338_762.jpg', 5, 2, 1),
(193, 'H-0099', 'Destornillador de caja 3/8\" X 3\"', 'LOCKER FILA 3', '1.00', 2, '2024-01-08 00:00:00', 1, 2, 1, 1, '6525c945b5da9_IMG_20231010_152358_564.jpg', 5, 2, 1),
(194, 'H-0100', 'Desarmador Comfort Grip 75 mm x 3\"', 'LOCKER FILA 3', '1.00', 3, '2024-01-08 00:00:00', 1, 2, 1, 1, '6525ca43c0e7c_IMG_20231010_152435_828.jpg', 5, 2, 1),
(195, 'H-0101', 'Desarmador Screwdriver 7\"', 'LOCKER FILA 3', '1.00', 1, '2024-01-08 00:00:00', 1, 2, 1, 1, '6525cbc6b03b5_IMG_20231010_152502_653.jpg', 5, 2, 1),
(196, 'H-0102', 'Desarmador Phillips PH0 x 4\"', 'LOCKER FILA 3', '1.00', 2, '2024-01-08 00:00:00', 1, 2, 1, 1, '6525cc468391d_IMG_20231010_152543_607.jpg', 5, 2, 1),
(197, 'H-0103', 'Desarmador de cruz 1/4\" x 4', 'LOCKER FILA 3', '1.00', 1, '2024-01-08 00:00:00', 1, 2, 1, 1, '6525ccd6a8bec_IMG_20231010_152631_435.jpg', 5, 2, 1),
(198, 'H-0104', 'Dado corto 9/16\"', 'LOCKER FILA 3', '1.00', 1, '2024-01-08 00:00:00', 1, 2, 1, 1, '6525cd5485220_IMG_20231010_152650_260.jpg', 5, 2, 1),
(199, 'H-0105', 'Desarmador Plano', 'LOCKER FILA 3', '1.00', 0, '2024-01-08 00:00:00', 1, 2, 1, 1, '6525cda71bafc_IMG_20231010_152722_888.jpg', 5, 2, 1),
(200, 'H-0106', 'Punzón para barrenar 3/8\"', 'LOCKER FILA 3', '1.00', 2, '2024-01-08 00:00:00', 1, 2, 1, 1, '6525cf9cb1b93_IMG_20231010_152809_144.jpg', 5, 2, 1),
(201, 'H-0107', 'Punzón 5/16\" X 1/8\"', 'LOCKER FILA 3', '1.00', 3, '2024-01-08 00:00:00', 1, 2, 1, 1, '6525cfd0b2658_IMG_20231010_152923_737.jpg', 5, 2, 1),
(202, 'H-0108', 'Destornillador de caja 7 mm', 'LOCKER FILA 3', '1.00', 1, '2024-01-08 00:00:00', 1, 2, 1, 1, '6525d0405cc72_IMG_20231010_152942_826.jpg', 5, 2, 1),
(203, 'H-0109', 'llave ajustable 6\" marca: FOY', 'LOCKER FILA 3', '1.00', 1, '2024-01-08 00:00:00', 1, 2, 1, 1, '652874bb6fa72_IMG_20231010_154434_712.jpg', 5, 2, 1),
(204, 'H-0110', 'Llave de presión 10\"', 'LOCKER FILA 3', '1.00', 1, '2024-01-08 00:00:00', 1, 2, 1, 1, '6528751b2fbb0_IMG_20231010_154521_868.jpg', 5, 2, 1),
(205, 'H-0111', 'pinzas para abrir anillos de retención. desde 65mm hasta 12mm', 'LOCKER FILA 3', '190.00', 1, '2024-01-08 00:00:00', 1, 2, 1, 1, '6528758810807_IMG_20231010_154539_966.jpg', 5, 2, 1),
(206, 'H-0112', 'Pinzas de presión Tipo prensa', 'LOCKER FILA 4', '245.69', 1, '2024-01-08 00:00:00', 1, 2, 1, 1, '65287606afac3_IMG_20231010_154605_145.jpg', 5, 2, 1),
(208, 'H-0113', 'pinzas de punta medianas', '', '1.00', 1, '2024-01-08 00:00:00', 1, 2, 1, 1, '652876a891028_IMG_20231010_154616_619.jpg', 5, 2, 1),
(209, 'H-0114', 'Pinzas para anillo de retención de 90grados', 'LOCKER FILA 3', '1.00', 1, '2024-01-08 00:00:00', 1, 2, 1, 1, '652876fc979d2_IMG_20231010_154629_828.jpg', 5, 2, 1),
(210, 'H-0115', 'Matraca 3/8\"', '', '1.00', 2, '2024-01-08 00:00:00', 1, 2, 1, 1, '6528775b9ea45_IMG_20231010_154639_333.jpg', 5, 2, 1),
(211, 'H-0116', 'juego de llaves Allen tipo navaja estándar', 'LOCKER FILA 3', '1.00', 1, '2024-01-08 00:00:00', 1, 2, 1, 1, '6528781895bd7_IMG_20231010_154720_527.jpg', 5, 2, 1),
(212, 'H-0117', 'llave combinada. 3/8\" X 16cm', 'LOCKER FILA 3', '1.00', 2, '2024-01-08 00:00:00', 1, 2, 1, 1, '6529acbf18aa1_IMG_20231010_154821_267.jpg', 5, 2, 1),
(213, 'H-0118', 'Llave combinada 9/16\"', 'LOCKER FILA 3', '1.00', 1, '2024-01-08 00:00:00', 1, 2, 1, 1, '6529b93ac3c8c_IMG_20231010_155051_770.jpg', 5, 2, 1),
(214, 'H-0119', 'Dado Corto 9/16\" 9/16\" marca SURTEK', 'LOCKER FILA 3', '30.00', 1, '2024-01-08 00:00:00', 1, 2, 1, 1, '6532f3afa9ab7_IMG_20231020_153551_656_hdr.jpg', 5, 2, 1),
(216, 'I-0028', 'Brocha 1\" 1\" Marca Comex', '', '1.00', 1, '2024-01-08 00:00:00', 1, 2, 1, 1, '6532f541a667b_IMG_20231020_153607_481_hdr.jpg', 5, 2, 1),
(218, 'H-0120', 'Llave Mixta 1/2\" 1/2\" Marca Urrea', 'LOCKER FILA 3', '1.00', 2, '2024-01-08 00:00:00', 1, 2, 1, 1, '6536ea0dc3f5e_IMG_20231010_155121_905.jpg', 5, 2, 1),
(219, 'H-0121', 'Llave Mixta 3/8\" 3/8\" Marca Urrea', 'LOCKER FILA 3', '1.00', 2, '2024-01-08 00:00:00', 1, 2, 1, 1, '6536ea8d57ef4_IMG_20231010_155144_754.jpg', 5, 2, 1),
(220, 'H-0122', 'Llave Allen 3/16\" Llave Allen 3/16\"', 'LOCKER FILA 3', '1.00', 3, '2024-01-08 00:00:00', 1, 2, 1, 1, '6536eba15e073_IMG_20231010_155208_965.jpg', 5, 2, 1),
(221, 'H-0123', 'Llave Allen 3.0mm Llave Allen 3.0mm', 'B14', '1.00', 6, '2024-01-08 00:00:00', 1, 2, 1, 1, '6536ec2182e0e_IMG_20231010_155230_884.jpg', 5, 2, 1),
(222, 'H-0124', 'Llave Allen 5/32\" Llave Allen 5/32\"', 'LOCKER FILA 3', '1.00', 1, '2024-01-08 00:00:00', 1, 2, 1, 1, '6536ec7417827_IMG_20231010_155305_259.jpg', 5, 2, 1),
(223, 'H-0125', 'Llave Allen 5/64\" Llave Allen 5/64\"', 'LOCKER FILA 3', '1.00', 13, '2024-01-08 00:00:00', 1, 2, 1, 1, '6536ecbd71cce_IMG_20231010_155322_039.jpg', 5, 2, 1),
(224, 'H-0126', 'Llave Allen 1/8\" Llave Allen 1/8\"', 'LOCKER FILA 3', '1.00', 9, '2024-01-08 00:00:00', 1, 2, 1, 1, '6536ed14c3b40_IMG_20231010_155448_355.jpg', 5, 2, 1),
(225, 'H-0127', 'Llave Allen tipo T 3/32\" Llave Allen tipo T 3/32\"', 'LOCKER FILA 3', '1.00', 4, '2024-01-08 00:00:00', 1, 2, 1, 1, '6536ed6bb7880_IMG_20231010_155505_574.jpg', 5, 2, 1),
(226, 'H-0128', 'Llave Allen Tipo T 1/8\" Llave Allen Tipo T 1/8\" ', 'LOCKER FILA 3', '1.00', 4, '2024-01-08 00:00:00', 1, 2, 1, 1, '6536eea290400_IMG_20231010_155516_199.jpg', 5, 2, 1),
(227, 'H-0129', 'Maneral ajustable tipo T 1/2\" Maneral ajustable tipo T 1/2\" marca truper', 'LOCKER FILA 3', '120.00', 2, '2024-01-08 00:00:00', 1, 2, 1, 1, '6536efa239bbb_IMG_20231010_155708_862.jpg', 5, 2, 1),
(228, 'H-0130', 'Maneral Tipo T ajustable capacidad 3/16\"', 'LOCKER FILA 3', '63.00', 2, '2024-01-08 00:00:00', 1, 2, 1, 1, '6536effe5e1b3_IMG_20231010_155730_317.jpg', 5, 2, 1),
(229, 'H-0131', 'Manera Tipo T ajustable 1/4\" Manera Tipo T ajustable 1/4\" marca truper', '', '1.00', 1, '2024-01-08 00:00:00', 1, 2, 1, 1, '6536f05aef38d_IMG_20231010_155813_643.jpg', 5, 2, 1),
(230, 'H-0132', 'Broquero 1/2\" Broquero 1/2\" marca truper', 'LOCKER FILA 3', '1.00', 1, '2024-01-08 00:00:00', 1, 2, 1, 1, '6536f0b0bc6f6_IMG_20231010_155800_670.jpg', 5, 2, 1),
(232, 'I-0029', 'Cople Rápido Macho Cople Rápido Macho', '', '1.00', 4, '2024-01-08 00:00:00', 5, 2, 1, 1, '6536f2171b4fa_IMG_20231010_155836_005.jpg', 5, 2, 1),
(233, 'I-0030', 'Cople rápido hembra Cople rápido hembra surtek', 'LOCKER FILA 4', '1.00', 2, '2024-01-08 00:00:00', 5, 2, 1, 1, '6536f287a1b0f_IMG_20231010_155848_071.jpg', 5, 2, 1),
(234, 'I-0031', 'Cople rápido hembra Cople rápido hembra marca truper', 'LOCKER FILA 4', '50.00', 1, '2024-01-08 00:00:00', 5, 2, 1, 1, '6536f2bec2c4d_IMG_20231010_155903_289.jpg', 5, 2, 1),
(235, 'H-0133', 'Flexometro 5m x 16\" Flexometro 5m x 16\" truper', 'LOCKER FILA 3', '1.00', 2, '2024-01-08 00:00:00', 1, 2, 1, 1, '6536f34d60237_IMG_20231010_155922_495.jpg', 5, 2, 1),
(236, 'I-0032', 'Pila 2016 de 3V Pila 2016 de 3V marca steren', 'LOCKER FILA 2', '1.00', 9, '2024-01-08 00:00:00', 2, 2, 1, 1, '6536f46a4b3ac_IMG_20231010_160102_979.jpg', 5, 2, 1),
(238, 'I-0033', 'Pila AA 1.5V Pila AA 1.5V marca RadioShack O ENERGIZER', 'LOCKER FILA 2', '10.00', 13, '2024-01-08 00:00:00', 2, 2, 1, 1, '6536f64d64536_IMG_20231010_160316_111.jpg', 5, 2, 1),
(239, 'I-0034', 'Pila AAA Pila AAA marca duracel', 'LOCKER FILA 2', '25.00', 6, '2024-01-08 00:00:00', 2, 2, 1, 1, '6536f6af551d7_IMG_20231010_160547_272.jpg', 5, 2, 1),
(240, 'I-0035', 'Pila 9V Pila 9V marca Duracell O VOLTECK', 'LOCKER FILA 2', '38.80', 4, '2024-01-08 00:00:00', 2, 2, 1, 1, '6536f736d0c06_IMG_20231010_160446_493.jpg', 5, 2, 1),
(241, 'I-0036', 'Gas butano Gas butano Pretul', 'LOCKER FILA 1', '1.00', 3, '2024-01-08 00:00:00', 2, 2, 1, 1, '6536f76a9dc4b_IMG_20231010_160737_064.jpg', 5, 2, 1),
(242, 'I-0037', 'WD40', 'FILA 1', '1.00', 1, '2024-01-08 00:00:00', 2, 2, 1, 1, '6536f79498c77_IMG_20231010_160757_880.jpg', 5, 2, 1),
(243, 'MPM-001', 'Barra redonda INOX 1/8\" X 1.20cm Barra redonda INOX 1/8\" X 1.20cm', '', '80.00', 5, '2024-01-08 00:00:00', 6, 1, 1, 1, '6536f804ad445_IMG-20231016-WA0001.jpg', 5, 2, 1),
(245, 'MARC001-5B', 'TORNILLO PARA MESA INCISAL', 'GABETA-G2', '20.00', 199, '2024-01-08 00:00:00', 9, 3, 1, 1, '653ad8eb74bfc_IMG_20231010_16081.jpg', 2, 2, 1),
(246, 'I-0038', 'Bolsas para basura. Bolsas para basura, para desperdicio de maquinado.', '', '50.00', 10, '2024-01-08 00:00:00', 2, 4, 1, 1, '653ad8eb74bfc_IMG_20231010_160813_434.jpg', 5, 2, 1),
(247, 'MARC001-5Ñ', 'CONDILO', '', '20.00', 53, '2024-01-08 00:00:00', 9, 3, 1, 1, '653ada08abb5c_condilo.jpg', 3, 2, 1),
(248, 'MARC001-4J', 'PERNO PARA LIGA DE CONTRACCION', 'GABETA-G5', '20.00', 100, '2024-01-08 00:00:00', 9, 3, 1, 1, '653ade70bc6c0_dhjasdkjadljAFKADADKADLKahjkdahdkahd12651.png', 3, 2, 1),
(253, 'H-0134', 'Boquilla ER25 1/2\" ER25 1/2\"', 'HM3-8', '532.50', 2, '2024-01-08 00:00:00', 3, 2, 1, 1, '20231027_162509.jpg', 5, 2, 1),
(254, 'H-0135', 'Cortador 5/8\" HSS 5/8\" HSS', '', '1032.40', 0, '2024-01-08 00:00:00', 3, 2, 1, 1, '20231027_162528.jpg', 5, 2, 1),
(255, 'H-0136', 'Broca 28', 'HM2-1', '50.75', 3, '2024-01-08 00:00:00', 3, 2, 1, 1, '20231027_162546.jpg', 5, 5, 1),
(256, 'H-0137', 'Broca 29 Broca 29', 'HM2-1', '50.75', 3, '2024-01-08 00:00:00', 3, 2, 1, 1, '20231027_162601.jpg', 5, 2, 1),
(257, 'H-0138', 'Broca 30 Broca 30', '', '50.75', 0, '2024-01-08 00:00:00', 3, 2, 1, 1, '20231027_162608.jpg', 5, 2, 1),
(258, 'H-0139', 'Broca para metal 7/32', 'HM2-8', '80.75', 5, '2024-01-08 00:00:00', 3, 2, 1, 1, 'IMG_20231030_132125_501_hdr.jpg', 5, 5, 1),
(259, 'MARC001-5X', 'PORTA PLATINA', '', '40.00', 551, '2024-01-08 00:00:00', 9, 3, 1, 1, 'IMG_20231031_085206_665_hdr.jpg', 3, 2, 1),
(260, 'MARC001-5Q', 'TORNILLO DE FIJACION DE VARILLA DE NIVEL DE CPI M6', 's/u', '8.00', 52, '2024-01-08 00:00:00', 9, 3, 1, 1, 'IMG_20231031_085129_359_hdr.jpg', 2, 2, 1),
(261, 'MARC001-6D', 'TORNILLO SUJECION 3', 'GABETA-G3', '8.00', 205, '2024-01-08 00:00:00', 9, 3, 1, 1, 'IMG_20231031_085117_602_hdr.jpg', 2, 2, 1),
(262, 'MARC001-4Ñ', 'VARILLA DE SOPORTE', '', '40.00', 50, '2024-01-08 00:00:00', 9, 3, 1, 1, 'IMG_20231031_085158_182_hdr.jpg', 3, 2, 1),
(264, 'MARC001-5C', 'PERNO DE POSICION (3/16\" x 1/2\"\"), PERNO SOLIDO RECTIFICADO 3/16\" x 1/2\"', 'A5', '3.86', 918, '2024-01-08 00:00:00', 9, 13, 1, 1, 'pernos.jpg', 1, 2, 1),
(265, '\nP-0039', 'Kola loka Pegamento', '', '20.00', 16, '2024-01-08 00:00:00', 2, 4, 1, 1, 'IMG_20231101_080204_317_hdr.jpg', 5, 2, 1),
(266, 'I-0040', 'Disco para esmeriladora angular para corte de metal 4 1/2\" Disco para esmeriladora angular para corte de metal 4 1/2\"  marca maxtool', 'LOCKER FILA 4', '50.00', 3, '2024-01-08 00:00:00', 2, 4, 1, 1, 'IMG_20231101_120033_192_hdr.jpg', 5, 2, 1),
(267, 'P-0001', 'Hojas Blancas paquete 500 hojas Hojas Blancas paquete 500 hojas', '', '1.00', 3, '2024-01-08 00:00:00', 6, 5, 1, 1, 'IMG_20231108_124600_652_hdr.jpg', 5, 2, 1),
(268, 'P-0002', 'Etiquetas redondas dorada paquete Etiquetas redondas dorada paquete', '', '1.00', 4, '2024-01-08 00:00:00', 6, 5, 1, 1, 'IMG_20231108_124920_580_hdr.jpg', 5, 2, 1),
(269, 'P-0003', 'Grapas caja de 5000 pzas. Grapas caja de 5000 pzas.', '', '1.00', 2, '2024-01-08 00:00:00', 6, 5, 1, 1, 'IMG_20231108_125114_229_hdr.jpg', 5, 2, 1),
(270, 'P-0004', 'Libreta profesional cuadro grande Libreta profesional cuadro grande', '', '20.00', 5, '2024-01-08 00:00:00', 6, 5, 1, 1, 'IMG_20231108_125216_282_hdr.jpg', 5, 2, 1),
(271, 'P-0005', 'Hojas de colores combinadas Hojas de colores combinadas por hojas', '', '1.00', 150, '2024-01-08 00:00:00', 6, 5, 1, 1, 'IMG_20231108_125341_661_hdr.jpg', 5, 2, 1),
(272, 'P-0006', 'Hojas blancas 500 pzas.', '', '180.00', 11, '2024-01-08 00:00:00', 4, 5, 1, 1, 'IMG_20231108_124600_652_hdr_654c02cef14dc.jpg', 5, 2, 1),
(273, 'P-0007', 'Cuaderno profesional cuadro grande', '', '22.00', 1, '2024-01-08 00:00:00', 4, 5, 1, 1, 'IMG_20231108_125216_282_hdr_654c0317801c3.jpg', 5, 2, 1),
(274, 'P-0008', 'Tinta color azul Tinta color roja', '', '1.00', 1, '2024-01-08 00:00:00', 6, 5, 1, 1, 'IMG_20231108_125834_988_hdr.jpg', 5, 2, 1),
(275, 'P-0009', 'Tinta color negro Tinta color negro', '', '1.00', 1, '2024-01-08 00:00:00', 6, 5, 1, 1, 'IMG_20231108_125841_629_hdr.jpg', 5, 2, 1),
(276, 'P-0010', 'Cinta chica transparente scotch 550 Cinta chica transparente scotch 550', '', '1.00', 7, '2024-01-08 00:00:00', 6, 5, 1, 1, 'IMG_20231108_130008_700_hdr.jpg', 5, 2, 1),
(277, 'P-0011', 'Marcador sharpie delgado punto fino color rojo. Marcador sharpie delgado punto fino color rojo.', '', '10.30', 12, '2024-01-08 00:00:00', 6, 5, 1, 1, 'IMG_20231108_130629_590_hdr.jpg', 5, 2, 1),
(278, 'P-0012', 'Marcador Sharpie delgado punto fino color negro Marcador Sharpie delgado punto fino color negro', '', '17.10', 8, '2024-01-08 00:00:00', 6, 5, 1, 1, 'IMG_20231108_130751_772_hdr.jpg', 5, 2, 1),
(279, 'P-0013', 'Marcador BIC delgado punto fino color negro Marcador BIC delgado punto fino color negro', '', '17.40', 6, '2024-01-08 00:00:00', 6, 5, 1, 1, 'IMG_20231108_130847_249_hdr.jpg', 5, 2, 1),
(280, 'P-0014', 'Marcador Baco delgado punto fino color azul Marcador Baco delgado punto fino color azul', '', '18.00', 8, '2024-01-08 00:00:00', 6, 5, 1, 1, 'IMG_20231108_130937_485_hdr.jpg', 5, 2, 1),
(281, 'p-0015', 'Bolígrafo Azor punto fino color negro Bolígrafo Azor punto fino color negro', '', '1.00', 8, '2024-01-08 00:00:00', 6, 5, 1, 1, 'IMG_20231108_131122_472_hdr.jpg', 5, 2, 1),
(282, 'P-0016', 'Bolígrafo azor punto fino color rojo Bolígrafo azor punto fino color rojo', '', '1.00', 6, '2024-01-08 00:00:00', 6, 5, 1, 1, 'IMG_20231108_131146_164_hdr.jpg', 5, 2, 1),
(283, 'P-0017', 'Bolígrafo Azor punto fino color azul Bolígrafo Azor punto fino color azul', '', '1.00', 6, '2024-01-08 00:00:00', 6, 5, 1, 1, 'IMG_20231108_131236_084_hdr.jpg', 5, 2, 1),
(284, 'P-0018', 'Marcador Esterbrook negro Marcador Esterbrook negro', '', '28.12', 8, '2024-01-08 00:00:00', 6, 5, 1, 1, 'IMG_20231108_131330_455_hdr.jpg', 5, 2, 1),
(285, 'P-0019', 'Marcador Esterbrook color azul Marcador Esterbrook color azul', '', '28.12', 3, '2024-01-08 00:00:00', 4, 5, 1, 1, 'IMG_20231108_131521_459_hdr.jpg', 5, 2, 1),
(286, 'P-0020', 'Marcador Esterbrook color rojo Marcador Esterbrook color rojo', '', '28.12', 2, '2024-01-08 00:00:00', 6, 5, 1, 1, 'IMG_20231108_132237_713_hdr.jpg', 5, 2, 1),
(287, 'P-0021', 'Boligrafo BIC color negro punto fino Boligrafo BIC color negro punto fino', '', '1.00', 4, '2024-01-08 00:00:00', 6, 5, 1, 1, 'IMG_20231108_131634_257_hdr.jpg', 5, 2, 1),
(288, 'P-0022', 'Bolígrafo BIC color negro punto mediano Bolígrafo BIC color negro punto mediano', '', '1.00', 5, '2024-01-08 00:00:00', 6, 5, 1, 1, 'IMG_20231108_131711_565_hdr.jpg', 5, 2, 1),
(289, 'P-0023', 'Lapiz Paper Mate HB 2.5 Lapiz Paper Mate HB 2.5', '', '1.00', 12, '2024-01-08 00:00:00', 6, 5, 1, 1, 'IMG_20231108_132053_648_hdr.jpg', 5, 2, 1),
(290, 'P-0024', 'Marcador Azor grueso color rojo Marcador Azor grueso color rojo', '', '15.24', 2, '2024-01-08 00:00:00', 6, 5, 1, 1, 'IMG_20231108_132209_726_hdr.jpg', 5, 2, 1),
(291, 'P-0025', 'Marcador sharpie punto ultra fino color negro Marcador sharpie punto ultra fino color negro', '', '17.10', 10, '2024-01-08 00:00:00', 6, 5, 1, 1, 'IMG_20231108_132331_183_hdr.jpg', 5, 2, 1),
(292, 'P-0026', 'Marcador colores surtido Marcador colores surtido', '', '11.20', 4, '2024-01-08 00:00:00', 6, 5, 1, 1, 'IMG_20231108_132107_774_hdr.jpg', 5, 2, 1),
(293, 'P-0027', 'Marcador Magistral color negro Marcador Magistral color negro', '', '18.62', 4, '2024-01-08 00:00:00', 6, 5, 1, 1, 'IMG_20231108_132439_110_hdr.jpg', 5, 2, 1),
(294, 'P-0028', 'Lapiz adhesivo Dixon Lapiz adhesivo Dixon', '', '1.00', 6, '2024-01-08 00:00:00', 6, 5, 1, 1, 'IMG_20231108_132710_926_hdr.jpg', 5, 2, 1),
(295, 'P-0029', 'Masking Tape Janel 24mm', 'FILA 1', '23.66', 7, '2024-01-08 00:00:00', 2, 5, 1, 1, 'IMG_20231108_132844_337_hdr.jpg', 5, 2, 1),
(296, 'I-0270', 'Disco para esmeril, corte de metal, delgado de 4-1/2\" marca Astromex O TRUPER', 'LOCKER FILA 4', '18.10', 11, '2024-01-08 00:00:00', 2, 4, 1, 1, 'IMG20231110103057.jpg', 5, 2, 1),
(297, 'H-0141', 'Boquilla ER40 1/4\" (7-6mm) Boquilla ER40 1/4\" (7-6mm)', 'HM3-8', '580.00', 0, '2024-01-08 00:00:00', 3, 2, 1, 1, 'IMG20231110133250.jpg', 5, 2, 1),
(298, 'H-0142', 'Boquilla ER32 3/32\" (3-2mm) Boquilla ER32 3/32\" (3-2mm)', 'HM3-8', '539.00', 0, '2024-01-08 00:00:00', 3, 2, 1, 1, 'IMG20231110133258.jpg', 5, 2, 1),
(299, 'H-0143', 'Rima recta 3/16', 'HM3-7', '882.00', 1, '2024-01-08 00:00:00', 3, 2, 1, 1, 'IMG20231110133317.jpg', 5, 1, 1),
(300, 'H-0144', 'Broca HSS 4F 3/32', 'HM2-2', '28.00', 10, '2024-01-08 00:00:00', 3, 2, 1, 1, 'IMG20231110133421.jpg', 5, 10, 1),
(301, 'H-0145', 'Sierra cinta classic 3/4\" X 39\" 6-10 dientes Lenox Sierra cinta classic 3/4\" X 39\" 6-10 dientes Lenox', 'HM4-1', '960.00', 0, '2024-01-08 00:00:00', 3, 2, 1, 1, 'IMG20231110133636.jpg', 5, 2, 1),
(302, 'H-0146', 'Broca HSS #7 Cleveland Broca HSS #7 Cleveland', 'HM2-2', '50.75', 6, '2024-01-08 00:00:00', 3, 2, 1, 1, 'IMG20231110133415.jpg', 5, 6, 1),
(303, 'H-0147', 'Broca HSS #20 Cleveland Broca HSS #20 Cleveland', 'HM2-2', '50.75', 5, '2024-01-08 00:00:00', 3, 2, 1, 1, 'IMG20231110133410.jpg', 5, 5, 1),
(304, 'H-0148', 'Cortador vertical de HSS 4F 1/8\" CLEV Cortador vertical de HSS 4F 1/8\" CLEV', '', '340.75', 0, '2024-01-08 00:00:00', 3, 2, 1, 1, 'IMG20231110133343.jpg', 5, 2, 1),
(305, 'I-0041', 'Plasti Loka Plasti Loka', 'LOCKER FILA 2', '25.00', 2, '2024-01-08 00:00:00', 2, 4, 1, 1, 'IMG20231114083449.jpg', 5, 2, 1),
(306, 'MARC001-6M', 'TORNILLO SUJECION 2, (TORNILLO PARA PORTA PLATINA Y BASE DE CALIBRACION).', '', '10.00', 205, '2024-01-08 00:00:00', 9, 3, 1, 1, 'IMG_20231003_085415_568_hdr.jpg', 2, 2, 1),
(307, 'MARC001-6G', 'SOPORTE DE PANTALLA CENTRAL', '', '25.00', 50, '2024-01-08 00:00:00', 9, 3, 1, 1, 'IMG_20231027_075910_962_hdr.jpg', 3, 2, 1),
(308, 'MARC001-5J', 'PANTALLA DE REGISTRO DERECHA', '', '15.00', 66, '2024-01-08 00:00:00', 9, 3, 1, 1, 'IMG_20231010_075948_466.jpg', 3, 2, 1),
(309, 'MARC001-5H', 'PANTALLA DE REGISTRO IZQUIERDA', '', '15.00', 66, '2024-01-08 00:00:00', 9, 3, 1, 1, 'pantallas derechas.jpg', 3, 2, 1),
(310, 'MARC001-5A', 'MESA INCISAL', '', '25.00', 325, '2024-01-08 00:00:00', 9, 3, 1, 1, 'IMG_20230913_083850_991_hdr.jpg', 3, 2, 1),
(311, 'MARC001-5T', 'Varilla para Sujeción Central', 'GABETA-G3', '25.00', 65, '2024-01-08 00:00:00', 9, 3, 1, 1, 'varillacentral.jpg', 3, 2, 1),
(312, 'S/C', '', '', '0.00', 100, '2024-01-08 00:00:00', 1, 6, 1, 1, 'IMG20231122153955.jpg', 5, 2, 1),
(313, 'I-0042', 'Gasolina Blanca Gasolina Blanca ', '', '90.00', 20, '2024-01-08 00:00:00', 2, 7, 1, 1, 'IMG20231114130100.jpg', 5, 2, 1),
(314, 'I-0043', 'Retazo de Trapo blanco Retazo de Trapo blanco', '', '100.00', 20, '2024-01-08 00:00:00', 2, 7, 1, 1, 'IMG20231114130103.jpg', 5, 2, 1),
(315, 'H-0149', 'Boquilla ER40 1/8\"(4-3) Boquilla ER40 1/8\"(4-3)', 'HM3-8', '580.00', 0, '2024-01-08 00:00:00', 3, 2, 1, 1, 'IMG20231122115247.jpg', 5, 2, 1),
(316, 'H-0150', 'Broca numerica #19 Cleveland Broca numerica #19 Cleveland', 'HM2-5', '50.75', 4, '2024-01-08 00:00:00', 3, 2, 1, 1, 'IMG20231122115311.jpg', 5, 5, 1),
(317, 'H-0151', 'Llave allen bola 3/32\" en L Llave allen bola 3/32\" en L', 'LOCKER FILA 3', '38.00', 10, '2024-01-08 00:00:00', 1, 2, 1, 1, 'IMG20231122115332.jpg', 5, 2, 1),
(318, 'H-0152', 'Broca HSS 1/8\" larga Broca HSS 1/8\" larga', '', '50.75', 0, '2024-01-08 00:00:00', 3, 2, 1, 1, 'IMG20231122115411.jpg', 5, 2, 1),
(319, 'I-0044', 'PELICULA ESTIRABLE DE 5\" C80, Playo para empaque rollo chico', 'ALMACEN GENERAL', '37.00', 37, '2024-01-08 00:00:00', 2, 4, 1, 1, 'IMG20231114130404.jpg', 5, 2, 1),
(320, 'ACTUALIZAR', 'ACTUALIZAR', '', '0.00', 0, '2024-01-08 00:00:00', 10, 3, 1, 1, 'IMG20231116145914.jpg', 5, 2, 1),
(321, 'MARC001-4K', 'VARILLA PARA NIVEL (articulador)', 'GABETA G7', '25.00', 50, '2024-01-08 00:00:00', 9, 3, 1, 1, 'Captura de pantalla 2023-11-23 140637.png', 3, 2, 1),
(322, 'MARC001-5R', 'Pin de Marca Central', 'GABETA-G2', '10.00', 50, '2024-01-08 00:00:00', 9, 3, 1, 1, 'Captura de pantalla 2023-11-23 141330.png', 3, 2, 1),
(323, 'I-0045', 'Cuchillas, Navajas de repuesto de 18mm Cuchillas, Navajas de repuesto de 18mm', 'LOCKER FILA 3', '3.14', 17, '2024-01-08 00:00:00', 1, 4, 1, 1, '.trashed-1703363215-IMG20231123142433.jpg', 5, 2, 1),
(324, 'H-0153', 'Lima Plana Muza de 8\" con mango Lima Plana Muza de 8\" con mango', 'LOCKER FILA 4', '65.52', 2, '2024-01-08 00:00:00', 1, 4, 1, 1, 'IMG20231123143139.jpg', 5, 2, 1),
(325, 'H-0154', 'Juego de 11 Brocas para Metal y concreto Juego de 11 Brocas para Metal y concreto', '', '176.00', 0, '2024-01-08 00:00:00', 1, 4, 1, 1, 'IMG20231123142325.jpg', 5, 2, 1),
(326, 'I-0046', 'Guantes de nylon recubiertos de poliuretano MEDIANOS Guantes de nylon recubiertos de poliuretano MEDIANOS', '', '42.00', 10, '2024-01-08 00:00:00', 1, 4, 1, 1, 'IMG20231123142300.jpg', 5, 2, 1),
(327, 'I-0047', 'Guantes de nylon recubiertos de poliuretano GRANDES', 'LOCKER', '42.24', 15, '2024-01-08 00:00:00', 2, 4, 1, 1, 'IMG20231123142307.jpg', 5, 2, 1),
(328, 'H-0155', 'Escuadra Para Carpintero de 8\" Escuadra Para Carpintero de 8\"', 'LOCKER FILA 4', '99.00', 2, '2024-01-08 00:00:00', 1, 4, 1, 1, 'IMG20231123142858.jpg', 5, 2, 1),
(329, 'I-0048', 'Segueta bimetálica de 18DPP largo de 12\" Segueta bimetálica de 18DPP largo de 12\"', 'LOCKER FILA 4', '20.25', 8, '2024-01-08 00:00:00', 1, 4, 1, 1, 'IMG20231123143300.jpg', 5, 2, 1),
(330, 'I-0049', 'Segueta Bimetálica de 24DPP, 12\" de largo Segueta Bimetálica de 24DPP, 12\" de largo', 'LOCKER FILA 4', '20.25', 8, '2024-01-08 00:00:00', 1, 4, 1, 1, 'IMG20231123143322.jpg', 5, 2, 1),
(331, 'H-0156', 'Llave combinada de 1/2\" X 170mm. de largo Llave combinada de 1/2\" X 170mm. de largo', 'LOCKER FILA 3', '25.00', 1, '2024-01-08 00:00:00', 1, 4, 1, 1, 'IMG20231123143227.jpg', 5, 2, 1),
(332, 'H-0157', 'Llave combinada 9/16\" X 180mm de largo Llave combinada 9/16\" X 180mm de largo', 'LOCKER FILA 3', '30.17', 1, '2024-01-08 00:00:00', 1, 4, 1, 1, 'IMG20231123143215.jpg', 5, 2, 1),
(338, 'H-0159', 'Broca de cobalto C/ Alcrona 1/8\" X 70mm Corte 13mm largo total DORMER', 'HM2-1', '756.00', 2, '2024-01-08 00:00:00', 3, 2, 1, 1, 'IMG20231206152658.jpg', 5, 2, 1),
(339, 'H-0160', 'Broca HSS Alfabética Letra', 'HM2-2', '65.25', 4, '2024-01-08 00:00:00', 3, 2, 1, 1, 'IMG20231206152430.jpg', 5, 5, 1),
(341, 'H-0161', 'Inserto de carburo A4R125I03P00GMN KCU10 KENNAMETAL', 'HM3-5', '546.00', 0, '2024-01-08 00:00:00', 3, 2, 1, 1, 'IMG20240102133744.jpg', 5, 10, 1),
(342, 'H-0162', 'PortaHerramientas Derecho A4SMR1616K0314 KENNAMETAL', '', '3208.75', 0, '2024-01-08 00:00:00', 3, 2, 1, 1, 'IMG20240102133754.jpg', 5, 2, 1),
(343, 'H-0163', 'Broca HSS Alfabetica Letra \"D\" Clev', 'HM2-3', '65.25', 4, '2024-01-08 00:00:00', 3, 2, 1, 1, 'IMG20240102134457.jpg', 5, 2, 1),
(344, 'H-0164', 'BROCA HSS NUMERICA \"#30\" CLEV', 'HM2-4', '43.50', 5, '2024-01-08 00:00:00', 3, 2, 1, 1, 'IMG20240102133730.jpg', 5, 2, 1),
(345, 'H-0165', 'Broca HSS Alfabetica Letra', 'HM2-3', '85.55', 5, '2024-01-08 00:00:00', 3, 2, 1, 1, 'IMG20240102134427.jpg', 5, 5, 1),
(346, 'H-0166', 'Broca HSS Numerica', 'HM2-4', '50.75', 4, '2024-01-08 00:00:00', 3, 2, 1, 1, 'IMG20240102133812.jpg', 5, 5, 1),
(347, 'H-0167', 'RIMA HSS 3/16', 'HM3-7', '913.50', 0, '2024-01-08 00:00:00', 3, 2, 1, 1, 'IMG20240102134304.jpg', 5, 1, 1),
(350, 'MARC001-6F', 'PERNO PARA PANTALLA CENTRAL DE 1/4\" x 1-1/2\", PERNO RECTIFICADO ACERO INOXIDABLE DE 1/4\" x 1-1/2\"', 'A14', '10.00', 222, '2024-01-08 00:00:00', 9, 3, 1, 1, 'PERNO_PARA_PANTALLA_46.jpg', 1, 2, 1),
(351, 'ACTUALIZAR', 'ACTUALIZAR', '', '0.00', 0, '2024-01-08 00:00:00', 10, 4, 1, 1, 'PERNO_2_DE_PANTALLA_CENTRAL_DE_1_1_4_x_3_16_63.jpg', 5, 2, 1),
(352, 'MARC001-5W', 'PERNO 2 PARA PANTALLA DERECHA O IZQUIERDA DE 5/16\" x 1\"', 'A10', '8.21', 232, '2024-01-08 00:00:00', 9, 4, 1, 1, 'PERNO_2_PARA_PANTALLA_DERECHA_O_IZQUIERDA_DE_1_pulgada_x_5-16_pulgadas_89.jpg', 1, 2, 1),
(353, 'MARC001-4X', 'IMAN DE NEODIMIO CUADRADO DE 15X15X3MM', 'A3', '14.09', 496, '2024-01-08 00:00:00', 9, 12, 1, 1, 'IMAN_DE_NEODIMIO_DE_15X15X3MM_96.jpg', 4, 2, 1),
(354, 'MARC001-5D', 'BASE INFERIOR', '', '116.17', 199, '2024-01-08 00:00:00', 9, 3, 1, 1, 'BASE_INFERIOR_32.png', 3, 2, 1),
(355, 'MARC001-6H', 'PANTALLA CENTRAL', '', '113.18', 135, '2024-01-08 00:00:00', 9, 3, 1, 1, 'PANTALLA_CENTRAL_28.png', 3, 2, 1),
(356, 'MARC001-5F', 'BASTIDOR MARCO CPI', '', '325.38', 100, '2024-01-08 00:00:00', 9, 3, 1, 1, 'BASTIDOR_MARCO_CPI_19.png', 3, 2, 1),
(358, 'MARC001-5M', 'IMAN DE NEODIMIO REDONDO 3/4 x 0.100', 'A6', '26.68', 595, '2024-01-14 00:00:00', 9, 25, 1, 1, 'IMG20231122153955.jpg', 4, 2, 1),
(359, 'MARC001-5Z', 'PERNO 1 PARA PANTALLA DERECHA O IZQUIERDA, PERNO SOLIDO RECTIFICADO ACERO INOXIDABLE DE  1/4\" x 1\"', 'A11', '10.00', 239, '2024-01-15 00:00:00', 9, 4, 1, 1, 'perno1pantalla.png', 1, 2, 1),
(360, 'MARC001-7M', 'SOPORTE NASAL', '', '10.00', 50, '2024-01-16 00:00:00', 9, 3, 1, 1, 'SOPORTE_NASAL_77.png', 3, 2, 1),
(361, 'MARC001-7W', 'CONECTOR 2 HORQUILLA', '', '10.00', 189, '2024-01-16 00:00:00', 9, 3, 1, 1, 'CONECTOR_2_HORQUILLA_28.png', 3, 2, 1),
(362, 'MARC001-7K', 'CONECTOR 1 HORQUILLA', '', '10.00', 180, '2024-01-16 00:00:00', 9, 3, 1, 1, 'CONECTOR_1_HORQUILLA_12.png', 3, 2, 1),
(363, 'MARC001-7T', 'OLIVA', '', '10.00', 140, '2024-01-16 00:00:00', 9, 3, 1, 1, 'OLIVA_39.png', 3, 2, 1),
(364, 'MARC001-7Y', 'TRAVESAÑO PARA PERNO', '', '20.00', 234, '2024-01-16 00:00:00', 9, 3, 1, 1, 'TRAVESAÑO_PARA_PERNO_39.png', 3, 2, 1),
(366, 'H-0168', 'BOQUILLA ER32 3/16\" (5-4)', 'HM3-8', '539.00', 0, '2024-01-16 00:00:00', 3, 2, 1, 1, 'BOQUILLA_ER32_17.jpg', 5, 2, 1),
(367, 'H-0169', 'MACHUELO HELICOIDAL M4 x 0.7 ROYCO', 'HM2-19', '769.50', 2, '2024-01-16 00:00:00', 3, 2, 1, 1, 'MACHUELO_HELICOIDAL_M4_x_0.7_ROYCO_28.jpg', 5, 7, 1),
(368, 'H-0170', 'MACHUELO HELICOIDAL M5 x 0.8 ROYCO', 'HM2-19', '769.50', 5, '2024-01-16 00:00:00', 3, 2, 1, 1, 'MACHUELO_HELICOIDAL_M5_x_0.8_ROYCO_21.jpg', 5, 5, 1),
(369, 'H-0171', 'MACHUELO HELICOIDAL M6 x 1 ROYCO', 'HM2-19', '769.50', 6, '2024-01-16 00:00:00', 3, 2, 1, 1, 'MACHUELO_HELICOIDAL_M6_x_1_ROYCO_68.jpg', 5, 5, 1),
(370, 'H-0172', 'MACHUELO GUN 2F  3/16\" - 24 ROYCO 2B 2S/P', 'HM2-19', '152.25', 4, '2024-01-16 00:00:00', 3, 2, 1, 1, 'MACHUELO_GUN_2F__3_16_-_24_ROYCO_33.jpg', 5, 2, 1),
(371, 'H-0173', 'CORTADOR VERTICAL RECTO 1/2\" 4FL ALTIN', 'HM2-13', '1222.00', 2, '2024-01-16 00:00:00', 3, 2, 1, 1, 'CORTADOR_VERTICAL_RECTO_1_2_4FL_ALTIN_27.jpg', 5, 2, 1),
(372, 'H-0174', 'CORTADOR DE CARBURO LARGO 1/8\" x 4\" 4FL BRILLANTE', 'HM2-11', '504.00', 4, '2024-01-16 00:00:00', 3, 2, 1, 1, 'CORTADOR_DE_CARBURO_LARGO_1_8_x_4_4FL_BRILLANTE_75.jpg', 5, 3, 1),
(373, 'H-0175', 'BROCA DE CENTRO #1 CLEV', 'HM2-1', '72.50', 6, '2024-01-16 00:00:00', 3, 2, 1, 1, 'BROCA_DE_CENTRO_1_CLEV_0.jpg', 5, 2, 1),
(374, 'H-0176', 'CORTADOR  VERTICAL A.V. 4F 3mm GREENFIELD', 'HM2-13', '145.00', 1, '2024-01-16 00:00:00', 3, 2, 1, 1, 'CORTADOR_VERTOCAL_A.V._4F_3mm_GREEBFIELD_59.jpg', 5, 1, 1),
(375, 'H-0177', 'MACHUELO HELICOIDAL N10-24 ROYCO', 'HM2-19', '540.00', 5, '2024-01-16 00:00:00', 3, 2, 1, 1, 'MACHUELO_HELICOIDAL_N10-24_ROYCO_95.jpg', 5, 3, 1),
(376, 'MARC001-5K', 'VARILLA DE NIVEL', 'GABETA-G4', '4.63', 50, '2024-01-18 00:00:00', 9, 3, 1, 1, 'VARILLA_DE_NIVEL_18.png', 3, 2, 1),
(377, 'MARC001-5Y', 'BASE COLUMNA DE CALIBRACION', '', '158.50', 96, '2024-01-18 00:00:00', 9, 3, 1, 1, 'BASE_COLUMNA_DE_CALIBRACION_97.png', 3, 2, 1),
(378, 'MARC001-5G', 'BASE SUPERIOR CPI', '', '258.06', 101, '2024-01-23 00:00:00', 9, 3, 1, 1, 'BASE_SUPERIOR_CPI_10.png', 3, 2, 1),
(379, 'MARC001-4A', 'MARCO PARA ANALOGO', '', '10.00', 89, '2024-01-24 00:00:00', 9, 3, 1, 1, 'PERNO_DE_POSICION_79.jpg', 3, 2, 1),
(380, 'H-0178', 'SET DE BOQUILLAS ER 32 ORION', '', '233.50', 1, '2024-01-24 00:00:00', 3, 11, 1, 2, 'SET_DE_BOQUILLAS_ER_32_ORION_60.jpg', 5, 2, 1),
(381, 'H-0179', 'CONO CAT 40 A ER16, PROYECCIÓN DE 101.6mm, MCA. SANDVIK', '', '149.90', 3, '2024-01-24 00:00:00', 3, 11, 1, 2, 'CONO_CAT_40_A_ER16,_PROYECCIÓN_DE_101.6mm,_MCA._SANDVIK_77.jpg', 5, 2, 1),
(382, 'H-0180', 'LLAVE PARA TUERCA CONO CAT 40 A ER16, MCA. Sandvik', '', '27.40', 1, '2024-01-24 00:00:00', 3, 11, 1, 2, 'LLAVE_PARA_TUERCA_CONO_CAT_40_A_ER16,_MCA._Sandvik_4.png', 5, 2, 1),
(383, 'H-0181', 'CONO CAT 40 A ER20, PROYECCIÓN DE 152.4mm, MCA. SANDVIK.', '', '149.90', 4, '2024-01-24 00:00:00', 3, 11, 1, 2, 'CONO_CAT_40_A_ER20,_PROYECCIÓN_DE_152.4mm,_MCA._SANDVIK._98.jpg', 5, 2, 1),
(384, 'H-0182', 'LLAVE PARA TUERCA CONO CAT 40 A ER20, MCA. Sandvik.', '', '27.40', 1, '2024-01-24 00:00:00', 3, 11, 1, 2, 'LLAVE_PARA_TUERCA_CONO_CAT_40_A_ER20,_MCA._Sandvik._71.jpg', 5, 2, 1),
(385, 'H-0183', 'TORNILLO DE RETENCIÓN, PULL STUD, ROSCA M16, MCA. Sandvik.', '', '40.15', 2, '2024-01-24 00:00:00', 3, 11, 1, 2, 'TORNILLO_DE_RETENCIÓN,_PULL_STUD,_ROSCA_M16,_MCA._Sandvik._13.jpg', 5, 2, 1),
(386, 'H-0184', 'PORTA PINZAS (BOQUILLA) ER20, RANGO DE 2mm A 13mm, MCA. ORION, TECNOLOGÍA ALEMANA', '', '150.00', 1, '2024-01-24 00:00:00', 3, 11, 1, 2, 'PORTA_PINZAS_(BOQUILLA)_ER20,_RANGO_DE_2mm_A_13mm,_MCA._ORION,_TECNOLOGÍA_ALEMANA_10.jpg', 5, 2, 1),
(387, 'H-0185', 'PORTA PINZAS (BOQUILLA) ER16, RANGO DE 0.5mm A 10mm, MCA. ORION, TECNOLOGÍA ALEMANA', '', '180.00', 1, '2024-01-24 00:00:00', 3, 11, 1, 2, 'PORTA_PINZAS_(BOQUILLA)_ER16,_RANGO_DE_0.5mm_A_10mm,_MCA._ORION,_TECNOLOGÍA_ALEMANA_2.png', 5, 2, 1),
(388, 'H-0186', 'INSERTO DE CARBURO DGN 2202JT IC 808ISCAR', 'HM2-16', '32.50', 0, '2024-01-24 00:00:00', 3, 2, 1, 2, 'INSERTO_DE_CARBURO_DGN_2202JT_IC_808ISCAR_85.jpg', 5, 10, 1),
(389, 'H-0187', 'Fresa 4 filos, diámetro 1/8 con longitud de corte 1-1/8 y longitud total 3, con mango cilindrico 1/8, carburo en acabado brillante, DORMER', 'HM2-10', '20.71', 10, '2024-02-06 00:00:00', 3, 11, 1, 2, NULL, 5, 4, 1),
(390, 'H-0188', 'Fresa 4 filos, diámetro 1/4\" con longitud de corte 1-1/8\" y longitud total 3\", con\r\nmango cilíndrico 1/4\", carburo en, acabado brillante Marca Dormer', '', '26.10', 6, '2024-02-06 00:00:00', 3, 11, 1, 2, NULL, 5, 2, 1),
(391, 'H-0189', 'Fresa 4 filos, diámetro 3/8\" con longitud de corte 1-1/8\" y longitud total 3\", con\r\nmango cilíndrico 3/8\", carburo en, acabado brillante Marca Dormer', '', '36.30', 6, '2024-02-06 00:00:00', 3, 11, 1, 2, NULL, 5, 2, 1);
INSERT INTO `productos` (`id_producto`, `codigo_producto`, `nombre_producto`, `ubicacion`, `precio`, `stock`, `fecha_registro`, `id_categoria`, `id_proveedor`, `id_unidad`, `id_moneda`, `url_imagen`, `id_subcategoria`, `stock_deseado`, `status`) VALUES
(392, 'H-0190', 'CORTADOR DE 1/2 DE DIAMETRO 4 FILOS DECORTE X 1 DE LARGO DE CORTE X 3 DE LARGOTOTAL MCA. DORMER', 'HM2-10', '43.29', 6, '2024-02-06 14:35:35', 3, 11, 1, 2, NULL, 5, 3, 1),
(393, 'H-0191', 'CORTADOR DE 3/4 DE DIAMETRO 4 FILOS DECORTE X 1 1/2 DE LARGO DE CORTE X 4 DELARGO TOTAL MCA. DORMER', 'HM3-8', '122.62', 4, '2024-02-06 14:40:35', 3, 11, 1, 2, NULL, 5, 2, 1),
(396, 'MARC001-6A', 'ARANDELA PLANA DIAMETRO 12.7MM, SPECIAL FLAT WASHER .750 X .193 X .040 W-07514', 'A12', '0.12', 1000, '2024-02-07 10:10:09', 9, 10, 1, 2, 'ARANDELA_SPECIAL_FLAT_WASHER_.750_X_.193_X_.040_82.jpg', 4, 2, 1),
(397, 'MARC001-5E', 'ARANDELA PLANA MESA, SPECIAL FLAT WASHER .500 X .265 X .031  W-5031', 'A7', '0.06', 973, '2024-02-07 10:12:24', 9, 10, 1, 2, 'ARANDELA_SPECIAL_FLAT_WASHER_.500_X_.265_X_.031_2.jpg', 4, 2, 1),
(398, 'MARC001-7D', 'ARANDELA PLANA 1.6MM, SPECIAL FLAT WASHER .750 X .257 X .062 W-07530', 'D3', '0.08', 1000, '2024-02-07 10:17:52', 9, 10, 1, 2, 'ARANDELA_SPECIAL_FLAT_WASHER_.750_X_.257_X_.062_59.jpg', 4, 2, 1),
(399, 'H-0192', 'INSERTO DE CARBURO NG2031RK KC5025 KENNAMETAL', 'HM2-16', '469.00', 10, '2024-02-07 12:23:14', 3, 2, 1, 1, 'INSERTO_DE_CARBURO_NG2031RK_KC5025_KENNAMETAL_82.jpg', 5, 10, 1),
(400, 'H-0193', 'CORTADOR DE CARBURO, D 3/16 x 1-1/2 C x 4 LT 4 4FL BRILLANTE', 'HM2-12', '672.00', 1, '2024-02-08 10:35:15', 3, 2, 1, 1, 'CORTADOR_DE_CARBURO_3_16_x_1_Y_MEDIO_CORTE_x_4_LT_4_4FL_BRILLANTE_64.jpg', 5, 3, 1),
(401, 'H-0194', 'MACHUELO HELICOIDAL M3 x 0.5', 'HM2-19', '686.00', 2, '2024-02-08 10:36:55', 3, 2, 1, 1, 'MACHUELO_HELICOIDAL_M3_x_0.5_55.jpg', 5, 2, 1),
(402, 'H-0195', 'FRESA DE DOBLE CORTE DE CARBURO SL-4', 'HM2-14', '784.00', 2, '2024-02-08 10:46:59', 3, 2, 1, 1, 'LIMA_ROTATIVA_CONICA_DE_CARBURO_SL-4_99.jpg', 5, 2, 1),
(404, 'H-0197', 'CORTADOR DE CARBURO 3/16\" x 2\" 4FL', 'HM2-11', '414.45', 1, '2024-02-16 14:10:11', 3, 2, 1, 1, 'CORTADOR_DE_CARBURO_3_16_PULGADAS_x_2_PULGADAS_4FL_10.jpg', 5, 2, 1),
(405, 'H-0197', 'BROCA LARGA 1/8\" x 5-1/8\"  CLEV', 'HM2-4', '91.50', 2, '2024-02-16 14:12:31', 3, 2, 1, 1, 'BROCA_LARGA_1_8_x_5_1_8__CLEV_83.jpg', 5, 2, 1),
(406, 'H-0198', 'BROCA EXTRA LARGA 1/8\"  x 8\" CLEV', 'HM3-1', '301.00', 2, '2024-02-16 14:15:06', 3, 2, 1, 1, 'BROCA_EXTRA_LARGA_1_8__x_8_CLEV_53.jpg', 5, 2, 1),
(407, 'H-0199', 'LLAVE TORX  T9x6\" URREA', 'LOCKER FILA 3', '183.40', 1, '2024-02-16 14:18:34', 1, 2, 1, 1, 'LLAVE_TORX__T9x6_URREA_56.jpg', 5, 2, 1),
(408, 'H-0200', 'LLAVE TORX T10x6\" URREA', 'LOCKER FILA 3', '183.40', 0, '2024-02-16 14:19:53', 1, 2, 1, 1, 'LLAVE_TORX_T10x6_URREA_11.jpg', 5, 2, 1),
(409, 'H-0201', 'PORTA PINZAS BOQUILLA ER20 RANGO DE 2mm A 13mm', '', '180.00', 0, '2024-02-19 10:29:53', 3, 11, 1, 2, 'PORTA_PINZAS_BOQUILLA_ER20_RANGO_DE_2mm_A_13mm_90.jpg', 5, 2, 1),
(410, 'H-0202', 'Broca serie extra larga con zanco cilíndrico, D 1/8 o 0.1252, L 160 mm. MCA, DOMMER', 'HM3-5', '23.25', 4, '2024-02-22 10:24:02', 3, 11, 1, 2, 'Broca_serie_extra_larga__22.jpg', 5, 4, 1),
(411, 'I-0051', 'CUBETA 19 LT REFRIGERANTE PARA CNC BLASER UNIVERSAL 2000', '', '362.50', 1, '2024-03-11 15:41:01', 2, 2, 1, 2, 'CUBETA_19_LT_REFRIGERANTE_PARA_CNC_BLASER_UNIVERSAL_2000_44.jpg', 5, 2, 1),
(412, 'I-0052', 'ACEITE 3 EN UNO 90ML', 'LOCKER FILA 2', '56.00', 5, '2024-03-11 15:43:04', 2, 2, 1, 1, 'ACEITE_3_EN_UNO_90ML_44.jpg', 5, 2, 1),
(413, 'H-0203', 'BROCA RECTA A.V. 43/64\" CLEV', 'HM3-5', '658.00', 1, '2024-03-11 15:50:54', 3, 2, 1, 1, 'BROCA_RECTA_A_V_43_64_CLEV_31.jpg', 5, 2, 1),
(414, 'H-0204', 'BROCA RECTA A.V. 21/32\" CLEV', 'HM3-5', '644.00', 1, '2024-03-11 16:01:43', 3, 2, 1, 1, 'BROCA_RECTA_A_V_21_32_CLEV_18.jpg', 5, 2, 1),
(415, 'H-0205', 'MACHUELO HELICOIDAL 5/16-18 GH2 3FX MB S/O', 'HM3-6', '900.00', 8, '2024-03-14 15:20:07', 3, 2, 1, 1, 'MACHUELO_HELICOIDAL_5_16_18_GH2_3FX_MB_S_O_91.jpg', 5, 2, 1),
(416, 'H-0206', 'fresa para redondear esquinas, corner rounding end mill 3/16 x 1/2', 'HM2-15', '980.00', 1, '2024-03-15 11:45:57', 3, 2, 1, 1, 'fresa_para_redondear_esquinas,_corner_rounding_end_mill_3_16_x_1_2_5.jpg', 5, 2, 1),
(417, 'H-0207', 'BROCA #16', 'HM2-1', '70.00', 5, '2024-03-19 13:33:23', 3, 2, 1, 1, 'BROCA_16_1.jpg', 5, 10, 1),
(418, 'H-0208', 'SIERRA CINTA LONGITUD DE 2,362mm (93', 'HM4-1', '44.96', 6, '2024-03-19 13:42:24', 3, 11, 1, 2, 'SIERRA_CINTA_LONGITUD_DE_2,362mm_(93,_FABRICACION_ESPECIAL),_DIENTE_M42,_COMBINADO,_MCA._GARANT,,_TECNOLOGIA_ALEMANA_90.jpg', 5, 4, 1),
(419, 'H-0209', 'BROCA DE CENTROS 1.6mm, EXTRA LARGA, ACERO AL COBALTO (HSS+E), MCA. GARANT. TECNOLOGIA ALEMANA', 'HM2-10', '26.80', 2, '2024-03-19 13:46:50', 3, 11, 1, 2, 'BROCA_DE_CENTROS_1.6mm,_EXTRA_LARGA,_ACERO_AL_COBALTO_(HSS+E),_MCA._GARANT._TECNOLOGIA_ALEMANA_31.jpg', 5, 2, 1),
(420, 'H-0210', 'BROCA DE CENTROS 3mm, EXTRA LARGA, ACERO AL COBALTO (HSS+E), MCA. GARANT. TECNOLOGIA ALEMANA.', 'HM2-10', '20.50', 0, '2024-03-19 13:48:03', 3, 11, 1, 2, 'BROCA_DE_CENTROS_3mm,_EXTRA_LARGA,_ACERO_AL_COBALTO_(HSS+E),_MCA._GARANT._TECNOLOGIA_ALEMANA._41.jpg', 5, 2, 1),
(421, 'MARC001-6J', 'TORNILLO PARA PANTALLA CENTRAL, TORNILLO SOCKET CILINDRO NEGRO M5 x 8mm', 'A15', '0.74', 165, '2024-03-21 14:49:06', 9, 13, 1, 1, 'TORNILLO_PARA_PANTALLA_CENTRAL_3_16_93.jpg', 1, 2, 1),
(422, 'MARC001-8E', 'OPRESOR 1/4\", ANILLO DE RETENCION 1/4\" , SEGURO TRUAC EXTERIOR 1/4\"', 'B11', '1.88', 400, '2024-03-21 14:54:37', 9, 13, 1, 1, 'OPRESOR_14_41.jpg', 1, 2, 1),
(423, 'MARC001-8C', 'ORING PARA TRAVESAÑO, PERNOS, H70005- NBR 70 568-005 CS: 0.070 X ID:0.101 ORING D.I. 0.101, D.E. 7/32 W 1/16', 'B9', '0.34', 1600, '2024-03-21 15:28:26', 9, 13, 1, 1, 'ORING_PARA_TRAVESAÑO,_PERNOS_5.jpg', 4, 2, 1),
(424, 'MARC001-8X', 'MOCHILA PARA ARTICULADOR', '', '340.00', 149, '2024-03-22 14:52:12', 9, 4, 1, 1, 'MOCHILA_PARA_ARTICULADOR_93.jpg', 4, 2, 1),
(425, 'pru-001', 'prueba', '', '10.00', 2, '2024-03-29 23:14:07', 10, 4, 1, 1, 'prueba_93.png', 5, 2, 1),
(426, 'H-0211', 'Escariador manual con cuchillas de hélice lenta a izquierda, diámetro 4.76mm (3/16&quot;) longitud total 87mm, longitud de cuchilla de 44mm, Para escariar agujeros tolerancia H7, HSS DOMER', 'HM3-7', '45.00', 2, '2024-04-01 12:27:17', 3, 11, 1, 2, 'Escariador_manual_con_cuchillas_de_h_lice_lenta_a_izquierda_di_metro_4_76mm_3_16_longitud_total_87mm_longitud_de_cuchilla_de_44mm_Para_escariar_agujeros_tolerancia_H7_HSS_DOMER_11.jpg', 5, 2, 1),
(427, 'H-0212', 'PRENSA ESQUINERA DE ALUMINIO 3\"', '', '233.80', 2, '2024-04-01 16:25:27', 1, 2, 1, 1, 'PRENSA_ESQUINERA_DE_ALUMINIO_3__60.jpg', 5, 2, 1),
(428, 'H-0213', 'LLAVE TORX T9 BANDERA', 'LOCKER FILA 3', '105.00', 2, '2024-04-01 16:27:28', 1, 2, 1, 1, 'LLAVE_TORX_T9_BANDERA_39.jpg', 5, 2, 1),
(429, 'H-0214', 'LLAVE TORX T10 BANDERA', 'LOCKER FILA 3', '105.00', 2, '2024-04-01 16:29:27', 1, 2, 1, 1, 'LLAVE_TORX_T10_BANDERA_79.jpg', 5, 2, 1),
(430, 'H-0215', 'CORTADOR VERTICAL 1/4', 'HM2-10', '520.00', 2, '2024-04-01 16:32:02', 3, 2, 1, 1, 'CORTADOR_VERTICAL_1_4_FILO_3_4_LT_DE_2_1_2__32.jpg', 5, 3, 1),
(431, 'H-0216', 'BROCA RECTA NUMERICA #9 CLEV', 'HM2-9', '56.00', 6, '2024-04-01 16:33:14', 3, 2, 1, 1, 'BROCA_RECTA_NUMERICA_9_CLEV_100.jpg', 5, 10, 1),
(432, 'H-0217', 'Escariador manual con cuchillas de hélice lenta a izquierda, diámetro 6.35mm (1/4&quot;) longitud total de 100mm, longitud de cuchilla de 50mm, Para escariar agujeros tolerancia H7, HSS con acabado vaporizado-brillante para mecanizado de acero, fundición gris, aluminio forjado, aluminio fundido, cobre o aleaciones de cobre, MCA. DORMER.', 'HM3-7', '48.00', 2, '2024-04-02 16:02:04', 3, 11, 1, 2, 'Escariador_manual_con_cuchillas_de_h_lice_lenta_a_izquierda_di_metro_6_35mm_1_4_longitud_total_de_100mm_longitud_de_cuchilla_de_50mm_DORMER_98.jpg', 5, 2, 1),
(433, 'H-0218', 'Escariador manual con cuchillas de hélice lenta a izquierda, diámetro 7.94mm (5/16&quot;) longitud total de 115mm, longitud de cuchilla de 58mm, DORMER', 'HM3-7', '52.00', 2, '2024-04-02 16:03:50', 3, 11, 1, 2, 'Escariador_manual_con_cuchillas_de_h_lice_lenta_a_izquierda_di_metro_7_94mm_5_16_longitud_total_de_115mm_longitud_de_cuchilla_de_58mm_DORMER_6.jpg', 5, 2, 1),
(434, 'H-0219', 'Escariador manual con cuchillas de hélice lenta a izquierda, diámetro 9.52mm (3/8\") longitud total de 124mm, longitud de cuchilla de 62mm, DORMER', '', '55.00', 1, '2024-04-02 16:05:04', 3, 11, 1, 2, 'Escariador_manual_con_cuchillas_de_h_lice_lenta_a_izquierda_di_metro_9_52mm_3_8_longitud_total_de_124mm_longitud_de_cuchilla_de_62mm_DORMER_7.jpg', 5, 2, 1),
(435, 'H-0220', 'Escariador manual con cuchillas de hélice lenta a izquierda, diámetro 9.52mm\r\n(3/8\") longitud total de 124mm, longitud de cuchilla de 62mm, Para escariar\r\nagujeros tolerancia H7, HSS MCA. DORMER.', '', '55.00', 1, '2024-04-09 09:25:34', 3, 11, 1, 2, 'Escariador_manual_con_cuchillas_de_h_lice_lenta_a_izquierda_di_metro_9_52mm_3_8_longitud_total_de_124mm_longitud_de_cuchilla_de_62mm_Para_escariar_agujeros_tolerancia_H7_HSS_MCA_DORMER__5.jpg', 5, 2, 1),
(436, 'I-0054', 'Retazo de trapo blanco', '', '95.00', 20, '2024-04-09 09:48:44', 2, 16, 2, 1, 'Retazo_de_trapo_blanco_94.jpg', 5, 2, 1),
(437, 'I-0055', 'Gasolina blanca', '', '90.00', 20, '2024-04-09 09:49:57', 2, 16, 7, 1, 'Gasolina_blanca_38.jpg', 5, 2, 1),
(438, 'I-0056', 'Alcohol Isopropilico', '', '90.00', 20, '2024-04-09 09:51:15', 2, 13, 7, 1, 'Alcohol_Isopropilico_70.jpg', 5, 2, 1),
(439, 'I-0057', 'Thinner estandar', '', '70.00', 20, '2024-04-09 09:52:29', 2, 16, 7, 1, 'Thinner_estandar_41.jpg', 5, 2, 1),
(440, 'H-0221', 'CoroTurn® 107, herramienta con mango para torneado, zanco 3/4\" x 3/4\", a\r\nderecha, MCA. Sandvik', '', '186.50', 1, '2024-04-09 14:29:29', 3, 11, 1, 2, 'CoroTurn_107_herramienta_con_mango_para_torneado_zanco_3_4_x_3_4_a_derecha_MCA_Sandvik_55.jpg', 5, 2, 1),
(441, 'H-0222', 'Plaquita CoroTurn® 107 para torneado, acabado radio de punta 0.2mm, 2 filos,material Aluminio, Marca Sandvik', 'HM2-15', '15.60', 10, '2024-04-09 14:33:37', 3, 11, 1, 2, 'Plaquita_CoroTurn_107_para_torneado_acabado_radio_de_punta_0_2mm_2_filos_material_Aluminio_Marca_Sandvik_35.jpg', 5, 10, 1),
(442, 'H-0223', 'Plaquita CoroTurn® 107 para torneado, acabado radio de punta 0.4mm, 2 filos,\r\nmaterial Inoxidable, Marca Sandvik', '', '19.98', 10, '2024-04-09 14:34:25', 3, 11, 1, 2, 'Plaquita_CoroTurn_107_para_torneado_acabado_radio_de_punta_0_4mm_2_filos_material_Inoxidable_Marca_Sandvik_12.jpg', 5, 2, 1),
(443, 'H-0224', 'CORTADOR RECTO DE CARBURO 1/8', 'HM2-13', '280.00', 2, '2024-04-11 13:42:16', 3, 2, 1, 1, 'CORTADOR_RECTO_DE_CARBURO_1_8_4_FL_ESTANDAR_37.jpg', 5, 1, 1),
(444, 'H-0225', 'Boquilla ER32 1/8', 'HM3-8', '539.00', 2, '2024-04-11 13:52:48', 3, 2, 1, 1, 'Boquilla_ER32_1_8__17.jpg', 5, 1, 1),
(445, 'H-0226', 'Boquilla ER40 1/8', 'HM3-8', '580.00', 1, '2024-04-11 14:02:19', 3, 2, 1, 1, 'Boquilla_ER40_1_8__6.jpg', 5, 1, 1),
(446, 'IC-0001', 'GU-352 Guante p/pintar talla mediano', 'LOCKER FILA 4', '42.24', 1, '2024-04-11 16:09:50', 2, 17, 8, 1, 'GU_352_Guante_p_pintar_talla_mediano_9.jpg', 5, 2, 1),
(447, 'IC-0002', 'GU-352 Guante p/pintar talla Grande', 'LOCKER FILA 4', '42.24', 5, '2024-04-11 16:11:41', 2, 17, 8, 1, 'GU_352_Guante_p_pintar_talla_mediano_42.jpg', 5, 2, 1),
(448, 'IC-0003', 'GU-121P Guante de nylon recubierto de nitrilo medianos', 'LOCKER FILA 4', '28.45', 6, '2024-04-11 16:14:24', 2, 17, 8, 1, 'GU_121P_Guante_de_nylon_recubierto_de_nitrilo_medianos_57.jpg', 5, 2, 1),
(449, 'I-0004', 'GU-122P Guante de nylon recubierto de nitrilo chicos', 'LOCKER FILA 4', '28.45', 1, '2024-04-11 16:15:38', 2, 17, 8, 1, 'GU_122P_Guante_de_nylon_recubierto_de_nitrilo_chicos_68.jpg', 5, 2, 1),
(450, 'I-0005', 'GU-113P Guante de nylon recubierto de poliuretano medianos', 'LOCKER FILA 4', '25.00', 11, '2024-04-11 16:18:34', 2, 17, 8, 1, 'GU_113P_Guante_de_nylon_recubierto_de_poliuretano_medianos_57.jpg', 5, 2, 1),
(451, 'I-0006', 'GU-112P Guante de nylon recubierto de poliuretano grandes', 'LOCKER FILA 4', '25.00', 5, '2024-04-11 16:22:39', 2, 17, 8, 1, 'GU_112P_Guante_de_nylon_recubierto_de_poliuretano_grandes_86.jpg', 5, 2, 1),
(452, 'IC-0007', 'M-33X Cinta de aislar 19 mm x 18 m', 'LOCKER FILA 1', '18.97', 4, '2024-04-12 14:52:57', 2, 17, 1, 1, 'M_33X_Cinta_de_aislar_19_mm_x_18_m_6.jpg', 5, 2, 1),
(453, 'H-0227', 'DR-1/4X6TP Desarmador Plano mango transparente 1/4\" X 6\"', 'LOCKER FILA 3', '29.31', 1, '2024-04-12 15:00:03', 1, 17, 1, 1, 'DR_1_4X6TP_Desarmador_Plano_mango_transparente_1_4_X_6__12.jpg', 5, 2, 1),
(454, 'H-0228', 'DR-5/16X6TP Desarmador plano mango transparente 5/16\" x 6\" ', 'LOCKER FILA 3', '42.24', 1, '2024-04-12 15:02:16', 1, 17, 1, 1, 'DR_5_16X6TP_Desarmador_plano_mango_transparente_5_16_x_6__39.jpg', 5, 2, 1),
(455, 'H-0229', 'DP-1/8X6 Desarmador phillips de 1/8\" x 6\"', 'LOCKER FILA 3', '33.62', 1, '2024-04-12 15:03:40', 1, 17, 1, 1, 'DP_1_8X6_Desarmador_phillips_de_1_8_x_6__0.jpg', 5, 2, 1),
(456, 'H-0230', 'DP-3/16X6 Desarmador phillips de 3/16\" x 6\"', 'LOCKER FILA 3', '42.24', 1, '2024-04-12 15:05:06', 1, 17, 1, 1, 'DP_3_16X6_Desarmador_phillips_de_3_16_x_6__54.jpg', 5, 2, 1),
(457, 'H-0231', 'DP-1/4X6 Desarmador phillips de 1/4&quot; X 6&quot;', 'LOCKER FILA 3', '50.86', 1, '2024-04-12 15:06:48', 1, 17, 1, 1, 'DP_1_4X6_Desarmador_phillips_de_1_4_X_6__63.jpg', 5, 2, 1),
(458, 'H-0232', 'E-8X12 Escuadra cantero profesional 8\" x 12\" ', '', '59.49', 1, '2024-04-12 15:08:45', 1, 17, 1, 1, 'E_8X12_Escuadra_cantero_profesional_8_x_12__3.jpg', 5, 2, 1),
(459, 'IC-0008', 'CTR-150 Cinta transparente de 48 mm x 15M', '', '50.86', 8, '2024-04-15 10:15:12', 2, 17, 1, 1, 'CTR_150_Cinta_transparente_de_48_mm_x_15M_17.jpg', 5, 2, 1),
(460, 'IC-0009', 'CIN-1810N Cinchos negros de plástico de 100mm x 2.5mm paquete de 100 cinchos', '', '14.65', 4, '2024-04-15 10:21:33', 2, 17, 1, 1, 'CIN_1810N_Cinchos_negros_de_pl_stico_de_100mm_x_2_5mm_paquete_de_100_cinchos_97.jpg', 5, 2, 1),
(461, 'IC-0010', 'LIME-120 Lija de esmeril grano 120', '', '11.21', 10, '2024-04-15 10:25:29', 2, 17, 1, 1, 'LIME_120_Lija_de_esmeril_grano_120_12.jpg', 5, 2, 1),
(462, 'IC-0011', 'LIME-80 Lija de esmeril grano 80', '', '12.50', 4, '2024-04-15 10:28:02', 2, 17, 1, 1, 'LIME_80_Lija_de_esmeril_grano_80_46.jpg', 5, 2, 1),
(463, 'IC-0012', 'LIMER-120 Lija de esmeril grano 120 roja', '', '13.36', 33, '2024-04-15 10:30:05', 2, 17, 1, 1, 'LIMER_120_Lija_de_esmeril_grano_120_roja_1.jpg', 5, 2, 1),
(464, 'IC-0013', 'LIMER-100 Lija de esmeril grano 100', '', '13.36', 5, '2024-04-15 10:33:48', 2, 17, 1, 1, 'LIMER_100_Lija_de_esmeril_grano_100_36.jpg', 5, 2, 1),
(465, 'IC-0014', 'LIAG-600 Lija de agua grano 600', '', '7.33', 7, '2024-04-15 10:35:17', 2, 17, 1, 1, 'LIAG_600_Lija_de_agua_grano_600_4.jpg', 5, 2, 1),
(466, 'IC-0015', 'LIAG-240 Lija de agua grano 240', '', '7.33', 8, '2024-04-15 10:37:38', 2, 17, 1, 1, 'LIAG_240_Lija_de_agua_grano_240_36.jpg', 5, 2, 1),
(467, 'IC-0016', 'LIAG-180 Lija de agua grano 180', '', '7.33', 8, '2024-04-15 10:39:19', 2, 17, 1, 1, 'LIAG_180_Lija_de_agua_grano_180_29.jpg', 5, 2, 1),
(468, 'IC-0017', 'LIJA DE AGUA 120', '', '7.33', 7, '2024-04-15 10:42:04', 2, 17, 1, 1, 'LIJA_DE_AGUA_120_80.jpg', 5, 2, 1),
(469, 'IC-0018', 'LIJA DE AGUA 800', '', '7.33', 5, '2024-04-15 10:43:00', 2, 17, 1, 1, 'LIJA_DE_AGUA_800_51.jpg', 5, 2, 1),
(470, 'IC-0019', 'LIJA DE AGUA 1200', '', '7.33', 10, '2024-04-15 10:45:14', 2, 17, 1, 1, 'LIJA_DE_AGUA_1200_73.jpg', 5, 2, 1),
(471, 'IC-0020', 'LIJA DE AGUA 1500', '', '7.33', 9, '2024-04-15 10:46:47', 2, 17, 1, 1, 'LIJA_DE_AGUA_1500_26.jpg', 5, 2, 1),
(472, 'MARC001-6N', 'PERNO PARA CLIP, PERNO SOLIDO RECTIFICADO ACERO ALEADO 3/8\" X 1-1/4\"', 'B1', '12.17', 202, '2024-04-15 15:45:02', 9, 13, 1, 1, 'PERNO_PARA_CLIP_PERNO_SOLIDO_RECTIFICADO_3_8_X_1_1_4__55.jpg', 1, 2, 1),
(473, 'MARC001-4M', 'PERNO CENTRADOR PARA CLIP, PERNO SOLIDO RECTIFICADO 1/8 \" X 1\"', 'A1', '2.82', 250, '2024-04-15 16:21:38', 9, 13, 1, 1, 'PERNO_CENTRADOR_PARA_CLIP_PERNO_SOLIDO_RECTIFICADO_1_8_X_1__72.jpg', 1, 2, 1),
(474, 'MARC001-7Ñ', 'TORNILLO PARA CONECTOR, TORNILLO ALLEN SOCKET CILINDRO INOXIDABLE A2 M4x20MM', 'B5', '0.94', 398, '2024-04-15 16:25:37', 9, 13, 1, 1, 'TORNILLO_PARA_CONECTOR_TORNILLO_ALLEN_SOCKET_CILINDRO_INOXIDABLE_A2_M4x20M_90.jpg', 1, 2, 1),
(475, 'MARC001-5S', 'INSERTO, OPRESOR ALLEN INOXIDABLE A2 MILIMETRICO M5 X 6MM', 'A9', '0.53', 1250, '2024-04-15 16:36:20', 9, 13, 1, 1, 'INSERTO_OPRESOR_ALLEN_INOXIDABLE_A2_MILIMETRICO_M5_X_6M_8.jpg', 1, 2, 1),
(476, 'MARC001-6B', 'TORNILLO 1 (M3), TORNILLO ALLEN SOCKET CILINDRO INOXIDABLE A2 M3 x 6MM', 'A13', '0.48', 800, '2024-04-16 09:20:16', 9, 13, 1, 1, 'TORNILLO_1_M3_TORNILLO_ALLEN_SOCKET_CILINDRO_INOXIDABLE_A2_M3_x_6MM_41.jpg', 1, 2, 1),
(477, 'MARC001-9', 'LLAVE HEXAGONAL ALLEN TIPO &quot;L&quot; METRICA M3.0 (3MM)', 'B14', '2.89', 50, '2024-04-16 09:39:42', 9, 13, 1, 1, 'LLAVE_EXAGONAL_ALLEN_TIPO_L_METRICA_M3_0_3MM__7.jpg', 1, 2, 1),
(478, 'MARC001-8Y', 'LLAVE HEXAGONAL ALLEN TIPO \"L\" METRICA M2.5 (2.5MM)', 'B12', '2.54', 190, '2024-04-16 09:41:37', 9, 13, 1, 1, 'LLAVE_EXAGONAL_ALLEN_TIPO_L_METRICA__43.jpg', 4, 2, 1),
(479, 'IC-0021', 'ADHESIVO EPOXICO EN JERINGA 25 ML (0.84 OZ) TRANSPARENTE 5 MINUTOS', '', '115.56', 2, '2024-04-16 09:47:27', 2, 13, 1, 1, 'ADHESIVO_EPOXICO_EN_JERINGA_25_ML_0_84_OZ_TRANSPARENTE_5_MINUTOS_43.jpg', 5, 2, 1),
(480, 'H-0233', 'MANERAL PARA MACHUELO AJUSTABLE 1/16\" A 3/8\"', 'LOCKER FILA 3', '62.02', 1, '2024-04-16 09:51:08', 1, 13, 1, 1, 'MANERAL_PARA_MACHUELO_AJUSTABLE_1_16_A_3_8__20.jpg', 5, 2, 1),
(481, 'H-0234', 'MANERAL PARA MACHUELO AJUSTABLE CAPACIDAD DE 1/4\"', 'LOCKER FILA 3', '81.40', 2, '2024-04-16 09:52:07', 1, 13, 1, 1, 'MANERAL_PARA_MACHUELO_AJUSTABLE_3_32_A_3_8__31.jpg', 5, 2, 1),
(482, 'H-0235', 'CALIBRADOR VERNIER DIGITAL 152MM/0-6\" DE ACERO INOXIDABLE', '', '640.22', 1, '2024-04-16 09:53:29', 1, 13, 1, 1, 'CALIBRADOR_VERNIER_DIGITAL_152MM_0_6_DE_ACERO_INOXIDABLE_50.png', 5, 2, 1),
(483, 'MARC001-4T', 'SOPORTE ANALOGO', 'S/U', '498.00', 108, '2024-04-16 11:12:49', 9, 19, 1, 1, 'SOPORTE_ANALOGO__29.png', 4, 2, 1),
(484, 'MARC001-8D', 'APUNTADOR ORBITAL', 'B10', '95.00', 89, '2024-04-16 11:15:50', 9, 19, 1, 1, 'APUNTADOR_ORBITAL_72.png', 4, 2, 1),
(485, 'MARC001-7E', 'HORQUILLA DOBLADA', 'B4', '90.00', 80, '2024-04-16 11:17:47', 9, 19, 1, 1, 'HORQUILLA_DOBLADA_13.png', 4, 2, 1),
(486, 'MARC001-7R', 'HORQUILLA PLANA', 'B8', '70.00', 90, '2024-04-16 11:22:59', 9, 19, 1, 1, 'HORQUILLA_PLANA_64.png', 4, 2, 1),
(487, 'MARC001-7B', 'TIJERA DERECHA', '', '215.00', 80, '2024-04-16 11:36:02', 9, 19, 1, 1, 'TIJERA_DERECHA_74.png', 4, 2, 1),
(488, 'MARC001-7C', 'TIJERA IZQUIERDA', '', '215.00', 80, '2024-04-16 11:38:27', 9, 19, 1, 1, 'TIJERA_IZQUIERDA_61.png', 4, 2, 1),
(489, 'MARC001-4Q', 'SEGURO (CON DOBLES Y ACABADO)', 'A2', '20.00', 80, '2024-04-16 11:39:52', 9, 19, 1, 1, 'SEGURO_CON_DOBLES_Y_ACABADO__10.png', 4, 2, 1),
(490, 'MARC001-4Z', 'LIGA (LIGA DE NITRILO 3/32 MEDIDA ESPECIAL)', 'C2', '11.80', 1757, '2024-04-16 11:55:35', 9, 23, 1, 1, 'LIGA_LIGA_DE_NITRILO_3_32_MEDIDA_ESPECIAL__1.jpg', 4, 2, 1),
(491, 'I-0200', 'PERNO BOTADOR 3/16\" x 10\" PARA FABRICAR PERNO DE POSICION (3/16\" x .470\")', 'C3', '46.00', 35, '2024-04-16 13:18:51', 6, 24, 1, 1, 'PERNO_BOTADOR_3_16_x_10_PARA_FABRICAR_PERNO_DE_POSICION_3_16_x_470__36.jpg', 1, 2, 1),
(492, 'MARC001-4B', 'BASE SUPERIOR PARA ANALOGO', '', '20.00', 129, '2024-04-17 14:51:51', 9, 3, 1, 1, 'BASE_SUPERIOR_PARA_ANALOGO_0.png', 3, 2, 1),
(493, 'MARC001-4C', 'NIVEL DE ALTURA', '', '15.00', 88, '2024-04-17 14:56:38', 9, 3, 1, 1, 'NIVEL_DE_ALTURA_78.png', 3, 2, 1),
(494, 'MARC001-4D', 'PERNO 1 PARA SOPORTE', '', '10.00', 172, '2024-04-17 14:59:38', 9, 3, 1, 1, 'PERNO_1_PARA_SOPORTE_56.png', 3, 2, 1),
(495, 'MARC001-4E', 'ANALOGO DERECHO', 'S/U', '5.00', 0, '2024-04-17 15:02:56', 9, 3, 1, 1, 'ANALOGO_DERECHO_34.png', 4, 2, 1),
(496, 'MARC001-4F', 'PERNO 2 PARA SOPORTE', '', '10.00', 172, '2024-04-17 15:06:16', 9, 3, 1, 1, 'PERNO_2_PARA_SOPORTE_95.png', 3, 2, 1),
(497, 'MARC001-4G', 'CONDILO PARA ANALOGO', '', '6.00', 91, '2024-04-17 15:08:25', 9, 3, 1, 1, 'CONDILO_PARA_ANALOGO_25.png', 3, 2, 1),
(498, 'MARC001-4H', 'ANALOGO IZQUIERDO', 'S/U', '5.00', 0, '2024-04-17 15:15:17', 9, 3, 1, 1, 'ANALOGO_IZQUIERDO_97.png', 4, 2, 1),
(499, 'MARC001-4N', 'CLIP', 'C1', '7.50', 0, '2024-04-17 15:23:46', 9, 26, 1, 1, 'CLIP_100.png', 4, 2, 1),
(500, 'MARC001-4P', 'POSICIONADOR DENTAL', '', '10.00', 51, '2024-04-17 15:37:34', 9, 3, 1, 1, 'POSICIONADOR_DENTAL_22.png', 3, 2, 1),
(501, 'MARC001-4R', 'ETIQUETA LADO IZQUIERDO', 'S/U', '2.28', 500, '2024-04-17 15:42:06', 9, 4, 1, 1, 'ETIQUETA_LADO_IZQUIERDO_100.png', 4, 2, 1),
(502, 'MARC001-4S', 'ETIQUETA LADO DERECHO', 'S/U', '2.28', 500, '2024-04-17 15:47:21', 9, 4, 1, 1, 'ETIQUETA_LADO_DERECHO_72.png', 4, 2, 1),
(503, 'MARC001-4Y', 'RESORTE', 'A4', '10.00', 546, '2024-04-17 15:54:58', 9, 4, 1, 1, '', 4, 2, 1),
(504, 'MARC001-5N', 'PORTA IMAN', 'GABETA-G1', '5.00', 100, '2024-04-17 16:22:57', 9, 3, 1, 1, 'PORTA_IMAN_7.png', 3, 2, 1),
(505, 'MARC001-5P', 'PIN DE MARCA PARA CONDILO', 'A8', '1.00', 227, '2024-04-17 16:26:50', 9, 3, 1, 1, 'PIN_DE_MARCA_PARA_CONDILO_61.png', 3, 2, 1),
(506, 'MARC001-6C', 'TORNILLO PARA NIVEL DE ALTURA', 'GABETA G8', '10.00', 51, '2024-04-17 16:37:24', 9, 3, 1, 1, 'TORNILLO_PARA_NIVEL_DE_ALTURA_28.png', 2, 2, 1),
(507, 'MARC001-6K', 'TORNILLO PARA BASE INFERIOR (TORNILLO SOCKET PLANA INOXIDABLE ESTANDAR - 10-24 X 3/8\")', 'A16', '1.10', 595, '2024-04-17 16:49:45', 9, 13, 1, 1, 'TORNILLO_PARA_BASE_INFERIOR_TORNILLO_SOCKET_PLANA_INOXIDABLE_ESTANDAR_10_24_X_3_8__37.png', 1, 2, 1),
(508, 'H-0236', 'Fresa de punta esférica (cortador), 2 canales, diámetro corte 1/16, longitud decorte 1/4, Longitud total 1-1/2, radio completo 1/32, zanco cilíndrico1/8, metal duro en acabado brillante,', 'HM2-13', '19.50', 5, '2024-04-19 12:23:19', 3, 11, 1, 2, 'Fresa_de_punta_esf_rica_2_canales_di_metro_corte_1_16_longitud_decorte_1_4_Longitud_total_1_1_2_radio_completo_1_32_zanco_cil_ndrico1_8_metal_duro_en_acabado_brillante__47.jpg', 5, 1, 1),
(509, 'H-0237', 'BROCA DE CENTROS N1, 9437925KL25SW7', 'HM2-1', '6.42', 5, '2024-04-19 13:01:23', 3, 11, 1, 2, 'BROCA_DE_CENTROS_N1_9437925KL25SW7_85.jpg', 5, 0, 1),
(510, 'H-0238', 'MACHUELO HELICOIDAL 1/8-40, 3KL792579SRHG4', 'HM2-19', '50.82', 5, '2024-04-19 13:37:19', 3, 11, 1, 2, 'MACHUELO_HELICOIDAL_1_8_40_3KL792579SRHG4__55.jpg', 5, 1, 1),
(511, 'H-0239', 'BROCA HSS NUMERICA 37, ASRHG434343KLB', 'HM2-4', '2.19', 18, '2024-04-19 13:54:33', 3, 11, 1, 2, 'BROCA_HSS_NUMERICA_37_ASRHG434343KLB__5.jpg', 5, 10, 1),
(512, 'H-0240', 'BROCA HSS NUMERICA 38, R79792579SRMMS', 'HM2-5', '2.19', 18, '2024-04-19 13:57:26', 3, 11, 1, 2, 'BROCA_HSS_NUMERICA_38_R79792579SRMMS__59.jpg', 5, 10, 1),
(513, 'H-0241', 'Extensión reforzada aterrizada 8 m 3x14 AWG, Volteck', '', '219.82', 1, '2024-04-19 14:19:24', 5, 17, 1, 1, 'Extensi_n_reforzada_aterrizada_8_m_3x14_AWG_Volteck_48.jpg', 5, 2, 1),
(514, 'H-0242', 'Extensión reforzada aterrizada 4 m 3x14 AWG, Volteck', '', '107.75', 1, '2024-04-19 15:06:11', 5, 17, 1, 1, 'Extensi_n_reforzada_aterrizada_4_m_3x14_AWG_Volteck_98.jpg', 5, 2, 1),
(515, 'H-0243', 'Pinza de presión 9\", punta larga, Truper', 'LOCKER FILA 3', '139.65', 1, '2024-04-19 15:20:55', 1, 17, 1, 1, 'Pinza_de_presi_n_9_punta_larga_Truper_30.jpg', 5, 2, 1),
(516, 'H-0244', 'Lima redonda muza 8\", Truper', 'LOCKER FILA 4', '38.79', 2, '2024-04-19 15:26:14', 1, 17, 1, 1, 'Lima_redonda_muza_8_Truper_49.jpg', 5, 2, 1),
(517, 'H-0245', 'Lima redonda muza 10\", Truper', 'LOCKER FILA 4', '53.44', 1, '2024-04-19 15:27:37', 1, 17, 1, 1, 'Lima_redonda_muza_10_Truper_12.jpg', 5, 2, 1),
(518, 'H-0246', 'Lima media caña muzas 8\", Truper', '', '62.06', 1, '2024-04-19 15:29:15', 1, 17, 1, 1, 'Lima_media_ca_a_muzas_8_Truper_39.jpg', 5, 2, 1),
(519, 'H-0247', 'Lima media caña muzas 10\", Truper', 'LOCKER FILA 4', '111.20', 1, '2024-04-19 15:38:48', 1, 17, 1, 1, 'Lima_media_ca_a_muzas_10_Truper_42.jpg', 5, 2, 1),
(520, 'H-0248', 'Cinta de empaque 48 mm x 150 m transparente, Pretul', '', '37.93', 10, '2024-04-19 15:40:03', 2, 17, 1, 1, 'Cinta_de_empaque_48_mm_x_150_m_transparente_Pretul_33.jpg', 5, 2, 1),
(521, 'H-0249', 'Pinza punta recta 7\" para abrir anillos, mango de PVC', 'LOCKER FILA 3', '171.55', 1, '2024-04-19 15:42:48', 1, 17, 1, 1, 'Pinza_punta_recta_7_para_abrir_anillos_mango_de_PVC_87.jpg', 5, 2, 1),
(522, 'H-0250', 'Lija de agua grano 240 de carburo de silicio, Truper', '', '7.32', 6, '2024-04-19 15:43:52', 2, 17, 1, 1, 'Lija_de_agua_grano_240_de_carburo_de_silicio_Truper_10.jpg', 5, 2, 1),
(523, 'H-0251', 'ACTUALIZAR', '', '0.00', 0, '2024-04-19 15:46:07', 10, 17, 1, 1, 'Lija_de_agua_grano_120_de_carburo_de_silicio_Truper_39.jpg', 5, 2, 1),
(524, 'H-0252', 'Lija de agua grano 280 de carburo de silicio, Truper', '', '7.32', 39, '2024-04-19 15:47:20', 2, 17, 1, 1, 'Lija_de_agua_grano_280_de_carburo_de_silicio_Truper_57.jpg', 5, 2, 1),
(525, 'MARC001-6Ñ', 'CAMISA 1 (1/4\"), D.I. .250\", D.E. .350\" L. .500\"  MP-VC-250-8', 'D1', '0.07', 980, '2024-04-22 10:17:42', 9, 10, 1, 2, 'CAMISA_1_1_4_D_I_250_D_E_350_L_500_MP_VC_250_8_58.png', 4, 2, 1),
(526, 'MARC001-6P', 'CAMISA 2, D.I. 0.437\", D.E. 0.560\", L. 1\", MP-VC-437-16', 'D2', '0.14', 2480, '2024-04-22 10:21:30', 9, 10, 1, 2, 'CAMISA_2_D_I_0_437_D_E_0_560_L_1_MP_VC_437_16_42.png', 4, 2, 1),
(527, 'MARC001-6Q', 'ORING PARA VARILLA DE NIVEL  H70006- NBR 70 568-006 CS: 0.070 X ID:0.114 ORING D.I. 0.114, D.E. 1/4, W 1/16', 'B2', '0.34', 1600, '2024-04-22 10:27:31', 9, 4, 1, 1, 'ORING_PARA_CONDILO_D_I_0_74mm_D_E_2_78mm_84.png', 4, 2, 1),
(528, 'MARC001-6R', 'SOPORTE HORIZONTAL PARA HORQUILLA', '', '15.00', 51, '2024-04-22 10:35:21', 9, 3, 1, 1, 'SOPORTE_HORIZONTAL_PARA_HORQUILLA_57.png', 3, 2, 1),
(529, 'MARC001-6S', 'VARILLA VERTICAL PARA NIÑOS', '', '15.00', 0, '2024-04-22 10:38:21', 9, 3, 1, 1, 'VARILLA_VERTICAL_PARA_NI_OS_53.png', 3, 2, 1),
(530, 'MARC001-6T', 'TORNILLO PARA VARILLA DE SOPORTE Y PARA SOPORTE DE POSICIONADOR M5', 'GABETA-G7', '15.00', 102, '2024-04-22 10:40:27', 9, 3, 1, 1, 'TORNILLO_PARA_VARILLA_DE_SOPORTE_20.png', 2, 2, 1),
(531, 'MARC001-6X', 'PERNO PARA CENTRADOR ANALOGO, PERNO RANURADO, 1/16\" x 7/16\"', 'B3', '0.34', 249, '2024-04-22 10:50:48', 9, 13, 1, 1, 'PERNO_PARA_CENTRADOR_ANALOGO_0.png', 1, 2, 1),
(532, 'MARC001-6Y', 'BASE DE CALIBRACION SUPERIOR ANALOGO', '', '75.00', 76, '2024-04-22 10:59:55', 9, 3, 1, 1, 'BASE_DE_CALIBRACION_SUPERIOR_ANALOGO_63.png', 3, 2, 1),
(533, 'MARC001-6Z', 'BASE DE CALIBRACION INFERIOR ANALOGO', '', '75.00', 68, '2024-04-22 11:02:27', 9, 3, 1, 1, 'BASE_DE_CALIBRACION_INFERIOR_ANALOGO_87.png', 3, 2, 1),
(534, 'MARC001-7A', 'TRAVESAÑO PARA ARCO', '', '25.00', 78, '2024-04-22 11:04:26', 9, 3, 1, 1, 'TRAVESA_O_PARA_ARCO_7.png', 3, 2, 1),
(535, 'MARC001-7F', 'TORNILLO PARA TRAVESAÑO', 'GABETA-G6', '10.00', 100, '2024-04-22 11:07:35', 9, 3, 1, 1, 'TORNILLO_PARA_TRAVESA_O_26.png', 2, 2, 1),
(536, 'MARC001-7G', 'VARILLA VERTICAL PARA HORQUILLA', 'GABETA-G6', '25.00', 115, '2024-04-22 11:12:15', 9, 3, 1, 1, 'VARILLA_VERTICAL_PARA_HORQUILLA_63.png', 3, 2, 1),
(537, 'MARC001-7H', 'TORNILLO PARA APUNTADOR ORBITAL', 'GABETA G8', '10.00', 71, '2024-04-22 11:15:29', 9, 3, 1, 1, 'TORNILLO_PARA_APUNTADOR_ORBITAL_12.png', 2, 2, 1),
(538, 'MARC001-7J', 'MESA DE TRANSFERENCIA', '', '15.00', 70, '2024-04-22 11:17:49', 9, 3, 1, 1, 'MESA_DE_TRANSFERENCIA_61.png', 3, 2, 1),
(539, 'MARC001-7N', 'VARILLA PARA POSICIONADOR NASAL', 'GABETA-G7', '25.00', 50, '2024-04-22 11:21:00', 9, 3, 1, 1, 'VARILLA_PARA_POSICIONADOR_NASAL_49.png', 3, 2, 1),
(540, 'MARC001-7P', 'NIVEL DE GOTA', 'B6', '10.60', 185, '2024-04-22 11:23:59', 9, 4, 1, 1, 'NIVEL_DE_GOTA_70.png', 4, 2, 1),
(541, 'MARC001-7Q', 'RONDANA GROWER, RONDANA ESTRELLA EXTERIOR GALVANIZADA - #10', 'B7', '0.28', 1030, '2024-04-22 11:37:02', 9, 13, 1, 1, 'RONDANA_GROWER_RONDANA_ESTRELLA_EXTERIOR_GALVANIZADA_10_52.png', 1, 2, 1),
(542, 'MARC001-7S', 'VARILLA PARA HORQUILLA (tubo 1/4)', '', '25.00', 0, '2024-04-22 11:42:56', 9, 19, 1, 1, 'VARILLA_PARA_HORQUILLA_18.png', 3, 2, 1),
(543, 'MARC001-7X', 'PERNO AJUSTADOR CHICO (M4)', 's/d', '5.00', 106, '2024-04-22 11:45:10', 9, 3, 1, 1, 'PERNO_AJUSTADOR_CHICO_18.png', 3, 2, 1),
(545, 'MARC001-8B', 'APOYADOR NASAL', 'GABETA G8', '8.00', 125, '2024-04-22 11:49:22', 9, 3, 1, 1, 'APOYADOR_NASAL_12.png', 3, 2, 1),
(546, 'MARC001-8F', 'TORNILLO PARA VARILLA DE NIVEL DE ARTICULADOR', 'GABETA G7', '5.00', 91, '2024-04-22 11:52:31', 9, 3, 1, 1, 'TORNILLO_PARA_POSICIONADOR_NASAL_14.png', 2, 2, 1),
(547, 'MARC001-8G', 'TORNILLO FIJACION TIJERAS', 'GABETA-G1', '8.00', 71, '2024-04-22 11:55:38', 9, 3, 1, 1, 'TORNILLO_FIJACION_TIJERAS_16.png', 2, 2, 1),
(548, 'MARC001-8H', 'ETIQUETA CPI', 'G1', '5.00', 165, '2024-04-22 11:59:33', 9, 4, 1, 1, 'ETIQUETA_CPI_92.png', 4, 50, 1),
(549, 'MARC001-8J', 'HOJA DE TRABAJO', 'G2', '5.00', 200, '2024-04-22 12:04:49', 9, 4, 1, 1, 'HOJA_DE_TRABAJO_66.png', 4, 2, 1),
(550, 'MARC001-8K', 'MANUAL CPI', '', '0.00', 0, '2024-04-22 12:06:41', 9, 4, 1, 1, 'MANUAL_CPI_28.png', 4, 2, 1),
(551, 'MARC001-8M', 'MANUAL DE CALIBRACION CPI', '', '0.00', 0, '2024-04-22 12:08:17', 9, 4, 1, 1, 'MANUAL_DE_CALIBRACION_CPI_31.png', 4, 2, 1),
(552, 'MARC001-8N', 'MANUAL ANALOGO', '', '0.00', 0, '2024-04-22 12:10:06', 9, 4, 1, 1, 'MANUAL_ANALOGO_25.png', 4, 2, 1),
(553, 'MARC001-8Ñ', 'MANUAL CALIBRACION ANALOGO', '', '0.00', 0, '2024-04-22 12:11:40', 9, 4, 1, 1, 'MANUAL_CALIBRACION_ANALOGO_36.png', 4, 2, 1),
(554, 'MARC001-8P', 'BASE', 'sin asignar', '5.00', 75, '2024-04-22 12:12:58', 9, 3, 1, 1, 'BASE_63.png', 3, 2, 1),
(555, 'MARC001-8Q', 'BASE MOVIL', '', '10.00', 75, '2024-04-22 12:14:51', 9, 3, 1, 1, 'BASE_MOVIL_64.png', 3, 2, 1),
(556, 'MARC001-8R', 'SOLERA HORIZONTAL PARA SOPORTE DE HORQUILLA', 'S/U', '10.00', 65, '2024-04-22 12:16:54', 9, 3, 1, 1, 'VARILLA_VERTICAL_PA_36.png', 3, 2, 1),
(557, '', 'N/A', '', '6.00', 0, '2024-04-22 12:19:23', 10, 13, 1, 1, 'PERNO_45.png', 5, 2, 1),
(558, 'MARC001-8T', 'MANUAL ARCO FACIAL', '', '0.00', 0, '2024-04-22 12:21:09', 9, 4, 1, 1, 'MANUAL_ARCO_FACIAL_53.png', 4, 2, 1),
(559, 'MARC001-8W', 'MANUAL CALIBRACION ARCO FACIAL', '', '0.00', 14, '2024-04-22 12:22:52', 9, 4, 1, 1, 'MANUAL_CALIBRACION_ARCO_FACIAL_0.png', 4, 2, 1),
(560, 'MARC001-8Z', 'HORQUILLA PARA NIÑOS', '', '30.00', 30, '2024-04-22 13:14:51', 9, 19, 1, 1, '', 4, 2, 1),
(561, 'MARC001-9A', 'TORNILLO PARA CONDILO, TORNILLO CABEZA BOTON ALLEN M4 x 12MM', 'B13', '0.90', 400, '2024-04-22 13:46:27', 9, 13, 1, 1, 'TORNILLO_PARA_CONDILO_TORNILLO_CABEZA_BOTON_ALLEN_1_8_X_1_2__82.jpg', 1, 2, 1),
(562, 'H-0253', 'VASTAGO MITUTOYO AM GAGE', '', '97.50', 2, '2024-04-24 11:47:09', 3, 11, 1, 2, 'VASTAGO_MITUTOYO_AM_GAGE_90.jpg', 5, 2, 1),
(563, 'H-0254', 'Cortador largo, 4 gavilanes, diámetro corte 3/8\", longitud de corte 1\", longitud total 4\", longitud zanco reducido 1-3/8\", CARBURO, hélice 30°, para fresado profundo.', 'HM2-12', '124.50', 5, '2024-04-24 11:49:45', 3, 11, 1, 2, 'Cortador_largo_4_gavilanes_di_metro_corte_3_8_longitud_de_corte_1_longitud_total_4_longitud_zanco_reducido_1_3_8_CARBURO_h_lice_30_para_fresado_profundo__94.jpg', 5, 2, 1),
(564, 'H-0255', 'Cortador largo, 4 gavilanes, diámetro corte 1/4\", longitud de corte 1\", longitud total 4\", longitud zanco reducido 1-1/4\", CARBURO, hélice 30°, para fresado profundo.', 'HM2-12', '89.50', 4, '2024-04-24 11:52:01', 3, 11, 1, 2, 'Cortador_largo_4_gavilanes_di_metro_corte_1_4_longitud_de_corte_1_longitud_total_4_longitud_zanco_reducido_1_1_4_CARBURO_h_lice_30_para_fresado_profundo__99.jpg', 5, 2, 1),
(565, 'H-0256', 'MACHUELO HELICOIDAL 5-40', 'HM2-19', '764.10', 4, '2024-04-24 14:30:27', 3, 2, 1, 1, 'MACHUELO_HELICOIDAL_5_40_97.jpg', 5, 0, 1),
(566, 'H-0257', 'RIMA RECTA 1/8', 'HM3-7', '675.00', 2, '2024-04-24 14:36:11', 3, 2, 1, 1, 'RIMA_RECTA_1_8__29.jpg', 5, 1, 1),
(567, 'H-0258', 'MACHUELO HELICOIDAL 3/8', 'HM2-10', '680.00', 1, '2024-04-24 14:38:09', 3, 2, 1, 1, 'MACHUELO_HELICOIDAL_3_8_24__34.jpg', 5, 1, 1),
(568, 'MARC001-6B-2-ALTERNATIVO', 'TORNILLO 1 (M3), TORNILLO ALLEN SOCKET CILINDRO INOXIDABLE A2 M3 x 8MM', 'A13', '0.30', 400, '2024-05-06 11:01:06', 9, 13, 1, 1, 'TORNILLO_1_M3_TORNILLO_ALLEN_SOCKET_CILINDRO_INOXIDABLE_A2_M3_x_8MM_91.jpg', 1, 2, 1),
(569, 'H-0259', 'MANERAL TIPO GARROTE PARA MACHUELOS DE 1/16\" A 1/4\"', 'LOCKER FILA 3', '70.69', 6, '2024-05-06 13:33:24', 1, 17, 1, 1, 'MANERAL_TIPO_GARROTE_PARA_MACHUELOS_DE_1_16_A_1_4__39.jpg', 5, 2, 1),
(570, 'MARC001-8S', 'PERNO RANURADO 1/8&quot; x 3/8&quot;', 'B15', '0.50', 150, '2024-05-06 14:28:32', 9, 13, 1, 1, 'PERNO_RANURADO_1_8_quot_x_3_8_quot__36.jpg', 1, 2, 1),
(571, 'MARC001-9D', 'COJIN PARA APOYADOR NASAL', 'F1', '4.00', 1000, '2024-05-10 11:10:42', 9, 30, 1, 1, 'ALMOADILLA_23.jpg', 4, 2, 1),
(572, 'H-0260', 'ESCARIADOR (RIMA) CN H7, HSS+E, DIAMETRO DE CORTE 6.4mm (0.252', 'HM3-8', '40.50', 2, '2024-05-21 11:19:14', 3, 11, 1, 2, 'ESCARIADOR_RIMA_CN_H7_HSS_E_DIAMETRO_DE_CORTE_6_4mm_0_252_MCA_GARANT_TECNOLOGIA_ALEMANA__95.jpg', 5, 1, 1),
(573, 'H-0261', 'Escariador mecánico CN de MDI (carburo), diámetro de corte 6,4 mm (0.252\"), MCA. GARANT. TECNOLOGIA ALEMANA.', 'HM3-8', '155.50', 1, '2024-05-21 11:30:19', 3, 11, 1, 2, 'Escariador_mec_nico_CN_de_MDI_carburo_di_metro_de_corte_6_4_mm_0_252_MCA_GARANT_TECNOLOGIA_ALEMANA__75.jpg', 5, 2, 1),
(574, 'H-0262', 'CORTADOR DE 3/16 DE DIAMETRO 4 FILOS DE CORTE X 5/8 DE LARGO DE CORTE X 2 DE LARGO TOTAL MCA. DORMER', 'HM3-9', '12.60', 0, '2024-05-21 11:49:45', 3, 11, 1, 2, 'CORTADOR_DE_3_16_DE_DIAMETRO_4_FILOS_DE_CORTE_X_5_8_DE_LARGO_DE_CORTE_X_2_DE_LARGO_TOTAL_MCA_DORMER_89.jpg', 5, 4, 1),
(575, 'H-0263', 'Fresa (cortador) 4 filos, diámetro 1/8', 'HM3-9', '28.90', 0, '2024-05-21 11:59:51', 3, 11, 1, 2, 'Fresa_cortador_4_filos_di_metro_1_8_recto_longitud_de_corte_1_zanco_cil_ndrico_1_8_largo_carburo_en_acabado_brillante_Marca_Dormer_0.jpg', 5, 5, 1),
(576, 'H-0264', 'Fresa (cortador) 4 filos, diámetro 1/8, recto, longitud de corte 1, zanco cilíndrico 1/8,  Corto, carburo en acabado brillante, Marca Dormer', 'HM3-9', '11.95', 0, '2024-05-21 12:01:56', 3, 11, 1, 2, 'Fresa_4_filos_di_metro_1_8_recto_longitud_de_corte_1_zanco_cil_ndrico_1_8_Corto_carburo_en_acabado_brillante_Marca_Dormer_67.jpg', 5, 5, 1),
(577, 'H-0265', 'RIMA RECTA HSS Ø 1/4', 'HM3-8', '877.50', 3, '2024-05-21 13:18:45', 3, 2, 1, 1, 'RIMA_RECTA_HSS_1_4__26.jpg', 5, 1, 1),
(578, 'H-0266', 'CORTADOR VERTICAL CARBURO Ø3/32&quot; 4FSER ALTIN', 'HM3-8', '259.00', 8, '2024-05-21 13:24:24', 3, 2, 1, 1, 'CORTADOR_VERTICAL_CARBURO_3_32_4F_TIALN_45.jpg', 5, 7, 1),
(579, 'MARC001-9C', 'TORNILLO ALLEN SOCKET CILINDRO INOXIDABLE A2 M4x12MM', 'B16', '0.94', 400, '2024-05-29 11:32:59', 9, 13, 1, 1, 'TORNILLO_ALLEN_SOCKET_CILINDRO_INOXIDABLE_A2_M4x12MM_44.jpg', 1, 2, 1),
(580, 'I-0201', 'POLISH BLANCO', 'FILA 1', '70.00', 1, '2024-05-31 12:04:49', 2, 4, 1, 1, 'POLISH_BLANCO_10.jpg', 5, 2, 1),
(581, 'I-0202', 'SILICON SELLADOR DE ALTA TEMPERATURA', 'FILA 1', '70.00', 5, '2024-05-31 12:07:23', 2, 4, 1, 1, 'SILICON_SELLADOR_DE_ALTA_TEMPERATURA_55.jpg', 5, 2, 1),
(582, 'I-0204', 'PASTA PARA SOLDAR', 'FILA 1', '80.00', 3, '2024-05-31 12:10:16', 2, 4, 1, 1, 'PASTA_PARA_SOLDAR_53.jpg', 5, 2, 1),
(583, 'I-0205', 'SOLDADURA EN ALAMBRE', 'FILA 1', '850.00', 2, '2024-05-31 12:11:23', 2, 2, 1, 1, 'SOLDADURA_EN_ALAMBRE_53.jpg', 5, 2, 1),
(584, 'I-0206', 'PILA ENERGIZER  A23', 'LOCKER FILA 2', '300.00', 2, '2024-05-31 12:26:39', 2, 4, 1, 1, 'PILA_ENERGIZER_A23_96.jpg', 5, 2, 1),
(585, 'H-267', 'ATOMIZADOR DE 1 LITRO', 'LOCKER FILA 2', '40.00', 3, '2024-05-31 13:10:31', 1, 17, 1, 1, 'ATOMIZADOR_DE_1_LITRO_40.jpg', 5, 2, 1),
(586, 'H-0267', 'DADO LARGO 9/16\"', 'LOCKER FILA 3', '80.00', 2, '2024-05-31 14:24:48', 1, 17, 1, 1, 'DADO_LARGO_9_16__41.jpg', 5, 2, 1),
(587, 'H-0268', 'DADO LARGO 1/2\"', 'LOCKER FILA 3', '80.00', 2, '2024-05-31 14:25:30', 1, 17, 1, 1, 'DADO_LARGO_1_2__52.jpg', 5, 2, 1),
(588, 'H-0269', 'Machuelo Helicoidal Yellow Shark UNF 3/8\"-24 HPP, tolerancia 2B, 0.3810\" zanco, 0.2840\" cuadrillo de arrastre, HSS-E, MCA DOMER', 'HM3-9', '63.10', 1, '2024-06-03 11:30:03', 3, 11, 1, 2, 'Machuelo_Helicoidal_Yellow_Shark_UNF_3_8_24_HPP_tolerancia_2B_0_3810_zanco_0_2840_cuadrillo_de_arrastre_HSS_E_MCA_DOMER_64.jpg', 5, 2, 1),
(589, 'MARC001-9E', 'Desarmador (destornillador) Allen Hexagonal de 3 mm, con mango recubierto', 'F1', '59.68', 30, '2024-06-04 15:22:59', 9, 13, 1, 1, 'DESTORMILLADOR_PARA_PUNTAS_INTERCAMBIABLES_90.jpg', 1, 26, 1),
(590, 'MARC001-9B', 'PUNTA HEXAGONAL 3MM', 'B14', '6.98', 66, '2024-06-04 15:26:28', 9, 13, 1, 1, 'PUNTA_HEXAGONAL_3MM_57.jpg', 4, 2, 1),
(591, 'PTARC001-5', 'KIT ARTICULADOR COMPLETO DELTA', 'ALMACEN GENERAL RADIOTECNOLOGIA', '25878.00', 12, '2024-06-05 10:27:13', 11, 34, 12, 1, 'KIT_ARTICULADOR_COMPLETO_DELTA_78.jpg', 5, 2, 1),
(592, 'MARC001-42', 'ARTICULADOR ANALOGO', 'ALMACEN GENERAL RADIOTECNOLOGIA', '10000.00', 0, '2024-06-07 16:15:46', 11, 34, 1, 1, 'ARTICULADOR_ANALOGO_39.jpg', 5, 2, 1),
(593, 'MARC001-52', 'CPI', 'ALMACEN GENERAL RADIOTECNOLOGIA', '10000.00', 0, '2024-06-07 16:16:40', 11, 34, 1, 1, 'CPI_77.jpg', 5, 2, 1),
(594, 'MARC001-72', 'ARCO FACIAL', 'ALMACEN GENERAL RADIOTECNOLOGIA', '10000.00', 0, '2024-06-07 16:17:34', 11, 34, 1, 1, 'ARCO_FACIAL_0.jpg', 5, 2, 1),
(595, 'H-0270', 'CINTA GORILA DE COLOR GRAFT DE 70 X 137m.', 'ALMACEN', '175.00', 10, '2024-06-12 13:05:19', 2, 35, 1, 1, 'CINTA_GORILA_DE_COLOR_GRAFT_DE_70_X_137m__57.jpg', 5, 2, 1),
(596, 'H-0271', '(cortador) Fresa de punta esférica serie estándar, 2 canales, diámetro 1/4&quot;, longitud de corte 3/4&quot;, longitud total 2-1/2&quot;, zanco cilíndrico 1/4&quot;.', 'HM3-4', '28.80', 3, '2024-06-13 11:53:54', 3, 11, 1, 2, '_cortador_Fresa_de_punta_esf_rica_serie_est_ndar_2_canales_di_metro_1_4_longitud_de_corte_3_4_longitud_total_2_1_2_zanco_cil_ndrico_1_4__88.jpg', 5, 2, 1),
(597, 'H-0272', '(cortador) Fresa de punta esférica serie estándar, 2 canales, diámetro 3/8&quot;, longitud decorte 7/8&quot;, longitud total 2-1/2&quot;, zanco cilíndrico 3/8&quot;.', 'HM3-4', '46.13', 3, '2024-06-13 11:55:23', 3, 11, 1, 2, 'Fresa_de_punta_esf_rica_serie_est_ndar_2_canales_di_metro_3_8_longitud_de_corte_7_8_longitud_total_2_1_2_zanco_cil_ndrico_3_8__55.jpg', 5, 2, 1),
(598, 'H-0273', '(cortador) Fresa de punta esférica serie extra larga, 2 canales, diámetro 3/8&quot;,longitud de corte 1-3/4&quot;, longitud total 4&quot;, zanco cilíndrico 3/8&quot;.', 'HM3-4', '71.40', 3, '2024-06-13 11:56:25', 3, 11, 1, 2, 'Fresa_de_punta_esf_rica_serie_extra_larga_2_canales_di_metro_3_8_longitud_de_corte_1_3_4_longitud_total_4_zanco_cil_ndrico_3_8__85.jpg', 5, 2, 1),
(599, 'H-0274', 'Macho machuelo recto de mano, con segunda entrada de 4-6xP, A IZQUIERDA Rosca MétricaISO M4 con 0.70 mm de paso, tolerancia 6H, mango de 4.0mm y cuadradillo dearrastre de 3.15mm, HSS con', 'HM2-15', '25.50', 3, '2024-06-14 10:53:39', 3, 11, 1, 2, 'Macho_recto_de_mano_con_segunda_entrada_de_4_6xP_A_IZQUIERDA_Rosca_M_trica_ISO_M4_con_0_70_mm_de_paso_tolerancia_6H_mango_de_4_0mm_y_cuadradillo_de_arrastre_de_3_15mm_HSS_con__72.jpg', 5, 2, 1),
(600, 'H-275', 'PIEDRA PARA ASENTAR 150MM. DOBLE GRANO 150 Y 240', 'LOCKER FILA 4', '66.38', 1, '2024-06-17 09:18:08', 1, 17, 1, 1, 'PIEDRA_PARA_ASENTAR_150MM_DOBLE_GRANO_150_Y_240_93.jpg', 5, 2, 1),
(601, 'H-0276', 'Macho machuelo Helicoidal, rosca ISO-Métrica M5 paso de 0,80 mm, clase de ajuste 6H, vástago de 0,1940&quot; y cuadrado de 0,1520&quot;, HSSM5 X 0.8 mm', 'HM2-11', '21.50', 5, '2024-06-18 14:19:27', 3, 11, 1, 2, 'Macho_Helicoidal_rosca_ISO_M_trica_M5_paso_de_0_80_mm_clase_de_ajuste_6H_v_stago_de_0_1940_y_cuadrado_de_0_1520_HSS_M5_X_0_8_mm_92.jpg', 5, 2, 1),
(602, 'I-0207', 'BOLSA CON CIERRE CAL. 150 DE 12CM X 20CM', 'MESA 1', '0.52', 2000, '2024-07-08 11:21:39', 2, 36, 1, 1, 'BOLSA_CON_CIERRE_CAL_150_DE_12CM_X_20CM_17.jpg', 5, 2, 1),
(603, 'I-0208', 'BOLSA CON CIERRE CAL. 150 DE 10CM X 16', 'MESA 1', '0.36', 4000, '2024-07-08 11:23:12', 2, 36, 1, 1, 'BOLSA_CON_CIERRE_CAL_150_DE_10CM_X_16_73.jpg', 5, 2, 1),
(604, 'I-0209', 'BOLSA CON CIERRE CAL. 150 DE 30CM X 40CM', 'MESA 1', '2.80', 800, '2024-07-08 11:24:25', 2, 36, 1, 1, 'BOLSA_CON_CIERRE_CAL_150_DE_30CM_X_40CM_48.jpg', 5, 2, 1),
(605, 'MARC001-9H', 'ANALOGO IZQUIERDO', 'CARRITO 1', '30.00', 47, '2024-07-10 15:37:34', 9, 26, 1, 1, 'ANALOGO_IZQUIERDO_2.jpg', 4, 2, 1),
(606, 'MARC001-9G', 'ANALOGO DERECHO', 'CARRITO', '30.00', 47, '2024-07-10 15:39:50', 9, 26, 1, 1, 'ANALOGO_DERECHO_53.jpg', 4, 2, 1),
(607, 'MP001-A1', 'PLACA DE ALUMINIO 7075 DE 1\" X 3 X 1.22MTS.', 'MAQUINADOS', '1850.00', 0, '2024-07-11 09:56:07', 6, 1, 1, 1, '', 5, 2, 1),
(608, 'MP001-A2', 'PLACA DE ALUMINIO 7075 DE 1/2\" X 3\" X 1.22MTS.', 'MAQUINADO', '900.00', 0, '2024-07-11 09:57:49', 6, 1, 1, 1, '', 5, 2, 1),
(609, 'MP001-A3', 'PLACA DE ALUMINIO 7075 DE 3/4\" X 5\" X 1.22MTS.', 'MAQUINADO', '2265.00', 0, '2024-07-11 10:00:18', 6, 1, 1, 1, '', 5, 2, 1),
(610, 'MP001-AB', 'PLACA DE ALUMINIO DE 1\" X 2\" X 1.22MTS.', 'MAQUINADO', '1056.00', 0, '2024-07-11 10:04:03', 6, 1, 1, 1, '', 5, 2, 1),
(611, 'MP001-AF', 'PLACA DE ALUMINIO DE 1-1/2\" X 3\" X 1.22MTS', 'MAQUINADO', '1480.00', 0, '2024-07-11 10:06:17', 6, 1, 1, 1, '', 5, 2, 1),
(612, 'MP001-AH', 'PLACA DE ALUMINIO 7075 DE 3\" X 3\" X 1.22MTS.', 'MAQUINADOS', '5060.00', 0, '2024-07-11 10:09:16', 6, 1, 1, 1, '', 5, 2, 1),
(613, 'MP001-AK', 'PLACA DE ALUMINIO 7075 DE 1\" X 1-5/8\" X 1.22', 'MAQUINADO', '2000.00', 0, '2024-07-11 10:12:35', 6, 1, 1, 1, '', 5, 2, 1),
(614, 'MP001-AL', 'PLACA DE ALUMINIO 7075 DE 3/4\" X 2-1/2\" X 1.22MTS', 'MAQUINADO', '2000.00', 0, '2024-07-11 10:14:02', 6, 1, 1, 1, '', 5, 2, 1),
(615, 'MP001-AM', 'PLACA DE ALUMINIO 7075 DE 3/4\" X 2\" X 1.22MTS.', 'MAQUINADO', '2000.00', 0, '2024-07-11 10:15:18', 6, 1, 1, 1, '', 5, 2, 1),
(616, 'MP001-AN', 'PLACA DE ALUMINIO 7075 DE 1/2\" X 2\" X 1.22MTS.', 'MAQUINADO', '2000.00', 0, '2024-07-11 10:16:34', 6, 1, 1, 1, '', 5, 2, 1),
(617, 'MP001-AO', 'PLACA DE ALUMINIO 7075 DE 1\" X 2-1/2\" X 3.66MTS.', 'MAQUINADO', '2000.00', 0, '2024-07-11 10:19:26', 6, 1, 1, 1, '', 5, 2, 1),
(618, 'MP001-A5', 'BARRA REDONDA DE ALUMINIO 6061 DE 2-1/2\" X 3.66MTS.', 'MAQUINADO', '1580.00', 0, '2024-07-11 10:29:54', 6, 1, 1, 1, '', 5, 2, 1),
(619, 'MP001-AJ', 'BARRA REDONDA DE ALUMINIO 7075 DE 1/2&quot; X 3.66MTS.', 'MAQUINADO', '2000.00', 0, '2024-07-11 10:32:32', 6, 1, 1, 1, '', 5, 2, 1),
(620, 'MP001-AD', 'BARRA REDONDA DE ALUMINIO 7075 DE 1-1/4\" X 3.66MTS.', 'MAQUINADO', '420.00', 0, '2024-07-11 10:34:45', 6, 1, 1, 1, '', 5, 2, 1),
(621, 'MP001-A8', 'BARRA DE ACERO INOXIDABLE DE 1/4\" X 3.66MTS', 'MAQUINADO', '101.00', 0, '2024-07-11 10:36:18', 6, 1, 1, 1, '', 5, 2, 1),
(622, 'MP001-A7', 'BARRA REDONDA DE ACERO INOXIDABLE DE 1/2\" X 3.66MTS', 'MAQUINADO', '403.00', 0, '2024-07-11 10:37:50', 6, 1, 1, 1, '', 5, 2, 1),
(623, 'MP001-AC', 'BARRA REDONDA DE ACERO INOXIDABLE 304 DE 3.66MTS.', 'MAQUINADO', '1194.00', 0, '2024-07-11 10:39:32', 6, 1, 1, 1, '', 5, 2, 1),
(624, 'MARC001-9M', 'HORQUILLA COMPLETA DOBLADA', 's/u', '58.00', 62, '2024-07-11 10:52:53', 9, 42, 1, 1, 'HORQUILLA_COMPLETA_69.jpg', 4, 2, 1),
(625, 'MARC001-9P', 'HORQUILLA COMPLETA PLANA', 's/u', '58.00', 8, '2024-07-11 10:54:43', 9, 42, 1, 1, 'HOQUILLA_COMPLETA_PLANA_21.jpg', 4, 2, 1),
(626, 'MARC001-8Z', 'HORQUILLA COMPLETA PARA NIÑOS', 's/u', '57.00', 30, '2024-07-11 11:06:07', 9, 42, 1, 1, 'HORQUILLA_COMPLETA_PARA_NI_OS_80.jpg', 4, 2, 1),
(627, 'MARC001-10A', 'TORNILLO PARA MESA DE TRANSFERENCIA', 'S/U', '6.00', 29, '2024-07-15 09:32:33', 9, 3, 1, 1, 'TORNILLO_PARA_MESA_DE_TRANSFERENCIA_59.jpg', 2, 2, 1),
(628, 'H-0277', 'DISCO DE SIERRA 12', 'MAQUINADO', '1560.00', 2, '2024-07-16 16:37:51', 3, 2, 1, 1, 'DISCO_DE_SIERRA_12_DW03240_DEWALT_15.jpg', 5, 1, 1),
(629, 'H-278', '[YGBM284] Machuelo Helicoidal M5.0X0.80 C/Hardslick 3Fl D4 Bm YG-1', 'HM2-12', '330.33', 8, '2024-07-17 13:35:53', 3, 43, 1, 1, '_YGBM284_Machuelo_Helicoidal_M5_0X0_80_C_Hardslick_3Fl_D4_Bm_YG_1_100.jpg', 5, 3, 1),
(630, 'H-279', '[YGBT203] Machuelo Helicoidal M3.0X0.50 C/Hardslick 3Fl D3 Bt YG-1', 'HM2-19', '384.69', 8, '2024-07-17 13:36:53', 3, 43, 1, 1, '_YGBT203_Machuelo_Helicoidal_M3_0X0_50_C_Hardslick_3Fl_D3_Bt_YG_1_95.jpg', 5, 2, 1),
(631, 'H-280', '[YGF6323] Machuelo Helicoidal 10-24 C/Hardslick 3Fl H3 F6 YG-1', 'HM2-19', '197.37', 8, '2024-07-17 13:37:57', 3, 43, 1, 1, '_YGF6323_Machuelo_Helicoidal_10_24_C_Hardslick_3Fl_H3_F6_YG_1_16.jpg', 5, 2, 1),
(632, 'H-281', '[AQT-20413] Cortador Carburo Plano 2 Fl 1/4 X 1/4 X 1.1/2 X 4 Cobra', 'HM2-12', '584.94', 6, '2024-07-17 13:38:51', 3, 43, 1, 1, '_AQT_20413_Cortador_Carburo_Plano_2_Fl_1_4X1_4X1_1_2X4_Cobra_69.jpg', 5, 2, 1),
(633, 'H-282', '[AQT-22688] Cortador Carburo Plano 4 Fl  D 1/2 X Z 1/2 X C 1 X  LT 3, Cobra Bricht', 'HM2-13', '653.94', 7, '2024-07-19 16:40:30', 3, 43, 1, 1, '_AQT_22688_Cortador_Carburo_Plano_4_Fl_D_1_2_X_Z_1_2_X_C_1_X_LT_3_Cobra_3.jpg', 5, 4, 1),
(634, 'H-283', '[VOL-83414-2] Machuelo 1/4-28 UNF Volkel', 'HM2-20', '85.94', 4, '2024-07-19 16:41:36', 3, 43, 1, 1, '_VOL_83414_2_Machuelo_1_4_28_UNF_Volkel_67.jpg', 5, 4, 1),
(635, 'I-0210', 'GU-152 GUANTE DE NITRILO NEGRO, MEDIANO', 'LOCKER FILA 4', '47.42', 4, '2024-07-22 08:54:57', 2, 17, 8, 1, 'GU_152_GUANTE_DE_NITRILO_NEGRO_MEDIANO_23.jpg', 5, 2, 1),
(636, 'I-0211', 'GU-151 GUANTE DE NITRILO NEGRO, CHICO', 'LOCKER FILA 4', '47.42', 4, '2024-07-22 08:56:31', 2, 17, 8, 1, 'GU_151_GUANTE_DE_NITRILO_NEGRO_CHICO_88.jpg', 5, 2, 1),
(637, 'H-0284', 'PORTA INSERTO RANURADO A4 DER. ZANCO 3/4\" INS. W2.0 MMA4SMR120214', 'HM3-1', '195.00', 1, '2024-07-24 13:47:23', 3, 2, 1, 2, 'PORTA_INSERTO_RANURADO_A4_DER_ZANCO_3_4_INS_W2_0_MMA4SMR120214_100.jpg', 5, 2, 1),
(638, 'H-0285', 'TORNILLO STC 5 KENNAMETAL, 5653853, 4506708677 CVG1', 'HM3-6', '3.85', 8, '2024-07-26 14:26:12', 3, 2, 1, 2, 'TORNILLO_STC_5_KENNAMETAL_5653853_4506708677_CVG1_19.jpg', 5, 2, 1),
(639, 'H-0286', 'TORNILLO PARA MAQUINADOS, S310, 6-32 X 1/2 SHCS, 1019940  4506348367  CVF9', 'HM3-6', '4.00', 9, '2024-07-26 14:31:35', 3, 2, 1, 2, 'TORNILLO_PARA_MAQUINADOS_S310_6_32_X_1_2_SHCS_1019940_4506348367_CVF9_80.jpg', 5, 2, 1),
(640, 'H-0287', 'TORNILLO DE MAQUINADOS, S2112, BTN HD CAP SCR #10-32 X 0.750,  2050082  4506728018 CVL1', 'HM3-6', '4.50', 9, '2024-07-26 14:37:08', 3, 2, 1, 2, 'TORNILLO_DE_MAQUINADOS_S2112_BTN_HD_CAP_SCR_10_32_X_0_750_2050082_4506728018_CVL1_26.jpg', 5, 2, 1),
(641, 'H-0288', 'Macho (Machuelo) helicoidal Blue Shark con chaflán forma C, con entrada de 2-3xP, UNF 1/4\"\r\ncon 28 HPP, tolerancia 0.002\", zanco 0.2550\", cuadro 0.1890\", HSS-E pulvimetalúrgico con\r\n', 'HM2-20', '59.50', 3, '2024-07-30 13:32:48', 3, 11, 1, 2, 'Macho_Machuelo_helicoidal_Blue_Shark_con_chafl_n_forma_C_con_entrada_de_2_3xP_UNF_1_4_con_28_HPP_tolerancia_0_002_zanco_0_2550_cuadro_0_1890_HSS_E_pulvimetal_rgico_con__3.jpg', 5, 2, 1),
(642, 'H-0289', 'SET DE 10 INSERTOS PARA ALUMINIO,\r\nSINTERGRIP ALU PARA PRENSA 5 EJES,\r\nMCA. SMW AUTOBLOK.', 'HM2-16', '480.00', 1, '2024-07-31 14:44:57', 3, 11, 9, 2, 'SET_DE_10_INSERTOS_PARA_ALUMINIO_SINTERGRIP_ALU_PARA_PRENSA_5_EJES_MCA_SMW_AUTOBLOK__73.jpg', 5, 2, 1),
(643, 'MARC001-9T', 'PLATINA', 'GABETA G8', '98.00', 100, '2024-08-05 10:16:08', 9, 50, 1, 1, 'PLATINA_6.jpg', 4, 2, 1),
(644, 'H-0289', 'MICROFRESA DE MDI (CARBURO) DIÁMETRO DE CORTE 2.5mm, ZANCO REDUCIDO 20mm, MCA. GARANT', 'HM2-15', '91.50', 9, '2024-08-07 09:59:52', 3, 11, 1, 2, 'MICROFRESA_DE_MDI_CARBURO_DI_METRO_DE_CORTE_2_5mm_ZANCO_REDUCIDO_20mm_MCA_GARANT_45.jpg', 5, 2, 1),
(645, 'H-0290', 'BARRA DE INTERIORES A-SCLCR 8-2 ISCAR', 'HM2-15', '237.30', 1, '2024-08-08 13:51:46', 3, 2, 1, 2, 'BARRA_DE_INTERIORES_A_SCLCR_8_2_ISCAR_59.jpg', 5, 2, 1),
(646, 'H-0291', 'INSERTOS DE CARBURO CCMT 2-1F3P IC8150ISCAR', 'HM2-15', '15.50', 10, '2024-08-08 13:53:40', 3, 2, 1, 2, 'INSERTOS_DE_CARBURO_CCMT_2_1F3P_IC8150ISCAR_87.jpg', 5, 2, 1),
(649, 'H-0292', 'VCGT 11 03 02-UM 1125 Plaquita (insertos) CoroTurn® 107 para torneado, MCA. Sandvik', 'HM2-15', '32.80', 25, '2024-09-12 08:37:13', 3, 11, 1, 2, 'VCGT_11_03_02_UM_1125_Plaquita_insertos_CoroTurn_107_para_torneado_MCA_Sandvik_36.jpg', 5, 10, 1),
(650, 'H-0293', 'MACHUELO HELICOIDAL M4 x 0.7 YG1', 'HM2-19', '432.00', 5, '2024-09-12 10:10:07', 3, 2, 1, 1, 'MACHUELO_HELICOIDAL_M4_x_0_7_YG1_43.jpg', 5, 5, 1),
(651, 'H-0294', 'Juego de Machuelos M2 x 0.4 6H', 'HM3-6', '1215.00', 3, '2024-09-12 10:35:53', 3, 2, 1, 1, 'Juego_de_Machuelos_M2_x_0_4_6H_16.jpg', 5, 3, 1),
(652, 'H-0295', 'Juego de Machuelos 1/8\"-40 2B ROYCO ', 'HM3-6', '405.00', 3, '2024-09-12 10:42:40', 3, 2, 1, 1, 'Juego_de_Machuelos_1_8_40_2B_ROYCO__53.jpg', 5, 2, 1),
(653, 'H-0296', 'TARRAJA M2 x .4 x 1\" DIAM. EXT. ROYCO', 'HM3-6', '810.00', 1, '2024-09-12 10:50:28', 3, 2, 1, 1, 'TARRAJA_M2_x_4_x_1_DIAM_EXT_ROYCO_10.jpg', 5, 1, 1),
(654, 'H-0297', 'CORTADOR DE CARBURO  DIAM 3/4\" x Z 1-1/2\" x LT 4\" SIN REC. 4FL CLEVELAND', 'HM3-8', '2310.00', 2, '2024-09-12 11:07:32', 3, 2, 1, 1, 'CORTADOR_DE_CARBURO_DIAM_1_2_x_Z_1_1_2_x_LT_4_SIN_REC_4FL_CLEVELAND__92.jpg', 5, 2, 1),
(655, 'H-0298', 'CORTADOR DE CARBURO DIAM. 1/4 X FILO 3/8 X LT 2.5 DE 4 FL. SIN REC. BRIGHT COBRA CARBIDE', 'HM2-10', '364.00', 13, '2024-09-12 12:10:20', 3, 2, 1, 1, 'CORTADOR_DE_CARBURO_DIAM_1_4_X_FILO_3_8_X_LT_2_5_DE_4_FL_SIN_REC_BRIGHT_COBRA_CARBIDE_77.jpg', 5, 3, 1),
(656, 'H-0299', 'INSERTO DE CARBURO EDPT140408PDSRGD KCPK30 KENNAMETAL ( RADIO .8 MM)', ' HM2-16', '20.63', 10, '2024-09-18 14:05:17', 3, 2, 1, 1, 'INSERTO_DE_CARBURO_EDPT140408PDSRGD_KCPK30_KENNAMETAL_RADIO_8_MM__39.jpg', 5, 10, 1),
(657, 'H-0300', 'JUEGO DE MACHUELOS N4-40 ROYCO', 'HM3-7', '476.00', 3, '2024-09-18 14:20:37', 3, 2, 1, 1, 'JUEGO_DE_MACHUELOS_N4_40_ROYCO_95.jpg', 5, 3, 1);

-- --------------------------------------------------------

--
-- Estructura de tabla para la tabla `productos_cpi_art_af`
--

CREATE TABLE `productos_cpi_art_af` (
  `id_producto` int(11) NOT NULL,
  `cantidad` int(11) NOT NULL,
  `id_cpi_art_af` int(11) NOT NULL,
  `id_productos_cpi_art_af` int(11) NOT NULL
) ENGINE=InnoDB DEFAULT CHARSET=utf8mb4 COLLATE=utf8mb4_general_ci;

--
-- Volcado de datos para la tabla `productos_cpi_art_af`
--

INSERT INTO `productos_cpi_art_af` (`id_producto`, `cantidad`, `id_cpi_art_af`, `id_productos_cpi_art_af`) VALUES
(571, 2, 3, 1),
(245, 1, 1, 2),
(245, 1, 2, 3),
(245, 1, 3, 4),
(247, 2, 1, 5),
(248, 2, 2, 6),
(259, 2, 1, 7),
(259, 2, 2, 8),
(260, 1, 1, 9),
(261, 2, 1, 10),
(261, 2, 2, 11),
(262, 1, 2, 12),
(264, 6, 1, 14),
(264, 6, 2, 15),
(306, 2, 1, 16),
(306, 2, 2, 17),
(307, 1, 1, 18),
(308, 1, 1, 19),
(309, 1, 1, 20),
(310, 1, 1, 21),
(310, 1, 2, 22),
(311, 1, 1, 23),
(321, 1, 2, 24),
(322, 1, 1, 25),
(350, 2, 1, 26),
(352, 2, 1, 27),
(353, 2, 2, 28),
(354, 1, 1, 29),
(354, 1, 2, 30),
(355, 1, 1, 31),
(356, 1, 1, 32),
(358, 2, 1, 33),
(358, 3, 2, 34),
(359, 2, 1, 35),
(360, 1, 3, 36),
(361, 1, 3, 37),
(362, 1, 3, 38),
(363, 2, 3, 39),
(364, 3, 3, 40),
(376, 1, 1, 42),
(377, 1, 1, 43),
(378, 1, 1, 44),
(379, 1, 2, 45),
(396, 2, 1, 46),
(396, 3, 2, 47),
(396, 1, 3, 48),
(397, 1, 1, 49),
(397, 1, 2, 50),
(397, 3, 3, 51),
(398, 1, 3, 52),
(421, 1, 1, 53),
(422, 2, 3, 54),
(423, 2, 2, 55),
(423, 8, 3, 56),
(424, 1, 4, 57),
(472, 1, 2, 58),
(473, 2, 2, 59),
(474, 1, 3, 60),
(475, 4, 1, 61),
(475, 8, 2, 62),
(476, 4, 1, 63),
(476, 4, 2, 64),
(477, 1, 4, 65),
(478, 1, 4, 66),
(483, 1, 2, 67),
(484, 1, 3, 68),
(485, 1, 3, 69),
(486, 1, 3, 70),
(487, 1, 3, 71),
(488, 1, 3, 72),
(489, 1, 2, 73),
(490, 4, 2, 74),
(492, 1, 2, 75),
(493, 1, 2, 76),
(494, 2, 2, 77),
(495, 1, 2, 78),
(496, 2, 2, 79),
(497, 2, 2, 80),
(498, 1, 2, 81),
(499, 1, 2, 82),
(500, 1, 2, 83),
(501, 1, 2, 84),
(502, 1, 2, 85),
(503, 1, 2, 86),
(504, 2, 1, 87),
(504, 2, 2, 88),
(505, 2, 1, 89),
(506, 1, 2, 90),
(507, 2, 1, 91),
(507, 2, 2, 92),
(525, 1, 1, 93),
(525, 1, 2, 94),
(525, 6, 3, 95),
(526, 2, 1, 96),
(526, 2, 3, 97),
(527, 1, 1, 98),
(528, 1, 3, 99),
(529, 1, 3, 100),
(530, 1, 2, 101),
(531, 2, 2, 102),
(532, 1, 2, 103),
(533, 1, 2, 104),
(534, 1, 3, 105),
(535, 2, 3, 106),
(536, 1, 3, 107),
(537, 1, 3, 108),
(538, 1, 3, 109),
(539, 1, 3, 110),
(540, 2, 3, 111),
(541, 3, 3, 112),
(542, 2, 3, 113),
(543, 3, 3, 114),
(545, 1, 3, 116),
(546, 1, 2, 117),
(547, 1, 3, 119),
(548, 1, 4, 120),
(549, 1, 4, 121),
(550, 1, 4, 122),
(551, 1, 4, 123),
(552, 1, 4, 124),
(553, 1, 4, 125),
(554, 1, 2, 126),
(555, 1, 2, 127),
(556, 1, 2, 128),
(557, 1, 2, 129),
(558, 1, 4, 130),
(559, 1, 4, 131),
(560, 1, 3, 132),
(561, 2, 1, 133),
(561, 2, 2, 134),
(570, 1, 3, 135),
(579, 1, 2, 136),
(579, 3, 3, 137),
(589, 1, 4, 138),
(590, 1, 4, 139),
(530, 1, 3, 141),
(627, 1, 3, 142),
(422, 1, 2, 143);

-- --------------------------------------------------------

--
-- Estructura de tabla para la tabla `proveedores`
--

CREATE TABLE `proveedores` (
  `id_proveedor` int(11) NOT NULL,
  `nombre_proveedor` varchar(100) NOT NULL,
  `RFC_proveedor` varchar(13) NOT NULL,
  `email_proveedor` varchar(255) DEFAULT NULL,
  `telefono_proveedor` varchar(50) DEFAULT NULL,
  `direccion_proveedor` text DEFAULT NULL,
  `contacto_proveedor` varchar(100) NOT NULL
) ENGINE=InnoDB DEFAULT CHARSET=utf8mb4 COLLATE=utf8mb4_general_ci;

--
-- Volcado de datos para la tabla `proveedores`
--

INSERT INTO `proveedores` (`id_proveedor`, `nombre_proveedor`, `RFC_proveedor`, `email_proveedor`, `telefono_proveedor`, `direccion_proveedor`, `contacto_proveedor`) VALUES
(1, 'MAPI', 'LOMG900317UX8', 'mapiventas@outlook.com, mapifacturas@outlook.com', '5516579866, 5511629508', 'Torre Ladera, Lt 19/Mz 202, Santa María Guadalupe las Torres 1a Sección, 54743,\nCuautitlán Izcalli, Cuautitlán Izcalli, Estado de México, México', 'David Castro Monroy'),
(2, 'HIGHER-TOOLS', 'HTO150907A20', 'ventas1@higher-tools.com, facturacion@higher-tools.com', '5545022954, 5556087437', '5 DE MAYO, MANZANA 28 LOTE 8, LOS REYES CULHUACAN, 09840, ENTRE CALLE\nTIZOC Y ATZAYACATL, IZTAPALAPA, CIUDAD DE MÉXICO, México', 'Andres Tello Hurtado'),
(3, 'MAQUINADOS', '', 'sup_maquinados@borgatta.com.mx', 'ext. 418', NULL, 'Luis Antonio'),
(4, 'COMPRAS EXTERNAS', '', NULL, NULL, NULL, ''),
(5, 'TONY PAPELERIA', '', NULL, NULL, NULL, ''),
(10, 'MICRO PARTES', 'MPM060610BR1', ' aramirez@micropartes.com.mx', '8127453490', 'Calle: NUEVA YORK No. 4003, Col. INDUSTRIAL HABITACIONAL ABRAHAM LINCOLN, CP: 64310, MONTERREY , NUEVO LEON, MEXICO', 'Azeneth Ramirez '),
(11, 'INGHECO S DE RL DE CV', 'DHI160120JA1', 'francisco.gonzalez@ingheco.com.mx', '5519531412', 'Calle y número: Avenida Hacienda El Roble Mz. 5 Lt. 31 Cond. 70 Int. 297\r\nColonia: Hacienda Cuautitlán Delegación y Municipio: Cuautitlán México\r\nCódigo postal: 54803 Entidad Federativa: Estado de México', 'Francisco Gonzalez Gutierrez'),
(12, 'Quantum', 'PMI190325T31', 'thalia.zilch@gpoquantum.com', '5574615084', 'Jorge Washington No 2 PB Col Moderna CP 03510 Ciudad de Mexico Benito Juarez Ciudad de Mexico Mexico', 'Thalia M Zilch Cruz'),
(13, 'FIJATEC CITY', 'FCI110511SV8', 'city@fijatec.com', '5555617279', 'Av Azcapotzalco No 742  local A', 'Edgar Medina'),
(14, 'TORNILLOS TOREC', 'TT0230821357', 'ventas1@torec.mx', '3323940278', 'Susana Gomez Palafox #5334 C.P. 45079 Paseos del Sol, Zapopan, Jalisco', 'DIEGO ALBERTO BARAJAS MARTINEZ'),
(15, 'INDUSTRIA ANODIZADORA NACIONAL', 'SARA8301082M0', 'electropintarq@gmail.com', '5572580254', 'San Francisco 3 col San Francisco Tlaltenco Tlahuac 13400 CDMX Mexico', 'Sergio Hernandez'),
(16, 'FRANCISCO PAEZ RAMIREZ', 'PARF710917AZ1', 'paez.francisco@gmail.com', '5614303630', 'Sin direccion', 'Francisco Paez Ramirez'),
(17, 'FIX FERRETERIA 95 94 MEXICO', 'NMQ050902HW8', 'comprasonline@fixferreterias.com', '5516723590', 'Direccion: Lago Alberto Exterior: 442 T A, Interior: Nivel 7\r\nCol: Anáhuac I Sección\r\nDelegación:Miguel Hidalgo\r\nMéxico, Ciudad de México\r\nC.P.: 54170', 'COMPRAS POR INTERNET'),
(18, 'Marco Antonio Garcia Chavez', 'GACM690326AA5', 'garciachavezmarcoantonio69@gmail.com', '5546744164', 'No definida', 'Marco Antonio Garcia Chavez'),
(19, 'METAL ARTS', 'AAAI8001235ZA', 'PORDEFINIR@GMAIL.COM', '55555555', 'IZTAPALAPA', 'ISRAEL EDMUNDO ALVEREZ ALVAREZ'),
(23, 'CAJAS Y SERVICIOS MELGAR', 'MERP850326HY2', 'PORDEFINIR2@GMAIL.COM', '558862538', 'AV. INDEPENDENCIA 1 CERRO DEL TEJOLOTE CD 56567 IXTAPALUCA ESTADO DE MEXICO', 'PEDRO MEJIA RAMIREZ'),
(24, 'CPACSA COMERCIALIZADORA DE PORTATROQUELES Y ACCESORIOS', 'CPT840820M37', 'daniel@cpacsa.com', '5557524551', 'AV 45 METROS N.651 SAN BARTOLO ATEPEHUACAN CP. 07730 GUSTAVO A MADERO CIUDAD DE MEXICO', 'DANIEL'),
(25, 'INNOVATEC', 'IPR910118NJ5', 'ventas@imanesdemexico.com', '018183330709', 'WASHINGTON 2712 PTE. COL. DEPORTOVP OBISPADO MONTERREY, N.L. 64040 MEXICO', 'MAURICIO BOLADO'),
(26, 'FERNANDO SAUL VALERO ARIAS', 'VAAF700813PWA', 'saul.valero@hotmail.com', '5593132882', 'Circuito Hacienda de San Pablo N° Ext.Mz 19 Lt\r\n68 A CP.50870,Temoaya,México,México', 'FERNANDO SAUL VALERO ARIAS'),
(27, 'INFRA', 'INF891031lt4', 'ixtapalucaurbana@infra.com.mx', '5522300455', 'SUCURSAL 107 IXTAPALUCA AV. CUAUHTEMOC NUMERO 240 240 VALLE VERDE AYOTLA IXTAPALUCA ESTADO DE MEXICO', 'ARMANDO GONZALEZ WHATAPP: 5534926376'),
(28, 'INGENIERIA EN EMPAQUES DURAN', 'IED990212AY6', 'claudia_g.p@hotmail.com', '5511563641', 'Av Henry Ford No. 4111, Col. Gertrudis Sánchez 2a Seccion, CP: 07839, Gustavo A Madero, Ciudad de Mexico, Mexico', 'CLAUDIA GARCIA PEREZ'),
(29, 'ONLY IMPRESION', 'HEJL941125FL5', 'maytep@onlyimpression.com', '00000000', 'SIN DEFINIR', 'LILIANA VANESSA HERNANDEZ JAIME'),
(30, 'PEDRO MEJIA RAMIREZ', 'MERP850326HY2', 'SINCORREO@SIN.COM', '5565560882', 'Avenida Independencia, 1, Cerro del Tejolote, 56567, Ixtapaluca, Entre calle justicia,\r\nIxtapaluca, Estado de México, México', 'PEDRO MEJIA RAMIREZ'),
(31, 'Grupo Eléctrico Delta, Victor Manuel Garcia Arteaga', 'GAAV5610016W0', 'ventas@devsa.mx', '59740256', 'Av. Cuauhtémoc 90, Santo Tomas, 56560 Ixtapaluca, Méx.', 'Victor Manuel Garcia Arteaga'),
(32, 'RAUL JESUS DELGADO BARRIOS', 'DEBR860728U34', 'raul_delgado86@hotmail.com', '7227099856', 'sin especificar', 'RAUL JESUS DELGADO BARRIOS'),
(33, 'INTERNATIONAL SPRING', 'ISP030912BU1', 'ventas@interspring.com.mx', '4421892583', 'ANTIGUO CAMINO AL CARMEN S/N, EL CARMEN, EL MARQUES, QUERETARO, C.P. 76240', 'www.interspring.com.mx'),
(34, 'RADIO TECNOLOGIA', 'RIN070219R38', 'radiotecnologia@borgatta.com.mx', '5551336363', 'PUEBLA SUR MANZANA 4 LOTE 5, NAVE B 2, C.P. 56535, COL. JARDI INDUSTRIAL', 'MARCELO MOJICA'),
(35, 'GUZZYPACK', 'GUCO740702BX2', 'guzzypack@prodigy.net.mx', '19452157', 'JESÚS MARÍA #56 L.8 C.A COL. CENTRO IXTAPALUCA ESTADO DE MÉXICO C.P. 56530', 'EVELYN CARREON'),
(36, 'BOLSAS Y POLIETILENOS EL GALLO', 'AAVV5909174Z0', 'ventas@polietilenoselgallo.com', '5557684022', 'FRAY SERVANDO T. MIER N. 423 ACC. B, COL MERCED BALBUENA, C.P. 15810', 'VICTOR HUGO ARANDA VELEZ'),
(37, 'STANDAR SEAL S DE RL DE CV', 'SSE130703B86', 'ventas@standard-seal.com', '5512091204', 'CALLE DEL CLAVEL 15, COLONIA LOS REYES IXTACALA, TLANEPANTLA DE BAZ, ESTADO DE MEXICO C.P. 54090', 'Emanuel Hernandez'),
(38, 'NODOMEX-SYRED EN LINEA', 'SLI1807117I9', 'hola@nodomex.com', '5541668442', 'CAN MAYOR 3803 ARBOLEDAS, CP: 45070, ZAPOPAN, JALISCO, México', 'Diego Méndez'),
(41, 'ERNESTO BLANCO BANDA', 'BABE560110FGA', 'saulvalero@hotmail.com', '5593132882', 'LOMA ALTA LT 19 N° Ext.MZ 118 Col.SAN JUAN IXTACALA CP.52928,ATIZAPAN DE ZARAGOZA,MEXICO,México', 'FERNANDO SAUL VALERO ARIAS'),
(42, 'INDUSTRIAS REYES', 'IRE990325RM0', 'brenda_irsa@hotmail.com', '5559750245', 'Chalco estado de México', 'Brenda Reyes M.'),
(43, 'DISTRIBUIDORA DE HERRAMIENTAS UNICORNIO, S.A.P.I DE C.V.', 'DHU111123EV6', 'ecommerce@dhu.mx', '3310110058', 'AV. WASHINGTON  424 A, COL. RINCON DEL AGUA AZUL, GUADALAJARA, JALISCO, Código Postal:44440,', 'Natalia Mendoza'),
(44, 'PEZA MANTENIMINENTO INDUSTRIAL Y CONSTRUCCION S.A. DE C.V.', 'PMI060222SW6', 'SINDATO@NODATO.COM', '7221995733', '2DA. PRIVADA DE INDUSTRIA MINERA N 44-A EJIDO BUENA VISTA SAN LORENZO TEPATITLAN C.P. TOLUCA MEX.', 'ING. ANGEL PEREZ'),
(49, 'BASILIDES BENJAMIN AQUINO ROMERO', 'AURB560331FT0', 'sindatos@no.com', '5555555555', 'GASEODUCTO N. 52 ENTRE PONIENTE A AV. SANTIAGO COL MODERNA CP. 03510', 'BASILIDES BENJAMIN AQUINO ROMERO'),
(50, 'DENTAL TRADE', 'DTR070219G47', 'dentaltrade@borgatta.com.mx', '5551336363', 'puebla sur mz 4 lt 5 nabe b 1 col Jardin industrial Ixtapaluca', 'Clarisa Hernandez'),
(51, 'HERVER Anodizados &amp; Pavonados', 'HEHE860220KJ1', 'herver@gmail.com', '2211964470', 'Francisco, Calle Francisco Javier Mina Ote 626, San Felipe Hueyotlipan, 72030 Heroica Puebla de Zaragoza, Pue.', 'Josue Gallarza'),
(52, 'HOFFMANN GROUP', 'HQT130527BL5', 'jose.perez@hoffmanngroup.mx', '5579323862', 'Hoffmann Group México\r\nAv. Ébano Lote C. Parque Industrial Finsa C.P. 72710 Cuautlancingo, Puebla México', 'Jose Perez');

-- --------------------------------------------------------

--
-- Estructura de tabla para la tabla `regimenes_fiscales`
--

CREATE TABLE `regimenes_fiscales` (
  `id_regimen` int(11) NOT NULL,
  `codigo_regimen` varchar(3) NOT NULL,
  `descripcion_regimen` varchar(255) NOT NULL
) ENGINE=InnoDB DEFAULT CHARSET=utf8mb4 COLLATE=utf8mb4_general_ci;

--
-- Volcado de datos para la tabla `regimenes_fiscales`
--

INSERT INTO `regimenes_fiscales` (`id_regimen`, `codigo_regimen`, `descripcion_regimen`) VALUES
(1, '601', 'General de Ley Personas Morales'),
(2, '603', 'Personas Morales con Fines no Lucrativos'),
(3, '605', 'Sueldos y Salarios e Ingresos Asimilados a Salarios'),
(4, '606', 'Arrendamiento'),
(5, '607', 'Régimen de Enajenación o Adquisición de Bienes'),
(6, '608', 'Demás ingresos'),
(7, '609', 'Consolidación'),
(8, '610', 'Residentes en el Extranjero sin Establecimiento Permanente en México'),
(9, '611', 'Ingresos por Dividendos (socios y accionistas)'),
(10, '612', 'Personas Físicas con Actividades Empresariales y Profesionales'),
(11, '614', 'Ingresos por intereses'),
(12, '615', 'Régimen de los ingresos por obtención de premios'),
(13, '616', 'Sin obligaciones fiscales'),
(14, '620', 'Sociedades Cooperativas de Producción que optan por diferir sus ingresos'),
(15, '621', 'Incorporación Fiscal'),
(16, '622', 'Actividades Agrícolas, Ganaderas, Silvícolas y Pesqueras'),
(17, '623', 'Opcional para Grupos de Sociedades'),
(18, '624', 'Coordinados'),
(19, '625', 'Régimen de las Actividades Empresariales con ingresos a través de Plataformas Tecnológicas'),
(20, '626', 'Régimen Simplificado de Confianza'),
(21, '628', 'Hidrocarburos'),
(22, '629', 'De los Regímenes Fiscales Preferentes y de las Empresas Multinacionales'),
(23, '630', 'Enajenación de acciones en bolsa de valores');

-- --------------------------------------------------------

--
-- Estructura de tabla para la tabla `salidas_producto_terminado`
--

CREATE TABLE `salidas_producto_terminado` (
  `id_salida` int(11) NOT NULL,
  `numero_salida` varchar(50) NOT NULL,
  `fecha_salida` date NOT NULL DEFAULT current_timestamp(),
  `id_empleado` int(11) NOT NULL,
  `receptor` varchar(100) NOT NULL,
  `id_almacen_destino` int(11) NOT NULL
) ENGINE=InnoDB DEFAULT CHARSET=utf8mb4 COLLATE=utf8mb4_general_ci;

--
-- Volcado de datos para la tabla `salidas_producto_terminado`
--

INSERT INTO `salidas_producto_terminado` (`id_salida`, `numero_salida`, `fecha_salida`, `id_empleado`, `receptor`, `id_almacen_destino`) VALUES
(1, 'VS-00000001', '2024-06-21', 5, 'Clarisa Hdz', 4),
(2, 'VS-00000002', '2024-06-21', 5, 'Clarisa Hdz', 4),
(3, 'VS-00000003', '2024-06-21', 5, 'Dr. Juan Carlos Borgatta', 4),
(4, 'VS-00000004', '2024-09-13', 5, 'Clarisa Hdz,', 4),
(10, 'VS-00000005', '2024-09-05', 5, 'Clarisa Hernandez', 4),
(11, 'VS-00000006', '2024-09-05', 5, 'Clarisa Hernandez', 4),
(12, 'VS-00000007', '2024-09-06', 5, 'Orlando Rivera', 12),
(13, 'VS-00000008', '2024-09-06', 5, 'Clarisa Hernandez', 4);

-- --------------------------------------------------------

--
-- Estructura de tabla para la tabla `stock_almacen`
--

CREATE TABLE `stock_almacen` (
  `id_producto` int(11) NOT NULL,
  `id_almacen` int(11) NOT NULL,
  `stock` int(11) NOT NULL
) ENGINE=InnoDB DEFAULT CHARSET=utf8mb4 COLLATE=utf8mb4_general_ci;

--
-- Volcado de datos para la tabla `stock_almacen`
--

INSERT INTO `stock_almacen` (`id_producto`, `id_almacen`, `stock`) VALUES
(1, 1, 5),
(1, 2, 0),
(1, 3, 1),
(1, 4, 0),
(1, 5, 0),
(1, 6, 0),
(1, 7, 0),
(1, 8, 0),
(1, 9, 0),
(1, 12, 0),
(1, 31, 0),
(1, 32, 0),
(1, 34, 0),
(1, 36, 0),
(1, 37, 0),
(1, 38, 0),
(1, 39, 0),
(2, 1, 0),
(2, 2, 0),
(2, 3, 0),
(2, 4, 0),
(2, 5, 0),
(2, 6, 0),
(2, 7, 0),
(2, 8, 0),
(2, 9, 0),
(2, 12, 0),
(3, 1, 0),
(3, 2, 0),
(3, 3, 0),
(3, 4, 0),
(3, 5, 0),
(3, 6, 0),
(3, 7, 0),
(3, 8, 0),
(3, 9, 0),
(3, 12, 0),
(4, 1, 0),
(4, 2, 0),
(4, 3, 0),
(4, 4, 0),
(4, 5, 0),
(4, 6, 0),
(4, 7, 0),
(4, 8, 0),
(4, 9, 0),
(4, 12, 0),
(5, 1, 0),
(5, 2, 0),
(5, 3, 0),
(5, 4, 0),
(5, 5, 0),
(5, 6, 0),
(5, 7, 0),
(5, 8, 0),
(5, 9, 0),
(5, 12, 0),
(6, 1, 0),
(6, 2, 0),
(6, 3, 0),
(6, 4, 0),
(6, 5, 0),
(6, 6, 0),
(6, 7, 0),
(6, 8, 0),
(6, 9, 0),
(6, 12, 0),
(7, 1, 0),
(7, 2, 0),
(7, 3, 0),
(7, 4, 0),
(7, 5, 0),
(7, 6, 0),
(7, 7, 0),
(7, 8, 0),
(7, 9, 0),
(7, 12, 0),
(8, 1, 0),
(8, 2, 0),
(8, 3, 0),
(8, 4, 0),
(8, 5, 0),
(8, 6, 0),
(8, 7, 0),
(8, 8, 0),
(8, 9, 0),
(8, 12, 0),
(9, 1, 0),
(9, 2, 0),
(9, 3, 0),
(9, 4, 0),
(9, 5, 0),
(9, 6, 0),
(9, 7, 0),
(9, 8, 0),
(9, 9, 0),
(9, 12, 0),
(10, 1, 0),
(10, 2, 0),
(10, 3, 0),
(10, 4, 0),
(10, 5, 0),
(10, 6, 0),
(10, 7, 0),
(10, 8, 0),
(10, 9, 0),
(10, 12, 0),
(11, 1, 0),
(11, 2, 0),
(11, 3, 0),
(11, 4, 0),
(11, 5, 0),
(11, 6, 0),
(11, 7, 0),
(11, 8, 0),
(11, 9, 0),
(11, 12, 0),
(12, 1, 0),
(12, 2, 0),
(12, 3, 0),
(12, 4, 0),
(12, 5, 0),
(12, 6, 0),
(12, 7, 0),
(12, 8, 0),
(12, 9, 0),
(12, 12, 0),
(13, 1, 0),
(13, 2, 0),
(13, 3, 0),
(13, 4, 0),
(13, 5, 0),
(13, 6, 0),
(13, 7, 0),
(13, 8, 0),
(13, 9, 0),
(13, 12, 0),
(14, 1, 0),
(14, 2, 0),
(14, 3, 0),
(14, 4, 0),
(14, 5, 0),
(14, 6, 0),
(14, 7, 0),
(14, 8, 0),
(14, 9, 0),
(14, 12, 0),
(15, 1, 0),
(15, 2, 0),
(15, 3, 0),
(15, 4, 0),
(15, 5, 0),
(15, 6, 0),
(15, 7, 0),
(15, 8, 0),
(15, 9, 0),
(15, 12, 0),
(16, 1, 0),
(16, 2, 0),
(16, 3, 0),
(16, 4, 0),
(16, 5, 0),
(16, 6, 0),
(16, 7, 0),
(16, 8, 0),
(16, 9, 0),
(16, 12, 0),
(17, 1, 0),
(17, 2, 0),
(17, 3, 0),
(17, 4, 0),
(17, 5, 0),
(17, 6, 0),
(17, 7, 0),
(17, 8, 0),
(17, 9, 0),
(17, 12, 0),
(18, 1, 0),
(18, 2, 0),
(18, 3, 0),
(18, 4, 0),
(18, 5, 0),
(18, 6, 0),
(18, 7, 0),
(18, 8, 0),
(18, 9, 0),
(18, 12, 0),
(19, 1, 0),
(19, 2, 0),
(19, 3, 0),
(19, 4, 0),
(19, 5, 0),
(19, 6, 0),
(19, 7, 0),
(19, 8, 0),
(19, 9, 0),
(19, 12, 0),
(20, 1, 0),
(20, 2, 0),
(20, 3, 0),
(20, 4, 0),
(20, 5, 0),
(20, 6, 0),
(20, 7, 0),
(20, 8, 0),
(20, 9, 0),
(20, 12, 0),
(21, 1, 0),
(21, 2, 0),
(21, 3, 0),
(21, 4, 0),
(21, 5, 0),
(21, 6, 0),
(21, 7, 0),
(21, 8, 0),
(21, 9, 0),
(21, 12, 0),
(22, 1, 0),
(22, 2, 0),
(22, 3, 0),
(22, 4, 0),
(22, 5, 0),
(22, 6, 0),
(22, 7, 0),
(22, 8, 0),
(22, 9, 0),
(22, 12, 0),
(23, 1, 0),
(23, 2, 0),
(23, 3, 0),
(23, 4, 0),
(23, 5, 0),
(23, 6, 0),
(23, 7, 0),
(23, 8, 0),
(23, 9, 0),
(23, 12, 0),
(24, 1, 0),
(24, 2, 0),
(24, 3, 0),
(24, 4, 0),
(24, 5, 0),
(24, 6, 0),
(24, 7, 0),
(24, 8, 0),
(24, 9, 0),
(24, 12, 0),
(25, 1, 0),
(25, 2, 0),
(25, 3, 0),
(25, 4, 0),
(25, 5, 0),
(25, 6, 0),
(25, 7, 0),
(25, 8, 0),
(25, 9, 0),
(25, 12, 0),
(26, 1, 0),
(26, 2, 0),
(26, 3, 0),
(26, 4, 0),
(26, 5, 0),
(26, 6, 0),
(26, 7, 0),
(26, 8, 0),
(26, 9, 0),
(26, 12, 0),
(27, 1, 0),
(27, 2, 0),
(27, 3, 0),
(27, 4, 0),
(27, 5, 0),
(27, 6, 0),
(27, 7, 0),
(27, 8, 0),
(27, 9, 0),
(27, 12, 0),
(28, 1, 0),
(28, 2, 0),
(28, 3, 0),
(28, 4, 0),
(28, 5, 0),
(28, 6, 0),
(28, 7, 0),
(28, 8, 0),
(28, 9, 0),
(28, 12, 0),
(29, 1, 0),
(29, 2, 0),
(29, 3, 0),
(29, 4, 0),
(29, 5, 0),
(29, 6, 0),
(29, 7, 0),
(29, 8, 0),
(29, 9, 0),
(29, 12, 0),
(30, 1, 0),
(30, 2, 0),
(30, 3, 0),
(30, 4, 0),
(30, 5, 0),
(30, 6, 0),
(30, 7, 0),
(30, 8, 0),
(30, 9, 0),
(30, 12, 0),
(31, 1, 0),
(31, 2, 0),
(31, 3, 0),
(31, 4, 0),
(31, 5, 0),
(31, 6, 0),
(31, 7, 0),
(31, 8, 0),
(31, 9, 0),
(31, 12, 0),
(32, 1, 0),
(32, 2, 0),
(32, 3, 0),
(32, 4, 0),
(32, 5, 0),
(32, 6, 0),
(32, 7, 0),
(32, 8, 0),
(32, 9, 0),
(32, 12, 0),
(33, 1, 0),
(33, 2, 0),
(33, 3, 0),
(33, 4, 0),
(33, 5, 0),
(33, 6, 0),
(33, 7, 0),
(33, 8, 0),
(33, 9, 0),
(33, 12, 0),
(34, 1, 0),
(34, 2, 0),
(34, 3, 0),
(34, 4, 0),
(34, 5, 0),
(34, 6, 0),
(34, 7, 0),
(34, 8, 0),
(34, 9, 0),
(34, 12, 0),
(35, 1, 0),
(35, 2, 0),
(35, 3, 0),
(35, 4, 0),
(35, 5, 0),
(35, 6, 0),
(35, 7, 0),
(35, 8, 0),
(35, 9, 0),
(35, 12, 0),
(36, 1, 0),
(36, 2, 0),
(36, 3, 0),
(36, 4, 0),
(36, 5, 0),
(36, 6, 0),
(36, 7, 0),
(36, 8, 0),
(36, 9, 0),
(36, 12, 0),
(37, 1, 0),
(37, 2, 0),
(37, 3, 0),
(37, 4, 0),
(37, 5, 0),
(37, 6, 0),
(37, 7, 0),
(37, 8, 0),
(37, 9, 0),
(37, 12, 0),
(38, 1, 0),
(38, 2, 0),
(38, 3, 0),
(38, 4, 0),
(38, 5, 0),
(38, 6, 0),
(38, 7, 0),
(38, 8, 0),
(38, 9, 0),
(38, 12, 0),
(39, 1, 0),
(39, 2, 0),
(39, 3, 0),
(39, 4, 0),
(39, 5, 0),
(39, 6, 0),
(39, 7, 0),
(39, 8, 0),
(39, 9, 0),
(39, 12, 0),
(40, 1, 0),
(40, 2, 0),
(40, 3, 0),
(40, 4, 0),
(40, 5, 0),
(40, 6, 0),
(40, 7, 0),
(40, 8, 0),
(40, 9, 0),
(40, 12, 0),
(41, 1, 0),
(41, 2, 0),
(41, 3, 0),
(41, 4, 0),
(41, 5, 0),
(41, 6, 0),
(41, 7, 0),
(41, 8, 0),
(41, 9, 0),
(41, 12, 0),
(42, 1, 0),
(42, 2, 0),
(42, 3, 0),
(42, 4, 0),
(42, 5, 0),
(42, 6, 0),
(42, 7, 0),
(42, 8, 0),
(42, 9, 0),
(42, 12, 0),
(43, 1, 0),
(43, 2, 0),
(43, 3, 0),
(43, 4, 0),
(43, 5, 0),
(43, 6, 0),
(43, 7, 0),
(43, 8, 0),
(43, 9, 0),
(43, 12, 0),
(44, 1, 1),
(44, 2, 1),
(44, 3, 1),
(44, 4, 0),
(44, 5, 0),
(44, 6, 0),
(44, 7, 0),
(44, 8, 0),
(44, 9, 0),
(44, 12, 0),
(44, 31, 0),
(44, 32, 0),
(44, 34, 0),
(44, 36, 0),
(44, 37, 0),
(44, 38, 0),
(44, 39, 0),
(45, 1, 1),
(45, 2, 1),
(45, 3, 0),
(45, 4, 0),
(45, 5, 0),
(45, 6, 0),
(45, 7, 0),
(45, 8, 0),
(45, 9, 0),
(45, 12, 0),
(45, 31, 0),
(45, 32, 0),
(45, 34, 0),
(45, 36, 0),
(45, 37, 0),
(45, 38, 0),
(45, 39, 0),
(46, 1, 0),
(46, 2, 0),
(46, 3, 0),
(46, 4, 0),
(46, 5, 0),
(46, 6, 0),
(46, 7, 0),
(46, 8, 0),
(46, 9, 0),
(46, 12, 0),
(47, 1, 0),
(47, 2, 1),
(47, 3, 0),
(47, 4, 0),
(47, 5, 0),
(47, 6, 0),
(47, 7, 0),
(47, 8, 0),
(47, 9, 0),
(47, 12, 0),
(47, 31, 0),
(47, 32, 0),
(47, 34, 0),
(47, 36, 0),
(47, 37, 0),
(47, 38, 0),
(47, 39, 0),
(48, 1, 3),
(48, 2, 8),
(48, 3, 0),
(48, 4, 0),
(48, 5, 0),
(48, 6, 0),
(48, 7, 0),
(48, 8, 0),
(48, 9, 0),
(48, 12, 0),
(48, 31, 0),
(48, 32, 0),
(48, 34, 0),
(48, 36, 0),
(48, 37, 0),
(48, 38, 0),
(48, 39, 0),
(49, 1, 0),
(49, 2, 2),
(49, 3, 0),
(49, 4, 0),
(49, 5, 0),
(49, 6, 0),
(49, 7, 0),
(49, 8, 0),
(49, 9, 0),
(49, 12, 0),
(49, 31, 0),
(49, 32, 0),
(49, 34, 0),
(49, 36, 0),
(49, 37, 0),
(49, 38, 0),
(49, 39, 0),
(50, 1, 8),
(50, 2, 2),
(50, 3, 0),
(50, 4, 0),
(50, 5, 0),
(50, 6, 0),
(50, 7, 0),
(50, 8, 0),
(50, 9, 0),
(50, 12, 0),
(50, 31, 0),
(50, 32, 0),
(50, 34, 0),
(50, 36, 0),
(50, 37, 0),
(50, 38, 0),
(50, 39, 0),
(51, 1, 2),
(51, 2, 0),
(51, 3, 0),
(51, 4, 0),
(51, 5, 0),
(51, 6, 0),
(51, 7, 0),
(51, 8, 0),
(51, 9, 0),
(51, 12, 0),
(51, 31, 0),
(51, 32, 0),
(51, 34, 0),
(51, 36, 0),
(51, 37, 0),
(51, 38, 0),
(51, 39, 0),
(52, 1, 0),
(52, 2, 0),
(52, 3, 0),
(52, 4, 0),
(52, 5, 0),
(52, 6, 0),
(52, 7, 0),
(52, 8, 0),
(52, 9, 0),
(52, 12, 0),
(53, 1, 2),
(53, 2, 0),
(53, 3, 0),
(53, 4, 0),
(53, 5, 0),
(53, 6, 0),
(53, 7, 0),
(53, 8, 0),
(53, 9, 0),
(53, 12, 0),
(53, 31, 0),
(53, 32, 0),
(53, 34, 0),
(53, 36, 0),
(53, 37, 0),
(53, 38, 0),
(53, 39, 0),
(54, 1, 4),
(54, 2, 0),
(54, 3, 0),
(54, 4, 0),
(54, 5, 0),
(54, 6, 0),
(54, 7, 0),
(54, 8, 0),
(54, 9, 0),
(54, 12, 0),
(54, 31, 0),
(54, 32, 0),
(54, 34, 0),
(54, 36, 0),
(54, 37, 0),
(54, 38, 0),
(54, 39, 0),
(55, 1, 1),
(55, 2, 0),
(55, 3, 0),
(55, 4, 0),
(55, 5, 0),
(55, 6, 0),
(55, 7, 0),
(55, 8, 0),
(55, 9, 0),
(55, 12, 0),
(55, 31, 0),
(55, 32, 0),
(55, 34, 0),
(55, 36, 0),
(55, 37, 0),
(55, 38, 0),
(55, 39, 0),
(56, 1, 1),
(56, 2, 0),
(56, 3, 0),
(56, 4, 0),
(56, 5, 0),
(56, 6, 0),
(56, 7, 0),
(56, 8, 0),
(56, 9, 0),
(56, 12, 0),
(56, 31, 0),
(56, 32, 0),
(56, 34, 0),
(56, 36, 0),
(56, 37, 0),
(56, 38, 0),
(56, 39, 0),
(57, 1, 1),
(57, 2, 0),
(57, 3, 0),
(57, 4, 0),
(57, 5, 0),
(57, 6, 0),
(57, 7, 0),
(57, 8, 0),
(57, 9, 0),
(57, 12, 0),
(57, 31, 0),
(57, 32, 0),
(57, 34, 0),
(57, 36, 0),
(57, 37, 0),
(57, 38, 0),
(57, 39, 0),
(58, 1, 1),
(58, 2, 0),
(58, 3, 0),
(58, 4, 0),
(58, 5, 0),
(58, 6, 0),
(58, 7, 0),
(58, 8, 0),
(58, 9, 0),
(58, 12, 0),
(58, 31, 0),
(58, 32, 0),
(58, 34, 0),
(58, 36, 0),
(58, 37, 0),
(58, 38, 0),
(58, 39, 0),
(59, 1, 0),
(59, 2, 0),
(59, 3, 0),
(59, 4, 0),
(59, 5, 0),
(59, 6, 0),
(59, 7, 0),
(59, 8, 0),
(59, 9, 0),
(59, 12, 0),
(59, 31, 0),
(59, 32, 0),
(59, 34, 0),
(59, 36, 0),
(59, 37, 0),
(59, 38, 0),
(59, 39, 0),
(60, 1, 7),
(60, 2, 4),
(60, 3, 0),
(60, 4, 0),
(60, 5, 0),
(60, 6, 0),
(60, 7, 0),
(60, 8, 0),
(60, 9, 0),
(60, 12, 0),
(60, 31, 0),
(60, 32, 0),
(60, 34, 0),
(60, 36, 0),
(60, 37, 0),
(60, 38, 0),
(60, 39, 0),
(61, 1, 4),
(61, 2, 0),
(61, 3, 0),
(61, 4, 0),
(61, 5, 0),
(61, 6, 0),
(61, 7, 0),
(61, 8, 0),
(61, 9, 0),
(61, 12, 0),
(61, 31, 0),
(61, 32, 0),
(61, 34, 0),
(61, 36, 0),
(61, 37, 0),
(61, 38, 0),
(61, 39, 0),
(62, 1, 0),
(62, 2, 0),
(62, 3, 0),
(62, 4, 0),
(62, 5, 0),
(62, 6, 0),
(62, 7, 0),
(62, 8, 0),
(62, 9, 0),
(62, 12, 0),
(63, 1, 10),
(63, 2, 1),
(63, 3, 0),
(63, 4, 0),
(63, 5, 0),
(63, 6, 0),
(63, 7, 0),
(63, 8, 0),
(63, 9, 0),
(63, 12, 0),
(63, 31, 0),
(63, 32, 0),
(63, 34, 0),
(63, 36, 0),
(63, 37, 0),
(63, 38, 0),
(63, 39, 0),
(64, 1, 7),
(64, 2, 2),
(64, 3, 0),
(64, 4, 0),
(64, 5, 0),
(64, 6, 0),
(64, 7, 0),
(64, 8, 0),
(64, 9, 0),
(64, 12, 0),
(64, 31, 0),
(64, 32, 0),
(64, 34, 0),
(64, 36, 0),
(64, 37, 0),
(64, 38, 0),
(64, 39, 0),
(65, 1, 2),
(65, 2, 0),
(65, 3, 0),
(65, 4, 0),
(65, 5, 0),
(65, 6, 0),
(65, 7, 0),
(65, 8, 0),
(65, 9, 0),
(65, 12, 0),
(65, 31, 0),
(65, 32, 0),
(65, 34, 0),
(65, 36, 0),
(65, 37, 0),
(65, 38, 0),
(65, 39, 0),
(66, 1, 0),
(66, 2, 0),
(66, 3, 0),
(66, 4, 0),
(66, 5, 0),
(66, 6, 0),
(66, 7, 0),
(66, 8, 0),
(66, 9, 0),
(66, 12, 0),
(67, 1, 0),
(67, 2, 1),
(67, 3, 0),
(67, 4, 0),
(67, 5, 0),
(67, 6, 0),
(67, 7, 0),
(67, 8, 0),
(67, 9, 0),
(67, 12, 0),
(67, 31, 0),
(67, 32, 0),
(67, 34, 0),
(67, 36, 0),
(67, 37, 0),
(67, 38, 0),
(67, 39, 0),
(68, 1, 0),
(68, 2, 0),
(68, 3, 0),
(68, 4, 0),
(68, 5, 0),
(68, 6, 0),
(68, 7, 0),
(68, 8, 0),
(68, 9, 0),
(68, 12, 0),
(69, 1, 0),
(69, 2, 0),
(69, 3, 0),
(69, 4, 0),
(69, 5, 0),
(69, 6, 0),
(69, 7, 0),
(69, 8, 0),
(69, 9, 0),
(69, 12, 0),
(70, 1, 2),
(70, 2, 0),
(70, 3, 0),
(70, 4, 0),
(70, 5, 0),
(70, 6, 0),
(70, 7, 0),
(70, 8, 0),
(70, 9, 0),
(70, 12, 0),
(70, 31, 0),
(70, 32, 0),
(70, 34, 0),
(70, 36, 0),
(70, 37, 0),
(70, 38, 0),
(70, 39, 0),
(71, 1, 2),
(71, 2, 1),
(71, 3, 0),
(71, 4, 0),
(71, 5, 0),
(71, 6, 0),
(71, 7, 0),
(71, 8, 0),
(71, 9, 0),
(71, 12, 0),
(71, 31, 0),
(71, 32, 0),
(71, 34, 0),
(71, 36, 0),
(71, 37, 0),
(71, 38, 0),
(71, 39, 0),
(72, 1, 2),
(72, 2, 1),
(72, 3, 1),
(72, 4, 0),
(72, 5, 0),
(72, 6, 0),
(72, 7, 0),
(72, 8, 0),
(72, 9, 0),
(72, 12, 0),
(72, 31, 0),
(72, 32, 0),
(72, 34, 0),
(72, 36, 0),
(72, 37, 0),
(72, 38, 0),
(72, 39, 0),
(73, 1, 0),
(73, 2, 0),
(73, 3, 0),
(73, 4, 0),
(73, 5, 0),
(73, 6, 0),
(73, 7, 0),
(73, 8, 0),
(73, 9, 0),
(73, 12, 0),
(74, 1, 2),
(74, 2, 1),
(74, 3, 0),
(74, 4, 0),
(74, 5, 0),
(74, 6, 0),
(74, 7, 0),
(74, 8, 0),
(74, 9, 0),
(74, 12, 0),
(74, 31, 0),
(74, 32, 0),
(74, 34, 0),
(74, 36, 0),
(74, 37, 0),
(74, 38, 0),
(74, 39, 0),
(75, 1, 1),
(75, 2, 0),
(75, 3, 0),
(75, 4, 0),
(75, 5, 0),
(75, 6, 0),
(75, 7, 0),
(75, 8, 0),
(75, 9, 0),
(75, 12, 0),
(75, 31, 0),
(75, 32, 0),
(75, 34, 0),
(75, 36, 0),
(75, 37, 0),
(75, 38, 0),
(75, 39, 0),
(76, 1, 1),
(76, 2, 0),
(76, 3, 0),
(76, 4, 0),
(76, 5, 0),
(76, 6, 0),
(76, 7, 0),
(76, 8, 0),
(76, 9, 0),
(76, 12, 0),
(76, 31, 0),
(76, 32, 0),
(76, 34, 0),
(76, 36, 0),
(76, 37, 0),
(76, 38, 0),
(76, 39, 0),
(77, 1, 1),
(77, 2, 0),
(77, 3, 0),
(77, 4, 0),
(77, 5, 0),
(77, 6, 0),
(77, 7, 0),
(77, 8, 0),
(77, 9, 0),
(77, 12, 0),
(77, 31, 0),
(77, 32, 0),
(77, 34, 0),
(77, 36, 0),
(77, 37, 0),
(77, 38, 0),
(77, 39, 0),
(78, 1, 0),
(78, 2, 0),
(78, 3, 0),
(78, 4, 0),
(78, 5, 0),
(78, 6, 0),
(78, 7, 0),
(78, 8, 0),
(78, 9, 0),
(78, 12, 0),
(79, 1, 0),
(79, 2, 0),
(79, 3, 0),
(79, 4, 0),
(79, 5, 0),
(79, 6, 0),
(79, 7, 0),
(79, 8, 0),
(79, 9, 0),
(79, 12, 0),
(80, 1, 1),
(80, 2, 0),
(80, 3, 0),
(80, 4, 0),
(80, 5, 0),
(80, 6, 0),
(80, 7, 0),
(80, 8, 0),
(80, 9, 0),
(80, 12, 0),
(80, 31, 0),
(80, 32, 0),
(80, 34, 0),
(80, 36, 0),
(80, 37, 0),
(80, 38, 0),
(80, 39, 0),
(81, 1, 1),
(81, 2, 0),
(81, 3, 0),
(81, 4, 0),
(81, 5, 0),
(81, 6, 0),
(81, 7, 0),
(81, 8, 0),
(81, 9, 0),
(81, 12, 0),
(81, 31, 0),
(81, 32, 0),
(81, 34, 0),
(81, 36, 0),
(81, 37, 0),
(81, 38, 0),
(81, 39, 0),
(82, 1, 20),
(82, 2, 0),
(82, 3, 0),
(82, 4, 0),
(82, 5, 0),
(82, 6, 0),
(82, 7, 0),
(82, 8, 0),
(82, 9, 0),
(82, 12, 0),
(82, 31, 0),
(82, 32, 0),
(82, 34, 0),
(82, 36, 0),
(82, 37, 0),
(82, 38, 0),
(82, 39, 0),
(83, 1, 5),
(83, 2, 10),
(83, 3, 0),
(83, 4, 0),
(83, 5, 0),
(83, 6, 0),
(83, 7, 0),
(83, 8, 0),
(83, 9, 0),
(83, 12, 0),
(83, 31, 0),
(83, 32, 0),
(83, 34, 0),
(83, 36, 0),
(83, 37, 0),
(83, 38, 0),
(83, 39, 0),
(84, 1, 4),
(84, 2, 5),
(84, 3, 0),
(84, 4, 0),
(84, 5, 0),
(84, 6, 0),
(84, 7, 0),
(84, 8, 0),
(84, 9, 0),
(84, 12, 0),
(84, 31, 0),
(84, 32, 0),
(84, 34, 0),
(84, 36, 0),
(84, 37, 0),
(84, 38, 0),
(84, 39, 0),
(85, 1, 0),
(85, 2, 0),
(85, 3, 0),
(85, 4, 0),
(85, 5, 0),
(85, 6, 0),
(85, 7, 0),
(85, 8, 0),
(85, 9, 0),
(85, 12, 0),
(86, 1, 10),
(86, 2, 0),
(86, 3, 0),
(86, 4, 0),
(86, 5, 0),
(86, 6, 0),
(86, 7, 0),
(86, 8, 0),
(86, 9, 0),
(86, 12, 0),
(86, 31, 0),
(86, 32, 0),
(86, 34, 0),
(86, 36, 0),
(86, 37, 0),
(86, 38, 0),
(86, 39, 0),
(87, 1, 0),
(87, 2, 0),
(87, 3, 0),
(87, 4, 0),
(87, 5, 0),
(87, 6, 0),
(87, 7, 0),
(87, 8, 0),
(87, 9, 0),
(87, 12, 0),
(87, 31, 0),
(87, 32, 0),
(87, 34, 0),
(87, 36, 0),
(87, 37, 0),
(87, 38, 0),
(87, 39, 0),
(88, 1, 10),
(88, 2, 10),
(88, 3, 0),
(88, 4, 0),
(88, 5, 0),
(88, 6, 0),
(88, 7, 0),
(88, 8, 0),
(88, 9, 0),
(88, 12, 0),
(88, 31, 0),
(88, 32, 0),
(88, 34, 0),
(88, 36, 0),
(88, 37, 0),
(88, 38, 0),
(88, 39, 0),
(89, 1, 0),
(89, 2, 10),
(89, 3, 0),
(89, 4, 0),
(89, 5, 0),
(89, 6, 0),
(89, 7, 0),
(89, 8, 0),
(89, 9, 0),
(89, 12, 0),
(89, 31, 0),
(89, 32, 0),
(89, 34, 0),
(89, 36, 0),
(89, 37, 0),
(89, 38, 0),
(89, 39, 0),
(90, 1, 0),
(90, 2, 0),
(90, 3, 0),
(90, 4, 0),
(90, 5, 0),
(90, 6, 0),
(90, 7, 0),
(90, 8, 0),
(90, 9, 0),
(90, 12, 0),
(91, 1, 4),
(91, 2, 0),
(91, 3, 0),
(91, 4, 0),
(91, 5, 0),
(91, 6, 0),
(91, 7, 0),
(91, 8, 0),
(91, 9, 0),
(91, 12, 0),
(91, 31, 0),
(91, 32, 0),
(91, 34, 0),
(91, 36, 0),
(91, 37, 0),
(91, 38, 0),
(91, 39, 0),
(92, 1, 7),
(92, 2, 0),
(92, 3, 0),
(92, 4, 0),
(92, 5, 0),
(92, 6, 0),
(92, 7, 0),
(92, 8, 0),
(92, 9, 0),
(92, 12, 0),
(92, 31, 0),
(92, 32, 0),
(92, 34, 0),
(92, 36, 0),
(92, 37, 0),
(92, 38, 0),
(92, 39, 0),
(93, 1, 1),
(93, 2, 1),
(93, 3, 0),
(93, 4, 0),
(93, 5, 0),
(93, 6, 0),
(93, 7, 0),
(93, 8, 0),
(93, 9, 0),
(93, 12, 0),
(93, 31, 0),
(93, 32, 0),
(93, 34, 0),
(93, 36, 0),
(93, 37, 0),
(93, 38, 0),
(93, 39, 0),
(94, 1, 3),
(94, 2, 1),
(94, 3, 0),
(94, 4, 0),
(94, 5, 0),
(94, 6, 0),
(94, 7, 0),
(94, 8, 0),
(94, 9, 0),
(94, 12, 0),
(94, 31, 0),
(94, 32, 0),
(94, 34, 0),
(94, 36, 0),
(94, 37, 0),
(94, 38, 0),
(94, 39, 0),
(95, 1, 0),
(95, 2, 0),
(95, 3, 0),
(95, 4, 0),
(95, 5, 0),
(95, 6, 0),
(95, 7, 0),
(95, 8, 0),
(95, 9, 0),
(95, 12, 0),
(95, 31, 0),
(95, 32, 0),
(95, 34, 0),
(95, 36, 0),
(95, 37, 0),
(95, 38, 0),
(95, 39, 0),
(96, 1, 2),
(96, 2, 0),
(96, 3, 0),
(96, 4, 0),
(96, 5, 0),
(96, 6, 0),
(96, 7, 0),
(96, 8, 0),
(96, 9, 0),
(96, 12, 0),
(96, 31, 0),
(96, 32, 0),
(96, 34, 0),
(96, 36, 0),
(96, 37, 0),
(96, 38, 0),
(96, 39, 0),
(97, 1, 0),
(97, 2, 2),
(97, 3, 0),
(97, 4, 0),
(97, 5, 0),
(97, 6, 0),
(97, 7, 0),
(97, 8, 0),
(97, 9, 0),
(97, 12, 0),
(97, 31, 0),
(97, 32, 0),
(97, 34, 0),
(97, 36, 0),
(97, 37, 0),
(97, 38, 0),
(97, 39, 0),
(98, 1, 1),
(98, 2, 0),
(98, 3, 0),
(98, 4, 0),
(98, 5, 0),
(98, 6, 0),
(98, 7, 0),
(98, 8, 0),
(98, 9, 0),
(98, 12, 0),
(98, 31, 0),
(98, 32, 0),
(98, 34, 0),
(98, 36, 0),
(98, 37, 0),
(98, 38, 0),
(98, 39, 0),
(99, 1, 1),
(99, 2, 0),
(99, 3, 0),
(99, 4, 0),
(99, 5, 0),
(99, 6, 0),
(99, 7, 0),
(99, 8, 0),
(99, 9, 0),
(99, 12, 0),
(99, 31, 0),
(99, 32, 0),
(99, 34, 0),
(99, 36, 0),
(99, 37, 0),
(99, 38, 0),
(99, 39, 0),
(100, 1, 1),
(100, 2, 0),
(100, 3, 0),
(100, 4, 0),
(100, 5, 0),
(100, 6, 0),
(100, 7, 0),
(100, 8, 0),
(100, 9, 0),
(100, 12, 0),
(100, 31, 0),
(100, 32, 0),
(100, 34, 0),
(100, 36, 0),
(100, 37, 0),
(100, 38, 0),
(100, 39, 0),
(101, 1, 4),
(101, 2, 0),
(101, 3, 0),
(101, 4, 0),
(101, 5, 0),
(101, 6, 0),
(101, 7, 0),
(101, 8, 0),
(101, 9, 0),
(101, 12, 0),
(101, 31, 0),
(101, 32, 0),
(101, 34, 0),
(101, 36, 0),
(101, 37, 0),
(101, 38, 0),
(101, 39, 0),
(102, 1, 14),
(102, 2, 1),
(102, 3, 0),
(102, 4, 0),
(102, 5, 0),
(102, 6, 0),
(102, 7, 0),
(102, 8, 0),
(102, 9, 0),
(102, 12, 0),
(102, 31, 0),
(102, 32, 0),
(102, 34, 0),
(102, 36, 0),
(102, 37, 0),
(102, 38, 0),
(102, 39, 0),
(103, 1, 5),
(103, 2, 0),
(103, 3, 0),
(103, 4, 0),
(103, 5, 0),
(103, 6, 0),
(103, 7, 0),
(103, 8, 0),
(103, 9, 0),
(103, 12, 0),
(103, 31, 0),
(103, 32, 0),
(103, 34, 0),
(103, 36, 0),
(103, 37, 0),
(103, 38, 0),
(103, 39, 0),
(104, 1, 3),
(104, 2, 0),
(104, 3, 0),
(104, 4, 0),
(104, 5, 0),
(104, 6, 0),
(104, 7, 0),
(104, 8, 0),
(104, 9, 0),
(104, 12, 0),
(104, 31, 0),
(104, 32, 0),
(104, 34, 0),
(104, 36, 0),
(104, 37, 0),
(104, 38, 0),
(104, 39, 0),
(105, 1, 14),
(105, 2, 0),
(105, 3, 0),
(105, 4, 0),
(105, 5, 0),
(105, 6, 0),
(105, 7, 0),
(105, 8, 0),
(105, 9, 0),
(105, 12, 0),
(105, 31, 0),
(105, 32, 0),
(105, 34, 0),
(105, 36, 0),
(105, 37, 0),
(105, 38, 0),
(105, 39, 0),
(106, 1, 4),
(106, 2, 0),
(106, 3, 0),
(106, 4, 0),
(106, 5, 0),
(106, 6, 0),
(106, 7, 0),
(106, 8, 0),
(106, 9, 0),
(106, 12, 0),
(106, 31, 0),
(106, 32, 0),
(106, 34, 0),
(106, 36, 0),
(106, 37, 0),
(106, 38, 0),
(106, 39, 0),
(107, 1, 3),
(107, 2, 0),
(107, 3, 0),
(107, 4, 0),
(107, 5, 0),
(107, 6, 0),
(107, 7, 0),
(107, 8, 0),
(107, 9, 0),
(107, 12, 0),
(107, 31, 0),
(107, 32, 0),
(107, 34, 0),
(107, 36, 0),
(107, 37, 0),
(107, 38, 0),
(107, 39, 0),
(108, 1, 0),
(108, 2, 0),
(108, 3, 0),
(108, 4, 0),
(108, 5, 0),
(108, 6, 0),
(108, 7, 0),
(108, 8, 0),
(108, 9, 0),
(108, 12, 0),
(109, 1, 5),
(109, 2, 0),
(109, 3, 0),
(109, 4, 0),
(109, 5, 0),
(109, 6, 0),
(109, 7, 0),
(109, 8, 0),
(109, 9, 0),
(109, 12, 0),
(109, 31, 0),
(109, 32, 0),
(109, 34, 0),
(109, 36, 0),
(109, 37, 0),
(109, 38, 0),
(109, 39, 0),
(110, 1, 7),
(110, 2, 2),
(110, 3, 0),
(110, 4, 0),
(110, 5, 0),
(110, 6, 0),
(110, 7, 0),
(110, 8, 0),
(110, 9, 0),
(110, 12, 0),
(110, 31, 0),
(110, 32, 0),
(110, 34, 0),
(110, 36, 0),
(110, 37, 0),
(110, 38, 0),
(110, 39, 0),
(111, 1, 10),
(111, 2, 0),
(111, 3, 0),
(111, 4, 0),
(111, 5, 0),
(111, 6, 0),
(111, 7, 0),
(111, 8, 0),
(111, 9, 0),
(111, 12, 0),
(111, 31, 0),
(111, 32, 0),
(111, 34, 0),
(111, 36, 0),
(111, 37, 0),
(111, 38, 0),
(111, 39, 0),
(112, 1, 7),
(112, 2, 1),
(112, 3, 0),
(112, 4, 0),
(112, 5, 0),
(112, 6, 0),
(112, 7, 0),
(112, 8, 0),
(112, 9, 0),
(112, 12, 0),
(112, 31, 0),
(112, 32, 0),
(112, 34, 0),
(112, 36, 0),
(112, 37, 0),
(112, 38, 0),
(112, 39, 0),
(113, 1, 0),
(113, 2, 0),
(113, 3, 0),
(113, 4, 0),
(113, 5, 0),
(113, 6, 0),
(113, 7, 0),
(113, 8, 0),
(113, 9, 0),
(113, 12, 0),
(114, 1, 2),
(114, 2, 5),
(114, 3, 0),
(114, 4, 0),
(114, 5, 0),
(114, 6, 0),
(114, 7, 0),
(114, 8, 0),
(114, 9, 0),
(114, 12, 0),
(114, 31, 0),
(114, 32, 0),
(114, 34, 0),
(114, 36, 0),
(114, 37, 0),
(114, 38, 0),
(114, 39, 0),
(115, 1, 14),
(115, 2, 1),
(115, 3, 0),
(115, 4, 0),
(115, 5, 0),
(115, 6, 0),
(115, 7, 0),
(115, 8, 0),
(115, 9, 0),
(115, 12, 0),
(115, 31, 0),
(115, 32, 0),
(115, 34, 0),
(115, 36, 0),
(115, 37, 0),
(115, 38, 0),
(115, 39, 0),
(116, 1, 4),
(116, 2, 0),
(116, 3, 0),
(116, 4, 0),
(116, 5, 0),
(116, 6, 0),
(116, 7, 0),
(116, 8, 0),
(116, 9, 0),
(116, 12, 0),
(116, 31, 0),
(116, 32, 0),
(116, 34, 0),
(116, 36, 0),
(116, 37, 0),
(116, 38, 0),
(116, 39, 0),
(117, 1, 1),
(117, 2, 0),
(117, 3, 0),
(117, 4, 0),
(117, 5, 0),
(117, 6, 0),
(117, 7, 0),
(117, 8, 0),
(117, 9, 0),
(117, 12, 0),
(117, 31, 0),
(117, 32, 0),
(117, 34, 0),
(117, 36, 0),
(117, 37, 0),
(117, 38, 0),
(117, 39, 0),
(118, 1, 5),
(118, 2, 0),
(118, 3, 0),
(118, 4, 0),
(118, 5, 0),
(118, 6, 0),
(118, 7, 0),
(118, 8, 0),
(118, 9, 0),
(118, 12, 0),
(118, 31, 0),
(118, 32, 0),
(118, 34, 0),
(118, 36, 0),
(118, 37, 0),
(118, 38, 0),
(118, 39, 0),
(119, 1, 8),
(119, 2, 1),
(119, 3, 0),
(119, 4, 0),
(119, 5, 0),
(119, 6, 0),
(119, 7, 0),
(119, 8, 0),
(119, 9, 0),
(119, 12, 0),
(119, 31, 0),
(119, 32, 0),
(119, 34, 0),
(119, 36, 0),
(119, 37, 0),
(119, 38, 0),
(119, 39, 0),
(120, 1, 1),
(120, 2, 0),
(120, 3, 0),
(120, 4, 0),
(120, 5, 0),
(120, 6, 0),
(120, 7, 0),
(120, 8, 0),
(120, 9, 0),
(120, 12, 0),
(120, 31, 0),
(120, 32, 0),
(120, 34, 0),
(120, 36, 0),
(120, 37, 0),
(120, 38, 0),
(120, 39, 0),
(121, 1, 1),
(121, 2, 0),
(121, 3, 0),
(121, 4, 0),
(121, 5, 0),
(121, 6, 0),
(121, 7, 0),
(121, 8, 0),
(121, 9, 0),
(121, 12, 0),
(121, 31, 0),
(121, 32, 0),
(121, 34, 0),
(121, 36, 0),
(121, 37, 0),
(121, 38, 0),
(121, 39, 0),
(122, 1, 5),
(122, 2, 0),
(122, 3, 0),
(122, 4, 0),
(122, 5, 0),
(122, 6, 0),
(122, 7, 0),
(122, 8, 0),
(122, 9, 0),
(122, 12, 0),
(122, 31, 0),
(122, 32, 0),
(122, 34, 0),
(122, 36, 0),
(122, 37, 0),
(122, 38, 0),
(122, 39, 0),
(123, 1, 11),
(123, 2, 3),
(123, 3, 0),
(123, 4, 0),
(123, 5, 0),
(123, 6, 0),
(123, 7, 0),
(123, 8, 0),
(123, 9, 0),
(123, 12, 0),
(123, 31, 0),
(123, 32, 0),
(123, 34, 0),
(123, 36, 0),
(123, 37, 0),
(123, 38, 0),
(123, 39, 0),
(124, 1, 2),
(124, 2, 0),
(124, 3, 0),
(124, 4, 0),
(124, 5, 0),
(124, 6, 0),
(124, 7, 0),
(124, 8, 0),
(124, 9, 0),
(124, 12, 0),
(124, 31, 0),
(124, 32, 0),
(124, 34, 0),
(124, 36, 0),
(124, 37, 0),
(124, 38, 0),
(124, 39, 0),
(125, 1, 1),
(125, 2, 0),
(125, 3, 0),
(125, 4, 0),
(125, 5, 0),
(125, 6, 0),
(125, 7, 0),
(125, 8, 0),
(125, 9, 0),
(125, 12, 0),
(125, 31, 0),
(125, 32, 0),
(125, 34, 0),
(125, 36, 0),
(125, 37, 0),
(125, 38, 0),
(125, 39, 0),
(126, 1, 1),
(126, 2, 0),
(126, 3, 0),
(126, 4, 0),
(126, 5, 0),
(126, 6, 0),
(126, 7, 0),
(126, 8, 0),
(126, 9, 0),
(126, 12, 0),
(126, 31, 0),
(126, 32, 0),
(126, 34, 0),
(126, 36, 0),
(126, 37, 0),
(126, 38, 0),
(126, 39, 0),
(127, 1, 0),
(127, 2, 0),
(127, 3, 1),
(127, 4, 0),
(127, 5, 0),
(127, 6, 0),
(127, 7, 0),
(127, 8, 0),
(127, 9, 0),
(127, 12, 0),
(127, 31, 0),
(127, 32, 0),
(127, 34, 0),
(127, 36, 0),
(127, 37, 0),
(127, 38, 0),
(127, 39, 0),
(128, 1, 34),
(128, 2, 0),
(128, 3, 0),
(128, 4, 0),
(128, 5, 0),
(128, 6, 0),
(128, 7, 0),
(128, 8, 0),
(128, 9, 0),
(128, 12, 0),
(128, 31, 0),
(128, 32, 0),
(128, 34, 0),
(128, 36, 0),
(128, 37, 0),
(128, 38, 0),
(128, 39, 0),
(129, 1, 14),
(129, 2, 0),
(129, 3, 2),
(129, 4, 0),
(129, 5, 0),
(129, 6, 0),
(129, 7, 0),
(129, 8, 0),
(129, 9, 0),
(129, 12, 0),
(129, 31, 0),
(129, 32, 0),
(129, 34, 0),
(129, 36, 0),
(129, 37, 0),
(129, 38, 0),
(129, 39, 0),
(130, 1, 6),
(130, 2, 1),
(130, 3, 0),
(130, 4, 0),
(130, 5, 0),
(130, 6, 0),
(130, 7, 0),
(130, 8, 0),
(130, 9, 0),
(130, 12, 0),
(130, 31, 0),
(130, 32, 0),
(130, 34, 0),
(130, 36, 0),
(130, 37, 0),
(130, 38, 0),
(130, 39, 0),
(131, 1, 1),
(131, 2, 0),
(131, 3, 0),
(131, 4, 0),
(131, 5, 0),
(131, 6, 0),
(131, 7, 0),
(131, 8, 0),
(131, 9, 0),
(131, 12, 0),
(131, 31, 0),
(131, 32, 0),
(131, 34, 0),
(131, 36, 0),
(131, 37, 0),
(131, 38, 0),
(131, 39, 0),
(132, 1, 3),
(132, 2, 0),
(132, 3, 0),
(132, 4, 0),
(132, 5, 0),
(132, 6, 0),
(132, 7, 0),
(132, 8, 0),
(132, 9, 0),
(132, 12, 0),
(132, 31, 0),
(132, 32, 0),
(132, 34, 0),
(132, 36, 0),
(132, 37, 0),
(132, 38, 0),
(132, 39, 0),
(133, 1, 8),
(133, 2, 1),
(133, 3, 0),
(133, 4, 0),
(133, 5, 0),
(133, 6, 0),
(133, 7, 0),
(133, 8, 0),
(133, 9, 0),
(133, 12, 0),
(133, 31, 0),
(133, 32, 0),
(133, 34, 0),
(133, 36, 0),
(133, 37, 0),
(133, 38, 0),
(133, 39, 0),
(134, 1, 13),
(134, 2, 0),
(134, 3, 0),
(134, 4, 0),
(134, 5, 0),
(134, 6, 0),
(134, 7, 0),
(134, 8, 0),
(134, 9, 0),
(134, 12, 0),
(134, 31, 0),
(134, 32, 0),
(134, 34, 0),
(134, 36, 0),
(134, 37, 0),
(134, 38, 0),
(134, 39, 0),
(135, 1, 0),
(135, 2, 0),
(135, 3, 0),
(135, 4, 0),
(135, 5, 0),
(135, 6, 0),
(135, 7, 0),
(135, 8, 0),
(135, 9, 0),
(135, 12, 0),
(136, 1, 11),
(136, 2, 0),
(136, 3, 0),
(136, 4, 0),
(136, 5, 0),
(136, 6, 0),
(136, 7, 0),
(136, 8, 0),
(136, 9, 0),
(136, 12, 0),
(136, 31, 0),
(136, 32, 0),
(136, 34, 0),
(136, 36, 0),
(136, 37, 0),
(136, 38, 0),
(136, 39, 0),
(137, 1, 4),
(137, 2, 1),
(137, 3, 0),
(137, 4, 0),
(137, 5, 0),
(137, 6, 0),
(137, 7, 0),
(137, 8, 0),
(137, 9, 0),
(137, 12, 0),
(137, 31, 0),
(137, 32, 0),
(137, 34, 0),
(137, 36, 0),
(137, 37, 0),
(137, 38, 0),
(137, 39, 0),
(138, 1, 0),
(138, 2, 1),
(138, 3, 0),
(138, 4, 0),
(138, 5, 0),
(138, 6, 0),
(138, 7, 0),
(138, 8, 0),
(138, 9, 0),
(138, 12, 0),
(138, 31, 0),
(138, 32, 0),
(138, 34, 0),
(138, 36, 0),
(138, 37, 0),
(138, 38, 0),
(138, 39, 0),
(139, 1, 1),
(139, 2, 0),
(139, 3, 0),
(139, 4, 0),
(139, 5, 0),
(139, 6, 0),
(139, 7, 0),
(139, 8, 0),
(139, 9, 0),
(139, 12, 0),
(139, 31, 0),
(139, 32, 0),
(139, 34, 0),
(139, 36, 0),
(139, 37, 0),
(139, 38, 0),
(139, 39, 0),
(140, 1, 9),
(140, 2, 1),
(140, 3, 2),
(140, 4, 0),
(140, 5, 0),
(140, 6, 0),
(140, 7, 0),
(140, 8, 0),
(140, 9, 0),
(140, 12, 0),
(140, 31, 0),
(140, 32, 0),
(140, 34, 0),
(140, 36, 0),
(140, 37, 0),
(140, 38, 0),
(140, 39, 0),
(141, 1, 6),
(141, 2, 0),
(141, 3, 0),
(141, 4, 0),
(141, 5, 0),
(141, 6, 0),
(141, 7, 0),
(141, 8, 0),
(141, 9, 0),
(141, 12, 0),
(141, 31, 0),
(141, 32, 0),
(141, 34, 0),
(141, 36, 0),
(141, 37, 0),
(141, 38, 0),
(141, 39, 0),
(142, 1, 0),
(142, 2, 0),
(142, 3, 0),
(142, 4, 0),
(142, 5, 0),
(142, 6, 0),
(142, 7, 0),
(142, 8, 0),
(142, 9, 0),
(142, 12, 0),
(143, 1, 3),
(143, 2, 0),
(143, 3, 0),
(143, 4, 0),
(143, 5, 0),
(143, 6, 0),
(143, 7, 0),
(143, 8, 0),
(143, 9, 0),
(143, 12, 0),
(143, 31, 0),
(143, 32, 0),
(143, 34, 0),
(143, 36, 0),
(143, 37, 0),
(143, 38, 0),
(143, 39, 0),
(144, 1, 2),
(144, 2, 0),
(144, 3, 0),
(144, 4, 0),
(144, 5, 0),
(144, 6, 0),
(144, 7, 0),
(144, 8, 0),
(144, 9, 0),
(144, 12, 0),
(144, 31, 0),
(144, 32, 0),
(144, 34, 0),
(144, 36, 0),
(144, 37, 0),
(144, 38, 0),
(144, 39, 0),
(145, 1, 0),
(145, 2, 0),
(145, 3, 0),
(145, 4, 0),
(145, 5, 0),
(145, 6, 0),
(145, 7, 0),
(145, 8, 0),
(145, 9, 0),
(145, 12, 0),
(145, 31, 0),
(145, 32, 0),
(145, 34, 0),
(145, 36, 0),
(145, 37, 0),
(145, 38, 0),
(145, 39, 0),
(146, 1, 1),
(146, 2, 0),
(146, 3, 0),
(146, 4, 0),
(146, 5, 0),
(146, 6, 0),
(146, 7, 0),
(146, 8, 0),
(146, 9, 0),
(146, 12, 0),
(146, 31, 0),
(146, 32, 0),
(146, 34, 0),
(146, 36, 0),
(146, 37, 0),
(146, 38, 0),
(146, 39, 0),
(147, 1, 1),
(147, 2, 0),
(147, 3, 0),
(147, 4, 0),
(147, 5, 0),
(147, 6, 0),
(147, 7, 0),
(147, 8, 0),
(147, 9, 0),
(147, 12, 0),
(147, 31, 0),
(147, 32, 0),
(147, 34, 0),
(147, 36, 0),
(147, 37, 0),
(147, 38, 0),
(147, 39, 0),
(148, 1, 2),
(148, 2, 0),
(148, 3, 0),
(148, 4, 0),
(148, 5, 0),
(148, 6, 0),
(148, 7, 0),
(148, 8, 0),
(148, 9, 0),
(148, 12, 0),
(148, 31, 0),
(148, 32, 0),
(148, 34, 0),
(148, 36, 0),
(148, 37, 0),
(148, 38, 0),
(148, 39, 0),
(149, 1, 1),
(149, 2, 0),
(149, 3, 0),
(149, 4, 0),
(149, 5, 0),
(149, 6, 0),
(149, 7, 0),
(149, 8, 0),
(149, 9, 0),
(149, 12, 0),
(149, 31, 0),
(149, 32, 0),
(149, 34, 0),
(149, 36, 0),
(149, 37, 0),
(149, 38, 0),
(149, 39, 0),
(150, 1, 1),
(150, 2, 0),
(150, 3, 0),
(150, 4, 0),
(150, 5, 0),
(150, 6, 0),
(150, 7, 0),
(150, 8, 0),
(150, 9, 0),
(150, 12, 0),
(150, 31, 0),
(150, 32, 0),
(150, 34, 0),
(150, 36, 0),
(150, 37, 0),
(150, 38, 0),
(150, 39, 0),
(151, 1, 6),
(151, 2, 0),
(151, 3, 0),
(151, 4, 0),
(151, 5, 0),
(151, 6, 0),
(151, 7, 0),
(151, 8, 0),
(151, 9, 0),
(151, 12, 0),
(151, 31, 0),
(151, 32, 0),
(151, 34, 0),
(151, 36, 0),
(151, 37, 0),
(151, 38, 0),
(151, 39, 0),
(152, 1, 1),
(152, 2, 0),
(152, 3, 0),
(152, 4, 0),
(152, 5, 0),
(152, 6, 0),
(152, 7, 0),
(152, 8, 0),
(152, 9, 0),
(152, 12, 0),
(152, 31, 0),
(152, 32, 0),
(152, 34, 0),
(152, 36, 0),
(152, 37, 0),
(152, 38, 0),
(152, 39, 0),
(153, 1, 1),
(153, 2, 0),
(153, 3, 0),
(153, 4, 0),
(153, 5, 0),
(153, 6, 0),
(153, 7, 0),
(153, 8, 0),
(153, 9, 0),
(153, 12, 0),
(153, 31, 0),
(153, 32, 0),
(153, 34, 0),
(153, 36, 0),
(153, 37, 0),
(153, 38, 0),
(153, 39, 0),
(154, 1, 5),
(154, 2, 0),
(154, 3, 0),
(154, 4, 0),
(154, 5, 0),
(154, 6, 0),
(154, 7, 0),
(154, 8, 0),
(154, 9, 0),
(154, 12, 0),
(154, 31, 0),
(154, 32, 0),
(154, 34, 0),
(154, 36, 0),
(154, 37, 0),
(154, 38, 0),
(154, 39, 0),
(155, 1, 1),
(155, 2, 0),
(155, 3, 0),
(155, 4, 0),
(155, 5, 0),
(155, 6, 0),
(155, 7, 0),
(155, 8, 0),
(155, 9, 0),
(155, 12, 0),
(155, 31, 0),
(155, 32, 0),
(155, 34, 0),
(155, 36, 0),
(155, 37, 0),
(155, 38, 0),
(155, 39, 0),
(156, 1, 2),
(156, 2, 0),
(156, 3, 1),
(156, 4, 0),
(156, 5, 0),
(156, 6, 0),
(156, 7, 0),
(156, 8, 0),
(156, 9, 0),
(156, 12, 0),
(156, 31, 0),
(156, 32, 0),
(156, 34, 0),
(156, 36, 0),
(156, 37, 0),
(156, 38, 0),
(156, 39, 0),
(157, 1, 0),
(157, 2, 0),
(157, 3, 0),
(157, 4, 0),
(157, 5, 0),
(157, 6, 0),
(157, 7, 0),
(157, 8, 0),
(157, 9, 0),
(157, 12, 0),
(158, 1, 2),
(158, 2, 0),
(158, 3, 0),
(158, 4, 0),
(158, 5, 0),
(158, 6, 0),
(158, 7, 0),
(158, 8, 0),
(158, 9, 0),
(158, 12, 0),
(158, 31, 0),
(158, 32, 0),
(158, 34, 0),
(158, 36, 0),
(158, 37, 0),
(158, 38, 0),
(158, 39, 0),
(159, 1, 0),
(159, 2, 0),
(159, 3, 0),
(159, 4, 0),
(159, 5, 0),
(159, 6, 0),
(159, 7, 0),
(159, 8, 0),
(159, 9, 0),
(159, 12, 0),
(160, 1, 0),
(160, 2, 0),
(160, 3, 0),
(160, 4, 0),
(160, 5, 0),
(160, 6, 0),
(160, 7, 0),
(160, 8, 0),
(160, 9, 0),
(160, 12, 0),
(161, 1, 0),
(161, 2, 0),
(161, 3, 0),
(161, 4, 0),
(161, 5, 0),
(161, 6, 0),
(161, 7, 0),
(161, 8, 0),
(161, 9, 0),
(161, 12, 0),
(162, 1, 3),
(162, 2, 0),
(162, 3, 0),
(162, 4, 0),
(162, 5, 0),
(162, 6, 0),
(162, 7, 0),
(162, 8, 0),
(162, 9, 0),
(162, 12, 0),
(162, 31, 0),
(162, 32, 0),
(162, 34, 0),
(162, 36, 0),
(162, 37, 0),
(162, 38, 0),
(162, 39, 0),
(163, 1, 1),
(163, 2, 0),
(163, 3, 0),
(163, 4, 0),
(163, 5, 0),
(163, 6, 0),
(163, 7, 0),
(163, 8, 0),
(163, 9, 0),
(163, 12, 0),
(163, 31, 0),
(163, 32, 0),
(163, 34, 0),
(163, 36, 0),
(163, 37, 0),
(163, 38, 0),
(163, 39, 0),
(164, 1, 1),
(164, 2, 0),
(164, 3, 0),
(164, 4, 0),
(164, 5, 0),
(164, 6, 0),
(164, 7, 0),
(164, 8, 0),
(164, 9, 0),
(164, 12, 0),
(164, 31, 0),
(164, 32, 0),
(164, 34, 0),
(164, 36, 0),
(164, 37, 0),
(164, 38, 0),
(164, 39, 0),
(165, 1, 11),
(165, 2, 0),
(165, 3, 1),
(165, 4, 0),
(165, 5, 0),
(165, 6, 0),
(165, 7, 0),
(165, 8, 0),
(165, 9, 0),
(165, 12, 0),
(165, 31, 0),
(165, 32, 0),
(165, 34, 0),
(165, 36, 0),
(165, 37, 0),
(165, 38, 0),
(165, 39, 0),
(166, 1, 1),
(166, 2, 0),
(166, 3, 0),
(166, 4, 0),
(166, 5, 0),
(166, 6, 0),
(166, 7, 0),
(166, 8, 0),
(166, 9, 0),
(166, 12, 0),
(166, 31, 0),
(166, 32, 0),
(166, 34, 0),
(166, 36, 0),
(166, 37, 0),
(166, 38, 0),
(166, 39, 0),
(167, 1, 1),
(167, 2, 0),
(167, 3, 0),
(167, 4, 0),
(167, 5, 0),
(167, 6, 0),
(167, 7, 0),
(167, 8, 0),
(167, 9, 0),
(167, 12, 0),
(167, 31, 0),
(167, 32, 0),
(167, 34, 0),
(167, 36, 0),
(167, 37, 0),
(167, 38, 0),
(167, 39, 0),
(168, 1, 8),
(168, 2, 0),
(168, 3, 0),
(168, 4, 0),
(168, 5, 0),
(168, 6, 0),
(168, 7, 0),
(168, 8, 0),
(168, 9, 0),
(168, 12, 0),
(168, 31, 0),
(168, 32, 0),
(168, 34, 0),
(168, 36, 0),
(168, 37, 0),
(168, 38, 0),
(168, 39, 0),
(169, 1, 0),
(169, 2, 0),
(169, 3, 0),
(169, 4, 0),
(169, 5, 0),
(169, 6, 0),
(169, 7, 0),
(169, 8, 0),
(169, 9, 0),
(169, 12, 0),
(170, 1, 1),
(170, 2, 0),
(170, 3, 0),
(170, 4, 0),
(170, 5, 0),
(170, 6, 0),
(170, 7, 0),
(170, 8, 0),
(170, 9, 0),
(170, 12, 0),
(170, 31, 0),
(170, 32, 0),
(170, 34, 0),
(170, 36, 0),
(170, 37, 0),
(170, 38, 0),
(170, 39, 0),
(171, 1, 2),
(171, 2, 0),
(171, 3, 0),
(171, 4, 0),
(171, 5, 0),
(171, 6, 0),
(171, 7, 0),
(171, 8, 0),
(171, 9, 0),
(171, 12, 0),
(171, 31, 0),
(171, 32, 0),
(171, 34, 0),
(171, 36, 0),
(171, 37, 0),
(171, 38, 0),
(171, 39, 0),
(172, 1, 0),
(172, 2, 0),
(172, 3, 0),
(172, 4, 0),
(172, 5, 0),
(172, 6, 0),
(172, 7, 0),
(172, 8, 0),
(172, 9, 0),
(172, 12, 0),
(173, 1, 0),
(173, 2, 0),
(173, 3, 0),
(173, 4, 0),
(173, 5, 0),
(173, 6, 0),
(173, 7, 0),
(173, 8, 0),
(173, 9, 0),
(173, 12, 0),
(174, 1, 0),
(174, 2, 0),
(174, 3, 0),
(174, 4, 0),
(174, 5, 0),
(174, 6, 0),
(174, 7, 0),
(174, 8, 0),
(174, 9, 0),
(174, 12, 0),
(175, 1, 1),
(175, 2, 0),
(175, 3, 0),
(175, 4, 0),
(175, 5, 0),
(175, 6, 0),
(175, 7, 0),
(175, 8, 0),
(175, 9, 0),
(175, 12, 0),
(175, 31, 0),
(175, 32, 0),
(175, 34, 0),
(175, 36, 0),
(175, 37, 0),
(175, 38, 0),
(175, 39, 0),
(176, 1, 0),
(176, 2, 0),
(176, 3, 0),
(176, 4, 0),
(176, 5, 0),
(176, 6, 0),
(176, 7, 0),
(176, 8, 0),
(176, 9, 0),
(176, 12, 0),
(177, 1, 0),
(177, 2, 0),
(177, 3, 0),
(177, 4, 0),
(177, 5, 0),
(177, 6, 0),
(177, 7, 0),
(177, 8, 0),
(177, 9, 0),
(177, 12, 0),
(178, 1, 1),
(178, 2, 0),
(178, 3, 0),
(178, 4, 0),
(178, 5, 0),
(178, 6, 0),
(178, 7, 0),
(178, 8, 0),
(178, 9, 0),
(178, 12, 0),
(178, 31, 0),
(178, 32, 0),
(178, 34, 0),
(178, 36, 0),
(178, 37, 0),
(178, 38, 0),
(178, 39, 0),
(179, 1, 0),
(179, 2, 0),
(179, 3, 1),
(179, 4, 0),
(179, 5, 0),
(179, 6, 0),
(179, 7, 0),
(179, 8, 0),
(179, 9, 0),
(179, 12, 0),
(179, 31, 0),
(179, 32, 0),
(179, 34, 0),
(179, 36, 0),
(179, 37, 0),
(179, 38, 0),
(179, 39, 0),
(180, 1, 0),
(180, 2, 0),
(180, 3, 1),
(180, 4, 0),
(180, 5, 0),
(180, 6, 0),
(180, 7, 0),
(180, 8, 0),
(180, 9, 0),
(180, 12, 0),
(180, 31, 0),
(180, 32, 0),
(180, 34, 0),
(180, 36, 0),
(180, 37, 0),
(180, 38, 0),
(180, 39, 0),
(181, 1, 0),
(181, 2, 0),
(181, 3, 0),
(181, 4, 0),
(181, 5, 0),
(181, 6, 0),
(181, 7, 0),
(181, 8, 0),
(181, 9, 0),
(181, 12, 0),
(181, 31, 0),
(181, 32, 0),
(181, 34, 0),
(181, 36, 0),
(181, 37, 0),
(181, 38, 0),
(181, 39, 0),
(182, 1, 1),
(182, 2, 0),
(182, 3, 0),
(182, 4, 0),
(182, 5, 0),
(182, 6, 0),
(182, 7, 0),
(182, 8, 0),
(182, 9, 0),
(182, 12, 0),
(182, 31, 0),
(182, 32, 0),
(182, 34, 0),
(182, 36, 0),
(182, 37, 0),
(182, 38, 0),
(182, 39, 0),
(183, 1, 0),
(183, 2, 1),
(183, 3, 0),
(183, 4, 0),
(183, 5, 0),
(183, 6, 0),
(183, 7, 0),
(183, 8, 0),
(183, 9, 0),
(183, 12, 0),
(183, 31, 0),
(183, 32, 0),
(183, 34, 0),
(183, 36, 0),
(183, 37, 0),
(183, 38, 0),
(183, 39, 0),
(184, 1, 1),
(184, 2, 0),
(184, 3, 0),
(184, 4, 0),
(184, 5, 0),
(184, 6, 0),
(184, 7, 0),
(184, 8, 0),
(184, 9, 0),
(184, 12, 0),
(184, 31, 0),
(184, 32, 0),
(184, 34, 0),
(184, 36, 0),
(184, 37, 0),
(184, 38, 0),
(184, 39, 0),
(185, 1, 1),
(185, 2, 0),
(185, 3, 0),
(185, 4, 0),
(185, 5, 0),
(185, 6, 0),
(185, 7, 0),
(185, 8, 0),
(185, 9, 0),
(185, 12, 0),
(185, 31, 0),
(185, 32, 0),
(185, 34, 0),
(185, 36, 0),
(185, 37, 0),
(185, 38, 0),
(185, 39, 0),
(186, 1, 0),
(186, 2, 0),
(186, 3, 0),
(186, 4, 0),
(186, 5, 0),
(186, 6, 0),
(186, 7, 0),
(186, 8, 0),
(186, 9, 0),
(186, 12, 0),
(186, 31, 0),
(186, 32, 0),
(186, 34, 0),
(186, 36, 0),
(186, 37, 0),
(186, 38, 0),
(186, 39, 0),
(187, 1, 1),
(187, 2, 0),
(187, 3, 0),
(187, 4, 0),
(187, 5, 0),
(187, 6, 0),
(187, 7, 0),
(187, 8, 0),
(187, 9, 0),
(187, 12, 0),
(187, 31, 0),
(187, 32, 0),
(187, 34, 0),
(187, 36, 0),
(187, 37, 0),
(187, 38, 0),
(187, 39, 0),
(188, 1, 1),
(188, 2, 0),
(188, 3, 0),
(188, 4, 0),
(188, 5, 0),
(188, 6, 0),
(188, 7, 0),
(188, 8, 0),
(188, 9, 0),
(188, 12, 0),
(188, 31, 0),
(188, 32, 0),
(188, 34, 0),
(188, 36, 0),
(188, 37, 0),
(188, 38, 0),
(188, 39, 0),
(189, 1, 0),
(189, 2, 0),
(189, 3, 1),
(189, 4, 0),
(189, 5, 0),
(189, 6, 0),
(189, 7, 0),
(189, 8, 0),
(189, 9, 0),
(189, 12, 0),
(189, 31, 0),
(189, 32, 0),
(189, 34, 0),
(189, 36, 0),
(189, 37, 0),
(189, 38, 0),
(189, 39, 0),
(190, 1, 0),
(190, 2, 0),
(190, 3, 0),
(190, 4, 0),
(190, 5, 0),
(190, 6, 0),
(190, 7, 0),
(190, 8, 0),
(190, 9, 0),
(190, 12, 0),
(190, 31, 0),
(190, 32, 0),
(190, 34, 0),
(190, 36, 0),
(190, 37, 0),
(190, 38, 0),
(190, 39, 0),
(191, 1, 0),
(191, 2, 1),
(191, 3, 0),
(191, 4, 0),
(191, 5, 0),
(191, 6, 0),
(191, 7, 0),
(191, 8, 0),
(191, 9, 0),
(191, 12, 0),
(191, 31, 0),
(191, 32, 0),
(191, 34, 0),
(191, 36, 0),
(191, 37, 0),
(191, 38, 0),
(191, 39, 0),
(192, 1, 1),
(192, 2, 0),
(192, 3, 0),
(192, 4, 0),
(192, 5, 0),
(192, 6, 0),
(192, 7, 0),
(192, 8, 0),
(192, 9, 0),
(192, 12, 0),
(192, 31, 0),
(192, 32, 0),
(192, 34, 0),
(192, 36, 0),
(192, 37, 0),
(192, 38, 0),
(192, 39, 0),
(193, 1, 2),
(193, 2, 0),
(193, 3, 0),
(193, 4, 0),
(193, 5, 0),
(193, 6, 0),
(193, 7, 0),
(193, 8, 0),
(193, 9, 0),
(193, 12, 0),
(193, 31, 0),
(193, 32, 0),
(193, 34, 0),
(193, 36, 0),
(193, 37, 0),
(193, 38, 0),
(193, 39, 0),
(194, 1, 3),
(194, 2, 0),
(194, 3, 0),
(194, 4, 0),
(194, 5, 0),
(194, 6, 0),
(194, 7, 0),
(194, 8, 0),
(194, 9, 0),
(194, 12, 0),
(194, 31, 0),
(194, 32, 0),
(194, 34, 0),
(194, 36, 0),
(194, 37, 0),
(194, 38, 0),
(194, 39, 0),
(195, 1, 1),
(195, 2, 0),
(195, 3, 0),
(195, 4, 0),
(195, 5, 0),
(195, 6, 0),
(195, 7, 0),
(195, 8, 0),
(195, 9, 0),
(195, 12, 0),
(195, 31, 0),
(195, 32, 0),
(195, 34, 0),
(195, 36, 0),
(195, 37, 0),
(195, 38, 0),
(195, 39, 0),
(196, 1, 2),
(196, 2, 0),
(196, 3, 0),
(196, 4, 0),
(196, 5, 0),
(196, 6, 0),
(196, 7, 0),
(196, 8, 0),
(196, 9, 0),
(196, 12, 0),
(196, 31, 0),
(196, 32, 0),
(196, 34, 0),
(196, 36, 0),
(196, 37, 0),
(196, 38, 0),
(196, 39, 0),
(197, 1, 1),
(197, 2, 0),
(197, 3, 0),
(197, 4, 0),
(197, 5, 0),
(197, 6, 0),
(197, 7, 0),
(197, 8, 0),
(197, 9, 0),
(197, 12, 0),
(197, 31, 0),
(197, 32, 0),
(197, 34, 0),
(197, 36, 0),
(197, 37, 0),
(197, 38, 0),
(197, 39, 0),
(198, 1, 1),
(198, 2, 0),
(198, 3, 0),
(198, 4, 0),
(198, 5, 0),
(198, 6, 0),
(198, 7, 0),
(198, 8, 0),
(198, 9, 0),
(198, 12, 0),
(198, 31, 0),
(198, 32, 0),
(198, 34, 0),
(198, 36, 0),
(198, 37, 0),
(198, 38, 0),
(198, 39, 0),
(199, 1, 0),
(199, 2, 1),
(199, 3, 0),
(199, 4, 0),
(199, 5, 0),
(199, 6, 0),
(199, 7, 0),
(199, 8, 0),
(199, 9, 0),
(199, 12, 0),
(199, 31, 0),
(199, 32, 0),
(199, 34, 0),
(199, 36, 0),
(199, 37, 0),
(199, 38, 0),
(199, 39, 0),
(200, 1, 2),
(200, 2, 0),
(200, 3, 0),
(200, 4, 0),
(200, 5, 0),
(200, 6, 0),
(200, 7, 0),
(200, 8, 0),
(200, 9, 0),
(200, 12, 0),
(200, 31, 0),
(200, 32, 0),
(200, 34, 0),
(200, 36, 0),
(200, 37, 0),
(200, 38, 0),
(200, 39, 0),
(201, 1, 3),
(201, 2, 0),
(201, 3, 0),
(201, 4, 0),
(201, 5, 0),
(201, 6, 0),
(201, 7, 0),
(201, 8, 0),
(201, 9, 0),
(201, 12, 0),
(201, 31, 0),
(201, 32, 0),
(201, 34, 0),
(201, 36, 0),
(201, 37, 0),
(201, 38, 0),
(201, 39, 0),
(202, 1, 1),
(202, 2, 0),
(202, 3, 0),
(202, 4, 0),
(202, 5, 0),
(202, 6, 0),
(202, 7, 0),
(202, 8, 0),
(202, 9, 0),
(202, 12, 0),
(202, 31, 0),
(202, 32, 0),
(202, 34, 0),
(202, 36, 0),
(202, 37, 0),
(202, 38, 0),
(202, 39, 0),
(203, 1, 1),
(203, 2, 0),
(203, 3, 0),
(203, 4, 0),
(203, 5, 0),
(203, 6, 0),
(203, 7, 0),
(203, 8, 0),
(203, 9, 0),
(203, 12, 0),
(203, 31, 0),
(203, 32, 0),
(203, 34, 0),
(203, 36, 0),
(203, 37, 0),
(203, 38, 0),
(203, 39, 0),
(204, 1, 1),
(204, 2, 0),
(204, 3, 0),
(204, 4, 0),
(204, 5, 0),
(204, 6, 0),
(204, 7, 0),
(204, 8, 0),
(204, 9, 0),
(204, 12, 0),
(204, 31, 0),
(204, 32, 0),
(204, 34, 0),
(204, 36, 0),
(204, 37, 0),
(204, 38, 0),
(204, 39, 0),
(205, 1, 1),
(205, 2, 0),
(205, 3, 0),
(205, 4, 0),
(205, 5, 0),
(205, 6, 0),
(205, 7, 0),
(205, 8, 0),
(205, 9, 0),
(205, 12, 0),
(205, 31, 0),
(205, 32, 0),
(205, 34, 0),
(205, 36, 0),
(205, 37, 0),
(205, 38, 0),
(205, 39, 0),
(206, 1, 0),
(206, 2, 1),
(206, 3, 1),
(206, 4, 0),
(206, 5, 0),
(206, 6, 0),
(206, 7, 0),
(206, 8, 0),
(206, 9, 0),
(206, 12, 0),
(206, 31, 0),
(206, 32, 0),
(206, 34, 0),
(206, 36, 0),
(206, 37, 0),
(206, 38, 0),
(206, 39, 0),
(207, 1, 0),
(207, 2, 0),
(207, 3, 0),
(207, 4, 0),
(207, 5, 0),
(207, 6, 0),
(207, 7, 0),
(207, 8, 0),
(207, 9, 0),
(207, 12, 0),
(208, 1, 1),
(208, 2, 0),
(208, 3, 0),
(208, 4, 0),
(208, 5, 0),
(208, 6, 0),
(208, 7, 0),
(208, 8, 0),
(208, 9, 0),
(208, 12, 0),
(208, 31, 0),
(208, 32, 0),
(208, 34, 0),
(208, 36, 0),
(208, 37, 0),
(208, 38, 0),
(208, 39, 0),
(209, 1, 1),
(209, 2, 0),
(209, 3, 0),
(209, 4, 0),
(209, 5, 0),
(209, 6, 0),
(209, 7, 0),
(209, 8, 0),
(209, 9, 0),
(209, 12, 0),
(209, 31, 0),
(209, 32, 0),
(209, 34, 0),
(209, 36, 0),
(209, 37, 0),
(209, 38, 0),
(209, 39, 0),
(210, 1, 2),
(210, 2, 0),
(210, 3, 0),
(210, 4, 0),
(210, 5, 0),
(210, 6, 0),
(210, 7, 0),
(210, 8, 0),
(210, 9, 0),
(210, 12, 0),
(210, 31, 0),
(210, 32, 0),
(210, 34, 0),
(210, 36, 0),
(210, 37, 0),
(210, 38, 0),
(210, 39, 0),
(211, 1, 1),
(211, 2, 0),
(211, 3, 0),
(211, 4, 0),
(211, 5, 0),
(211, 6, 0),
(211, 7, 0),
(211, 8, 0),
(211, 9, 0),
(211, 12, 0),
(211, 31, 0),
(211, 32, 0),
(211, 34, 0),
(211, 36, 0),
(211, 37, 0),
(211, 38, 0),
(211, 39, 0),
(212, 1, 2),
(212, 2, 0),
(212, 3, 0),
(212, 4, 0),
(212, 5, 0),
(212, 6, 0),
(212, 7, 0),
(212, 8, 0),
(212, 9, 0),
(212, 12, 0),
(212, 31, 0),
(212, 32, 0),
(212, 34, 0),
(212, 36, 0),
(212, 37, 0),
(212, 38, 0),
(212, 39, 0),
(213, 1, 1),
(213, 2, 0),
(213, 3, 0),
(213, 4, 0),
(213, 5, 0),
(213, 6, 0),
(213, 7, 0),
(213, 8, 0),
(213, 9, 0),
(213, 12, 0),
(213, 31, 0),
(213, 32, 0),
(213, 34, 0),
(213, 36, 0),
(213, 37, 0),
(213, 38, 0),
(213, 39, 0),
(214, 1, 1),
(214, 2, 0),
(214, 3, 0),
(214, 4, 0),
(214, 5, 0),
(214, 6, 0),
(214, 7, 0),
(214, 8, 0),
(214, 9, 0),
(214, 12, 0),
(214, 31, 0),
(214, 32, 0),
(214, 34, 0),
(214, 36, 0),
(214, 37, 0),
(214, 38, 0),
(214, 39, 0),
(215, 1, 0),
(215, 2, 0),
(215, 3, 0),
(215, 4, 0),
(215, 5, 0),
(215, 6, 0),
(215, 7, 0),
(215, 8, 0),
(215, 9, 0),
(215, 12, 0),
(216, 1, 0),
(216, 2, 1),
(216, 3, 0),
(216, 4, 0),
(216, 5, 0),
(216, 6, 0),
(216, 7, 0),
(216, 8, 0),
(216, 9, 0),
(216, 12, 0),
(216, 31, 0),
(216, 32, 0),
(216, 34, 0),
(216, 36, 0),
(216, 37, 0),
(216, 38, 0),
(216, 39, 0),
(217, 1, 0),
(217, 2, 0),
(217, 3, 0),
(217, 4, 0),
(217, 5, 0),
(217, 6, 0),
(217, 7, 0),
(217, 8, 0),
(217, 9, 0),
(217, 12, 0),
(218, 1, 2),
(218, 2, 0),
(218, 3, 0),
(218, 4, 0),
(218, 5, 0),
(218, 6, 0),
(218, 7, 0),
(218, 8, 0),
(218, 9, 0),
(218, 12, 0),
(218, 31, 0),
(218, 32, 0),
(218, 34, 0),
(218, 36, 0),
(218, 37, 0),
(218, 38, 0),
(218, 39, 0),
(219, 1, 2),
(219, 2, 0),
(219, 3, 0),
(219, 4, 0),
(219, 5, 0),
(219, 6, 0),
(219, 7, 0),
(219, 8, 0),
(219, 9, 0),
(219, 12, 0),
(219, 31, 0),
(219, 32, 0),
(219, 34, 0),
(219, 36, 0),
(219, 37, 0),
(219, 38, 0),
(219, 39, 0),
(220, 1, 3),
(220, 2, 0),
(220, 3, 0),
(220, 4, 0),
(220, 5, 0),
(220, 6, 0),
(220, 7, 0),
(220, 8, 0),
(220, 9, 0),
(220, 12, 0),
(220, 31, 0),
(220, 32, 0),
(220, 34, 0),
(220, 36, 0),
(220, 37, 0),
(220, 38, 0),
(220, 39, 0),
(221, 1, 4),
(221, 2, 0),
(221, 3, 2),
(221, 4, 0),
(221, 5, 0),
(221, 6, 0),
(221, 7, 0),
(221, 8, 0),
(221, 9, 0),
(221, 12, 0),
(221, 31, 0),
(221, 32, 0),
(221, 34, 0),
(221, 36, 0),
(221, 37, 0),
(221, 38, 0),
(221, 39, 0),
(222, 1, 1),
(222, 2, 0),
(222, 3, 0),
(222, 4, 0),
(222, 5, 0),
(222, 6, 0),
(222, 7, 0),
(222, 8, 0),
(222, 9, 0),
(222, 12, 0),
(222, 31, 0),
(222, 32, 0),
(222, 34, 0),
(222, 36, 0),
(222, 37, 0),
(222, 38, 0),
(222, 39, 0),
(223, 1, 10),
(223, 2, 0),
(223, 3, 3),
(223, 4, 0),
(223, 5, 0),
(223, 6, 0),
(223, 7, 0),
(223, 8, 0),
(223, 9, 0),
(223, 12, 0),
(223, 31, 0),
(223, 32, 0),
(223, 34, 0),
(223, 36, 0),
(223, 37, 0),
(223, 38, 0),
(223, 39, 0),
(224, 1, 9),
(224, 2, 0),
(224, 3, 0),
(224, 4, 0),
(224, 5, 0),
(224, 6, 0),
(224, 7, 0),
(224, 8, 0),
(224, 9, 0),
(224, 12, 0),
(224, 31, 0),
(224, 32, 0),
(224, 34, 0),
(224, 36, 0),
(224, 37, 0),
(224, 38, 0),
(224, 39, 0),
(225, 1, 4),
(225, 2, 0),
(225, 3, 0),
(225, 4, 0),
(225, 5, 0),
(225, 6, 0),
(225, 7, 0),
(225, 8, 0),
(225, 9, 0),
(225, 12, 0),
(225, 31, 0),
(225, 32, 0),
(225, 34, 0),
(225, 36, 0),
(225, 37, 0),
(225, 38, 0),
(225, 39, 0),
(226, 1, 4),
(226, 2, 0),
(226, 3, 0),
(226, 4, 0),
(226, 5, 0),
(226, 6, 0),
(226, 7, 0),
(226, 8, 0),
(226, 9, 0),
(226, 12, 0),
(226, 31, 0),
(226, 32, 0),
(226, 34, 0),
(226, 36, 0),
(226, 37, 0),
(226, 38, 0),
(226, 39, 0),
(227, 1, 2),
(227, 2, 0),
(227, 3, 0),
(227, 4, 0),
(227, 5, 0),
(227, 6, 0),
(227, 7, 0),
(227, 8, 0),
(227, 9, 0),
(227, 12, 0),
(227, 31, 0),
(227, 32, 0),
(227, 34, 0),
(227, 36, 0),
(227, 37, 0),
(227, 38, 0),
(227, 39, 0),
(228, 1, 1),
(228, 2, 0),
(228, 3, 1),
(228, 4, 0),
(228, 5, 0),
(228, 6, 0),
(228, 7, 0),
(228, 8, 0),
(228, 9, 0),
(228, 12, 0),
(228, 31, 0),
(228, 32, 0),
(228, 34, 0),
(228, 36, 0),
(228, 37, 0),
(228, 38, 0),
(228, 39, 0),
(229, 1, 1),
(229, 2, 0),
(229, 3, 0),
(229, 4, 0),
(229, 5, 0),
(229, 6, 0),
(229, 7, 0),
(229, 8, 0),
(229, 9, 0),
(229, 12, 0),
(229, 31, 0),
(229, 32, 0),
(229, 34, 0),
(229, 36, 0),
(229, 37, 0),
(229, 38, 0),
(229, 39, 0),
(230, 1, 1),
(230, 2, 0),
(230, 3, 0),
(230, 4, 0),
(230, 5, 0),
(230, 6, 0),
(230, 7, 0),
(230, 8, 0),
(230, 9, 0),
(230, 12, 0),
(230, 31, 0),
(230, 32, 0),
(230, 34, 0),
(230, 36, 0),
(230, 37, 0),
(230, 38, 0),
(230, 39, 0),
(231, 1, 0),
(231, 2, 0),
(231, 3, 0),
(231, 4, 0),
(231, 5, 0),
(231, 6, 0),
(231, 7, 0),
(231, 8, 0),
(231, 9, 0),
(231, 12, 0),
(232, 1, 2),
(232, 2, 2),
(232, 3, 0),
(232, 4, 0),
(232, 5, 0),
(232, 6, 0),
(232, 7, 0),
(232, 8, 0),
(232, 9, 0),
(232, 12, 0),
(232, 31, 0),
(232, 32, 0),
(232, 34, 0),
(232, 36, 0),
(232, 37, 0),
(232, 38, 0),
(232, 39, 0),
(233, 1, 2),
(233, 2, 0),
(233, 3, 0),
(233, 4, 0),
(233, 5, 0),
(233, 6, 0),
(233, 7, 0),
(233, 8, 0),
(233, 9, 0),
(233, 12, 0),
(233, 31, 0),
(233, 32, 0),
(233, 34, 0),
(233, 36, 0),
(233, 37, 0),
(233, 38, 0),
(233, 39, 0),
(234, 1, 1),
(234, 2, 0),
(234, 3, 0),
(234, 4, 0),
(234, 5, 0),
(234, 6, 0),
(234, 7, 0),
(234, 8, 0),
(234, 9, 0),
(234, 12, 0),
(234, 31, 0),
(234, 32, 0),
(234, 34, 0),
(234, 36, 0),
(234, 37, 0),
(234, 38, 0),
(234, 39, 0),
(235, 1, 2),
(235, 2, 0),
(235, 3, 0),
(235, 4, 0),
(235, 5, 0),
(235, 6, 0),
(235, 7, 0),
(235, 8, 0),
(235, 9, 0),
(235, 12, 0),
(235, 31, 0),
(235, 32, 0),
(235, 34, 0),
(235, 36, 0),
(235, 37, 0),
(235, 38, 0),
(235, 39, 0),
(236, 1, 7),
(236, 2, 0),
(236, 3, 2),
(236, 4, 0),
(236, 5, 0),
(236, 6, 0),
(236, 7, 0),
(236, 8, 0),
(236, 9, 0),
(236, 12, 0),
(236, 31, 0),
(236, 32, 0),
(236, 34, 0),
(236, 36, 0),
(236, 37, 0),
(236, 38, 0),
(236, 39, 0),
(237, 1, 0),
(237, 2, 0),
(237, 3, 0),
(237, 4, 0),
(237, 5, 0),
(237, 6, 0),
(237, 7, 0),
(237, 8, 0),
(237, 9, 0),
(237, 12, 0),
(238, 1, 13),
(238, 2, 0),
(238, 3, 0),
(238, 4, 0),
(238, 5, 0),
(238, 6, 0),
(238, 7, 0),
(238, 8, 0),
(238, 9, 0),
(238, 12, 0),
(238, 31, 0),
(238, 32, 0),
(238, 34, 0),
(238, 36, 0),
(238, 37, 0),
(238, 38, 0),
(238, 39, 0),
(239, 1, 5),
(239, 2, 0),
(239, 3, 1),
(239, 4, 0),
(239, 5, 0),
(239, 6, 0),
(239, 7, 0),
(239, 8, 0),
(239, 9, 0),
(239, 12, 0),
(239, 31, 0),
(239, 32, 0),
(239, 34, 0),
(239, 36, 0),
(239, 37, 0),
(239, 38, 0),
(239, 39, 0),
(240, 1, 2),
(240, 2, 0),
(240, 3, 1),
(240, 4, 0),
(240, 5, 0),
(240, 6, 0),
(240, 7, 0),
(240, 8, 0),
(240, 9, 0),
(240, 12, 0),
(240, 31, 0),
(240, 32, 0),
(240, 34, 0),
(240, 36, 0),
(240, 37, 0),
(240, 38, 0),
(240, 39, 0),
(241, 1, 3),
(241, 2, 0),
(241, 3, 0),
(241, 4, 0),
(241, 5, 0),
(241, 6, 0),
(241, 7, 0),
(241, 8, 0),
(241, 9, 0),
(241, 12, 0),
(241, 31, 0),
(241, 32, 0),
(241, 34, 0),
(241, 36, 0),
(241, 37, 0),
(241, 38, 0),
(241, 39, 0),
(242, 1, 0),
(242, 2, 0),
(242, 3, 1),
(242, 4, 0),
(242, 5, 0),
(242, 6, 0),
(242, 7, 0),
(242, 8, 0),
(242, 9, 0),
(242, 12, 0),
(242, 31, 0),
(242, 32, 0),
(242, 34, 0),
(242, 36, 0),
(242, 37, 0),
(242, 38, 0),
(242, 39, 0),
(243, 1, 0),
(243, 2, 5),
(243, 3, 0),
(243, 4, 0),
(243, 5, 0),
(243, 6, 0),
(243, 7, 0),
(243, 8, 0),
(243, 9, 0),
(243, 12, 0),
(243, 31, 0),
(243, 32, 0),
(243, 34, 0),
(243, 36, 0),
(243, 37, 0),
(243, 38, 0),
(243, 39, 0),
(244, 1, 0),
(244, 2, 0),
(244, 3, 0),
(244, 4, 0),
(244, 5, 0),
(244, 6, 0),
(244, 7, 0),
(244, 8, 0),
(244, 9, 0),
(244, 12, 0),
(245, 1, 50),
(245, 2, 0),
(245, 3, 0),
(245, 4, 0),
(245, 5, 0),
(245, 6, 0),
(245, 7, 0),
(245, 8, 40),
(245, 9, 0),
(245, 12, 0),
(245, 31, 0),
(245, 32, 0),
(245, 34, 0),
(245, 36, 0),
(245, 37, 52),
(245, 38, 0),
(245, 39, 0),
(246, 1, 3),
(246, 2, 0),
(246, 3, 0),
(246, 4, 0),
(246, 5, 0),
(246, 6, 0),
(246, 7, 0),
(246, 8, 0),
(246, 9, 0),
(246, 12, 0),
(246, 31, 0),
(246, 32, 0),
(246, 34, 0),
(246, 36, 0),
(246, 37, 0),
(246, 38, 0),
(246, 39, 0),
(247, 1, 0),
(247, 2, 0),
(247, 3, 0),
(247, 4, 0),
(247, 5, 0),
(247, 6, 0),
(247, 7, 0),
(247, 8, 40),
(247, 9, 0),
(247, 12, 0),
(247, 31, 0),
(247, 32, 0),
(247, 34, 0),
(247, 36, 0),
(247, 37, 53),
(247, 38, 0),
(247, 39, 0),
(248, 1, 0),
(248, 2, 0),
(248, 3, 50),
(248, 4, 0),
(248, 5, 0),
(248, 6, 0),
(248, 7, 0),
(248, 8, 40),
(248, 9, 0),
(248, 12, 0),
(248, 31, 0),
(248, 32, 0),
(248, 34, 0),
(248, 36, 0),
(248, 37, 50),
(248, 38, 0),
(248, 39, 0),
(249, 1, 0),
(249, 2, 0),
(249, 3, 0),
(249, 4, 0),
(249, 5, 0),
(249, 6, 0),
(249, 7, 0),
(249, 8, 0),
(249, 9, 0),
(249, 12, 0),
(250, 1, 0),
(250, 2, 0),
(250, 3, 0),
(250, 4, 0),
(250, 5, 0),
(250, 6, 0),
(250, 7, 0),
(250, 8, 0),
(250, 9, 0),
(250, 12, 0),
(251, 1, 0),
(251, 2, 0),
(251, 3, 0),
(251, 4, 0),
(251, 5, 0),
(251, 6, 0),
(251, 7, 0),
(251, 8, 0),
(251, 9, 0),
(251, 12, 0),
(252, 1, 0),
(252, 2, 0),
(252, 3, 0),
(252, 4, 0),
(252, 5, 0),
(252, 6, 0),
(252, 7, 0),
(252, 8, 0),
(252, 9, 0),
(252, 12, 0),
(253, 1, 2),
(253, 2, 0),
(253, 3, 0),
(253, 4, 0),
(253, 5, 0),
(253, 6, 0),
(253, 7, 0),
(253, 8, 0),
(253, 9, 0),
(253, 12, 0),
(253, 31, 0),
(253, 32, 0),
(253, 34, 0),
(253, 36, 0),
(253, 37, 0),
(253, 38, 0),
(253, 39, 0),
(254, 1, 0),
(254, 2, 0),
(254, 3, 0),
(254, 4, 0),
(254, 5, 0),
(254, 6, 0),
(254, 7, 0),
(254, 8, 0),
(254, 9, 0),
(254, 12, 0),
(254, 31, 0),
(254, 32, 0),
(254, 34, 0),
(254, 36, 0),
(254, 37, 0),
(254, 38, 0),
(254, 39, 0),
(255, 1, 2),
(255, 2, 1),
(255, 3, 0),
(255, 4, 0),
(255, 5, 0),
(255, 6, 0),
(255, 7, 0),
(255, 8, 0),
(255, 9, 0),
(255, 12, 0),
(255, 31, 0),
(255, 32, 0),
(255, 34, 0),
(255, 36, 0),
(255, 37, 0),
(255, 38, 0),
(255, 39, 0),
(256, 1, 0),
(256, 2, 3),
(256, 3, 0),
(256, 4, 0),
(256, 5, 0),
(256, 6, 0),
(256, 7, 0),
(256, 8, 0),
(256, 9, 0),
(256, 12, 0),
(256, 31, 0),
(256, 32, 0),
(256, 34, 0),
(256, 36, 0),
(256, 37, 0),
(256, 38, 0),
(256, 39, 0),
(257, 1, 0),
(257, 2, 2),
(257, 3, 0),
(257, 4, 0),
(257, 5, 0),
(257, 6, 0),
(257, 7, 0),
(257, 8, 0),
(257, 9, 0),
(257, 12, 0),
(257, 31, 0),
(257, 32, 0),
(257, 34, 0),
(257, 36, 0),
(257, 37, 0),
(257, 38, 0),
(257, 39, 0),
(258, 1, 5),
(258, 2, 0),
(258, 3, 0),
(258, 4, 0),
(258, 5, 0),
(258, 6, 0),
(258, 7, 0),
(258, 8, 0),
(258, 9, 0),
(258, 12, 0),
(258, 31, 0),
(258, 32, 0),
(258, 34, 0),
(258, 36, 0),
(258, 37, 0),
(258, 38, 0),
(258, 39, 0),
(259, 1, 160),
(259, 2, 0),
(259, 3, 0),
(259, 4, 0),
(259, 5, 0),
(259, 6, 0),
(259, 7, 0),
(259, 8, 0),
(259, 9, 0),
(259, 12, 0),
(259, 31, 0),
(259, 32, 0),
(259, 34, 0),
(259, 36, 0),
(259, 37, 104),
(259, 38, 0),
(259, 39, 0),
(260, 1, 25),
(260, 2, 0),
(260, 3, 0),
(260, 4, 0),
(260, 5, 0),
(260, 6, 0),
(260, 7, 0),
(260, 8, 20),
(260, 9, 0),
(260, 12, 0),
(260, 31, 0),
(260, 32, 0),
(260, 34, 0),
(260, 36, 0),
(260, 37, 27),
(260, 38, 0),
(260, 39, 0),
(261, 1, 100),
(261, 2, 0),
(261, 3, 0),
(261, 4, 0),
(261, 5, 0),
(261, 6, 0),
(261, 7, 0),
(261, 8, 80),
(261, 9, 0),
(261, 12, 0),
(261, 31, 0),
(261, 32, 0),
(261, 34, 0),
(261, 36, 0),
(261, 37, 105),
(261, 38, 0),
(261, 39, 0),
(262, 1, 25),
(262, 2, 0),
(262, 3, 0),
(262, 4, 0),
(262, 5, 0),
(262, 6, 0),
(262, 7, 0),
(262, 8, 20),
(262, 9, 0),
(262, 12, 0),
(262, 31, 0),
(262, 32, 0),
(262, 34, 0),
(262, 36, 0),
(262, 37, 25),
(262, 38, 0),
(262, 39, 0),
(263, 1, 0),
(263, 2, 0),
(263, 3, 0),
(263, 4, 0),
(263, 5, 0),
(263, 6, 0),
(263, 7, 0),
(263, 8, 0),
(263, 9, 0),
(263, 12, 0),
(264, 1, 452),
(264, 2, 1),
(264, 3, 0),
(264, 4, 0),
(264, 5, 0),
(264, 6, 0),
(264, 7, 0),
(264, 8, 256),
(264, 9, 0),
(264, 12, 0),
(264, 31, 0),
(264, 32, 0),
(264, 34, 0),
(264, 36, 0),
(264, 37, 341),
(264, 38, 0),
(264, 39, 0),
(265, 1, 8),
(265, 2, 0),
(265, 3, 6),
(265, 4, 0),
(265, 5, 0),
(265, 6, 0),
(265, 7, 0),
(265, 8, 0),
(265, 9, 0),
(265, 12, 0),
(265, 31, 0),
(265, 32, 0),
(265, 34, 0),
(265, 36, 0),
(265, 37, 0),
(265, 38, 0),
(265, 39, 0),
(266, 1, 1),
(266, 2, 2),
(266, 3, 0),
(266, 4, 0),
(266, 5, 0),
(266, 6, 0),
(266, 7, 0),
(266, 8, 0),
(266, 9, 0),
(266, 12, 0),
(266, 31, 0),
(266, 32, 0),
(266, 34, 0),
(266, 36, 0),
(266, 37, 0),
(266, 38, 0),
(266, 39, 0),
(267, 1, 3),
(267, 2, 0),
(267, 3, 0),
(267, 4, 0),
(267, 5, 0),
(267, 6, 0),
(267, 7, 0),
(267, 8, 0),
(267, 9, 0),
(267, 12, 0),
(267, 31, 0),
(267, 32, 0),
(267, 34, 0),
(267, 36, 0),
(267, 37, 0),
(267, 38, 0),
(267, 39, 0),
(268, 1, 4),
(268, 2, 0),
(268, 3, 0),
(268, 4, 0),
(268, 5, 0),
(268, 6, 0),
(268, 7, 0),
(268, 8, 0),
(268, 9, 0),
(268, 12, 0),
(268, 31, 0),
(268, 32, 0),
(268, 34, 0),
(268, 36, 0),
(268, 37, 0),
(268, 38, 0),
(268, 39, 0),
(269, 1, 2),
(269, 2, 0),
(269, 3, 0),
(269, 4, 0),
(269, 5, 0),
(269, 6, 0),
(269, 7, 0),
(269, 8, 0),
(269, 9, 0),
(269, 12, 0),
(269, 31, 0),
(269, 32, 0),
(269, 34, 0),
(269, 36, 0),
(269, 37, 0),
(269, 38, 0),
(269, 39, 0),
(270, 1, 5),
(270, 2, 0),
(270, 3, 0),
(270, 4, 0),
(270, 5, 0),
(270, 6, 0),
(270, 7, 0),
(270, 8, 0),
(270, 9, 0),
(270, 12, 0),
(270, 31, 0),
(270, 32, 0),
(270, 34, 0),
(270, 36, 0),
(270, 37, 0),
(270, 38, 0),
(270, 39, 0),
(271, 1, 150),
(271, 2, 0),
(271, 3, 0),
(271, 4, 0),
(271, 5, 0),
(271, 6, 0),
(271, 7, 0),
(271, 8, 0),
(271, 9, 0),
(271, 12, 0),
(271, 31, 0),
(271, 32, 0),
(271, 34, 0),
(271, 36, 0),
(271, 37, 0),
(271, 38, 0),
(271, 39, 0),
(272, 1, 6),
(272, 2, 0),
(272, 3, 0),
(272, 4, 0),
(272, 5, 0),
(272, 6, 0),
(272, 7, 0),
(272, 8, 0),
(272, 9, 0),
(272, 12, 0),
(272, 31, 0),
(272, 32, 0),
(272, 34, 0),
(272, 36, 0),
(272, 37, 0),
(272, 38, 0),
(272, 39, 0),
(273, 1, 70),
(273, 2, 0),
(273, 3, 0),
(273, 4, 0),
(273, 5, 0),
(273, 6, 0),
(273, 7, 0),
(273, 8, 0),
(273, 9, 0),
(273, 12, 0),
(273, 31, 0),
(273, 32, 0),
(273, 34, 0),
(273, 36, 0),
(273, 37, 0),
(273, 38, 0),
(273, 39, 0),
(274, 1, 1),
(274, 2, 0),
(274, 3, 0),
(274, 4, 0),
(274, 5, 0),
(274, 6, 0),
(274, 7, 0),
(274, 8, 0),
(274, 9, 0),
(274, 12, 0),
(274, 31, 0),
(274, 32, 0),
(274, 34, 0),
(274, 36, 0),
(274, 37, 0),
(274, 38, 0),
(274, 39, 0),
(275, 1, 1),
(275, 2, 0),
(275, 3, 0),
(275, 4, 0),
(275, 5, 0),
(275, 6, 0),
(275, 7, 0),
(275, 8, 0),
(275, 9, 0),
(275, 12, 0),
(275, 31, 0),
(275, 32, 0),
(275, 34, 0),
(275, 36, 0),
(275, 37, 0),
(275, 38, 0),
(275, 39, 0),
(276, 1, 7),
(276, 2, 0),
(276, 3, 0),
(276, 4, 0),
(276, 5, 0),
(276, 6, 0),
(276, 7, 0),
(276, 8, 0),
(276, 9, 0),
(276, 12, 0),
(276, 31, 0),
(276, 32, 0),
(276, 34, 0),
(276, 36, 0),
(276, 37, 0),
(276, 38, 0),
(276, 39, 0),
(277, 1, 12),
(277, 2, 0),
(277, 3, 0),
(277, 4, 0),
(277, 5, 0),
(277, 6, 0),
(277, 7, 0),
(277, 8, 0),
(277, 9, 0),
(277, 12, 0),
(277, 31, 0),
(277, 32, 0),
(277, 34, 0),
(277, 36, 0),
(277, 37, 0),
(277, 38, 0),
(277, 39, 0),
(278, 1, 8),
(278, 2, 0),
(278, 3, 0),
(278, 4, 0),
(278, 5, 0),
(278, 6, 0),
(278, 7, 0),
(278, 8, 0),
(278, 9, 0),
(278, 12, 0),
(278, 31, 0),
(278, 32, 0),
(278, 34, 0),
(278, 36, 0),
(278, 37, 0),
(278, 38, 0),
(278, 39, 0),
(279, 1, 6),
(279, 2, 0),
(279, 3, 0),
(279, 4, 0),
(279, 5, 0),
(279, 6, 0),
(279, 7, 0),
(279, 8, 0),
(279, 9, 0),
(279, 12, 0),
(279, 31, 0),
(279, 32, 0),
(279, 34, 0),
(279, 36, 0),
(279, 37, 0),
(279, 38, 0),
(279, 39, 0),
(280, 1, 8),
(280, 2, 0),
(280, 3, 0),
(280, 4, 0),
(280, 5, 0),
(280, 6, 0),
(280, 7, 0),
(280, 8, 0),
(280, 9, 0),
(280, 12, 0),
(280, 31, 0),
(280, 32, 0),
(280, 34, 0),
(280, 36, 0),
(280, 37, 0),
(280, 38, 0),
(280, 39, 0),
(281, 1, 8),
(281, 2, 0),
(281, 3, 0),
(281, 4, 0),
(281, 5, 0),
(281, 6, 0),
(281, 7, 0),
(281, 8, 0),
(281, 9, 0),
(281, 12, 0),
(281, 31, 0),
(281, 32, 0),
(281, 34, 0),
(281, 36, 0),
(281, 37, 0),
(281, 38, 0),
(281, 39, 0),
(282, 1, 6),
(282, 2, 0),
(282, 3, 0),
(282, 4, 0),
(282, 5, 0),
(282, 6, 0),
(282, 7, 0),
(282, 8, 0),
(282, 9, 0),
(282, 12, 0),
(282, 31, 0),
(282, 32, 0),
(282, 34, 0),
(282, 36, 0),
(282, 37, 0),
(282, 38, 0),
(282, 39, 0),
(283, 1, 6),
(283, 2, 0),
(283, 3, 0),
(283, 4, 0),
(283, 5, 0),
(283, 6, 0),
(283, 7, 0),
(283, 8, 0),
(283, 9, 0),
(283, 12, 0),
(283, 31, 0),
(283, 32, 0),
(283, 34, 0),
(283, 36, 0),
(283, 37, 0),
(283, 38, 0),
(283, 39, 0),
(284, 1, 4),
(284, 2, 0),
(284, 3, 1),
(284, 4, 0),
(284, 5, 0),
(284, 6, 0),
(284, 7, 0),
(284, 8, 0),
(284, 9, 0),
(284, 12, 0),
(284, 31, 0),
(284, 32, 0),
(284, 34, 0),
(284, 36, 0),
(284, 37, 0),
(284, 38, 0),
(284, 39, 0),
(285, 1, 2),
(285, 2, 1),
(285, 3, 0),
(285, 4, 0),
(285, 5, 0),
(285, 6, 0),
(285, 7, 0),
(285, 8, 0),
(285, 9, 0),
(285, 12, 0),
(285, 31, 0),
(285, 32, 0),
(285, 34, 0),
(285, 36, 0),
(285, 37, 0),
(285, 38, 0),
(285, 39, 0),
(286, 1, 2),
(286, 2, 0),
(286, 3, 0),
(286, 4, 0),
(286, 5, 0),
(286, 6, 0),
(286, 7, 0),
(286, 8, 0),
(286, 9, 0),
(286, 12, 0),
(286, 31, 0),
(286, 32, 0),
(286, 34, 0),
(286, 36, 0),
(286, 37, 0),
(286, 38, 0),
(286, 39, 0),
(287, 1, 4),
(287, 2, 0),
(287, 3, 0),
(287, 4, 0),
(287, 5, 0),
(287, 6, 0),
(287, 7, 0),
(287, 8, 0),
(287, 9, 0),
(287, 12, 0),
(287, 31, 0),
(287, 32, 0),
(287, 34, 0),
(287, 36, 0),
(287, 37, 0),
(287, 38, 0),
(287, 39, 0),
(288, 1, 5),
(288, 2, 0),
(288, 3, 0),
(288, 4, 0),
(288, 5, 0),
(288, 6, 0),
(288, 7, 0),
(288, 8, 0),
(288, 9, 0),
(288, 12, 0),
(288, 31, 0),
(288, 32, 0),
(288, 34, 0),
(288, 36, 0),
(288, 37, 0),
(288, 38, 0),
(288, 39, 0),
(289, 1, 12),
(289, 2, 0),
(289, 3, 0),
(289, 4, 0),
(289, 5, 0),
(289, 6, 0),
(289, 7, 0),
(289, 8, 0),
(289, 9, 0),
(289, 12, 0),
(289, 31, 0),
(289, 32, 0),
(289, 34, 0),
(289, 36, 0),
(289, 37, 0),
(289, 38, 0),
(289, 39, 0),
(290, 1, 2),
(290, 2, 0),
(290, 3, 0),
(290, 4, 0),
(290, 5, 0),
(290, 6, 0),
(290, 7, 0),
(290, 8, 0),
(290, 9, 0),
(290, 12, 0),
(290, 31, 0),
(290, 32, 0),
(290, 34, 0),
(290, 36, 0),
(290, 37, 0),
(290, 38, 0),
(290, 39, 0),
(291, 1, 5),
(291, 2, 2),
(291, 3, 3),
(291, 4, 0),
(291, 5, 0),
(291, 6, 0),
(291, 7, 0),
(291, 8, 0),
(291, 9, 0),
(291, 12, 0),
(291, 31, 0),
(291, 32, 0),
(291, 34, 0),
(291, 36, 0),
(291, 37, 0),
(291, 38, 0),
(291, 39, 0),
(292, 1, 4),
(292, 2, 0),
(292, 3, 0),
(292, 4, 0),
(292, 5, 0),
(292, 6, 0),
(292, 7, 0),
(292, 8, 0),
(292, 9, 0),
(292, 12, 0),
(292, 31, 0),
(292, 32, 0),
(292, 34, 0),
(292, 36, 0),
(292, 37, 0),
(292, 38, 0),
(292, 39, 0),
(293, 1, 3),
(293, 2, 0),
(293, 3, 1),
(293, 4, 0),
(293, 5, 0),
(293, 6, 0),
(293, 7, 0),
(293, 8, 0),
(293, 9, 0),
(293, 12, 0),
(293, 31, 0),
(293, 32, 0),
(293, 34, 0),
(293, 36, 0),
(293, 37, 0),
(293, 38, 0),
(293, 39, 0),
(294, 1, 6),
(294, 2, 0),
(294, 3, 0),
(294, 4, 0),
(294, 5, 0),
(294, 6, 0),
(294, 7, 0),
(294, 8, 0),
(294, 9, 0),
(294, 12, 0),
(294, 31, 0),
(294, 32, 0),
(294, 34, 0),
(294, 36, 0),
(294, 37, 0),
(294, 38, 0),
(294, 39, 0),
(295, 1, 4),
(295, 2, 0),
(295, 3, 2),
(295, 4, 0),
(295, 5, 0),
(295, 6, 0),
(295, 7, 0),
(295, 8, 0),
(295, 9, 0),
(295, 12, 0),
(295, 31, 0),
(295, 32, 0),
(295, 34, 0),
(295, 36, 0),
(295, 37, 0),
(295, 38, 0),
(295, 39, 0),
(296, 1, 7),
(296, 2, 0),
(296, 3, 0),
(296, 4, 0),
(296, 5, 0),
(296, 6, 0),
(296, 7, 0),
(296, 8, 0),
(296, 9, 0),
(296, 12, 0),
(296, 31, 0),
(296, 32, 0),
(296, 34, 0),
(296, 36, 0),
(296, 37, 0),
(296, 38, 0),
(296, 39, 0),
(297, 1, 0),
(297, 2, 0),
(297, 3, 0),
(297, 4, 0),
(297, 5, 0),
(297, 6, 0),
(297, 7, 0),
(297, 8, 0),
(297, 9, 0),
(297, 12, 0);
INSERT INTO `stock_almacen` (`id_producto`, `id_almacen`, `stock`) VALUES
(297, 31, 0),
(297, 32, 0),
(297, 34, 0),
(297, 36, 0),
(297, 37, 0),
(297, 38, 0),
(297, 39, 0),
(298, 1, 0),
(298, 2, 0),
(298, 3, 0),
(298, 4, 0),
(298, 5, 0),
(298, 6, 0),
(298, 7, 0),
(298, 8, 0),
(298, 9, 0),
(298, 12, 0),
(298, 31, 0),
(298, 32, 0),
(298, 34, 0),
(298, 36, 0),
(298, 37, 0),
(298, 38, 0),
(298, 39, 0),
(299, 1, 0),
(299, 2, 0),
(299, 3, 0),
(299, 4, 0),
(299, 5, 0),
(299, 6, 0),
(299, 7, 0),
(299, 8, 0),
(299, 9, 0),
(299, 12, 0),
(299, 31, 0),
(299, 32, 0),
(299, 34, 0),
(299, 36, 0),
(299, 37, 0),
(299, 38, 0),
(299, 39, 0),
(300, 1, 10),
(300, 2, 0),
(300, 3, 0),
(300, 4, 0),
(300, 5, 0),
(300, 6, 0),
(300, 7, 0),
(300, 8, 0),
(300, 9, 0),
(300, 12, 0),
(300, 31, 0),
(300, 32, 0),
(300, 34, 0),
(300, 36, 0),
(300, 37, 0),
(300, 38, 0),
(300, 39, 0),
(301, 1, 0),
(301, 2, 0),
(301, 3, 0),
(301, 4, 0),
(301, 5, 0),
(301, 6, 0),
(301, 7, 0),
(301, 8, 0),
(301, 9, 0),
(301, 12, 0),
(301, 31, 0),
(301, 32, 0),
(301, 34, 0),
(301, 36, 0),
(301, 37, 0),
(301, 38, 0),
(301, 39, 0),
(302, 1, 6),
(302, 2, 0),
(302, 3, 0),
(302, 4, 0),
(302, 5, 0),
(302, 6, 0),
(302, 7, 0),
(302, 8, 0),
(302, 9, 0),
(302, 12, 0),
(302, 31, 0),
(302, 32, 0),
(302, 34, 0),
(302, 36, 0),
(302, 37, 0),
(302, 38, 0),
(302, 39, 0),
(303, 1, 5),
(303, 2, 0),
(303, 3, 0),
(303, 4, 0),
(303, 5, 0),
(303, 6, 0),
(303, 7, 0),
(303, 8, 0),
(303, 9, 0),
(303, 12, 0),
(303, 31, 0),
(303, 32, 0),
(303, 34, 0),
(303, 36, 0),
(303, 37, 0),
(303, 38, 0),
(303, 39, 0),
(304, 1, 0),
(304, 2, 2),
(304, 3, 0),
(304, 4, 0),
(304, 5, 0),
(304, 6, 0),
(304, 7, 0),
(304, 8, 0),
(304, 9, 0),
(304, 12, 0),
(304, 31, 0),
(304, 32, 0),
(304, 34, 0),
(304, 36, 0),
(304, 37, 0),
(304, 38, 0),
(304, 39, 0),
(305, 1, 2),
(305, 2, 0),
(305, 3, 0),
(305, 4, 0),
(305, 5, 0),
(305, 6, 0),
(305, 7, 0),
(305, 8, 0),
(305, 9, 0),
(305, 12, 0),
(305, 31, 0),
(305, 32, 0),
(305, 34, 0),
(305, 36, 0),
(305, 37, 0),
(305, 38, 0),
(305, 39, 0),
(306, 1, 100),
(306, 2, 0),
(306, 3, 0),
(306, 4, 0),
(306, 5, 0),
(306, 6, 0),
(306, 7, 0),
(306, 8, 79),
(306, 9, 0),
(306, 12, 0),
(306, 31, 0),
(306, 32, 0),
(306, 34, 0),
(306, 36, 0),
(306, 37, 105),
(306, 38, 0),
(306, 39, 0),
(307, 1, 25),
(307, 2, 0),
(307, 3, 0),
(307, 4, 0),
(307, 5, 0),
(307, 6, 0),
(307, 7, 0),
(307, 8, 16),
(307, 9, 0),
(307, 12, 0),
(307, 31, 0),
(307, 32, 0),
(307, 34, 0),
(307, 36, 0),
(307, 37, 25),
(307, 38, 0),
(307, 39, 0),
(308, 1, 41),
(308, 2, 0),
(308, 3, 0),
(308, 4, 0),
(308, 5, 0),
(308, 6, 0),
(308, 7, 0),
(308, 8, 23),
(308, 9, 0),
(308, 12, 0),
(308, 31, 0),
(308, 32, 0),
(308, 34, 0),
(308, 36, 0),
(308, 37, 25),
(308, 38, 0),
(308, 39, 0),
(309, 1, 41),
(309, 2, 0),
(309, 3, 0),
(309, 4, 0),
(309, 5, 0),
(309, 6, 0),
(309, 7, 0),
(309, 8, 24),
(309, 9, 0),
(309, 12, 0),
(309, 31, 0),
(309, 32, 0),
(309, 34, 0),
(309, 36, 0),
(309, 37, 25),
(309, 38, 0),
(309, 39, 0),
(310, 1, 75),
(310, 2, 0),
(310, 3, 0),
(310, 4, 0),
(310, 5, 0),
(310, 6, 0),
(310, 7, 0),
(310, 8, 41),
(310, 9, 0),
(310, 12, 0),
(310, 31, 0),
(310, 32, 0),
(310, 34, 0),
(310, 36, 0),
(310, 37, 50),
(310, 38, 0),
(310, 39, 0),
(311, 1, 25),
(311, 2, 0),
(311, 3, 0),
(311, 4, 0),
(311, 5, 0),
(311, 6, 0),
(311, 7, 0),
(311, 8, 20),
(311, 9, 0),
(311, 12, 0),
(311, 31, 0),
(311, 32, 0),
(311, 34, 0),
(311, 36, 0),
(311, 37, 25),
(311, 38, 0),
(311, 39, 0),
(312, 1, 100),
(312, 2, 0),
(312, 3, 0),
(312, 4, 0),
(312, 5, 0),
(312, 6, 0),
(312, 7, 0),
(312, 8, 0),
(312, 9, 0),
(312, 12, 0),
(312, 31, 0),
(312, 32, 0),
(312, 34, 0),
(312, 36, 0),
(312, 37, 0),
(312, 38, 0),
(312, 39, 0),
(313, 1, 20),
(313, 2, 0),
(313, 3, 0),
(313, 4, 0),
(313, 5, 0),
(313, 6, 0),
(313, 7, 0),
(313, 8, 0),
(313, 9, 0),
(313, 12, 0),
(313, 31, 0),
(313, 32, 0),
(313, 34, 0),
(313, 36, 0),
(313, 37, 0),
(313, 38, 0),
(313, 39, 0),
(314, 1, 20),
(314, 2, 0),
(314, 3, 0),
(314, 4, 0),
(314, 5, 0),
(314, 6, 0),
(314, 7, 0),
(314, 8, 0),
(314, 9, 0),
(314, 12, 0),
(314, 31, 0),
(314, 32, 0),
(314, 34, 0),
(314, 36, 0),
(314, 37, 0),
(314, 38, 0),
(314, 39, 0),
(315, 1, 0),
(315, 2, 2),
(315, 3, 0),
(315, 4, 0),
(315, 5, 0),
(315, 6, 0),
(315, 7, 0),
(315, 8, 0),
(315, 9, 0),
(315, 12, 0),
(315, 31, 0),
(315, 32, 0),
(315, 34, 0),
(315, 36, 0),
(315, 37, 0),
(315, 38, 0),
(315, 39, 0),
(316, 1, 2),
(316, 2, 3),
(316, 3, 0),
(316, 4, 0),
(316, 5, 0),
(316, 6, 0),
(316, 7, 0),
(316, 8, 0),
(316, 9, 0),
(316, 12, 0),
(316, 31, 0),
(316, 32, 0),
(316, 34, 0),
(316, 36, 0),
(316, 37, 0),
(316, 38, 0),
(316, 39, 0),
(317, 1, 10),
(317, 2, 0),
(317, 3, 0),
(317, 4, 0),
(317, 5, 0),
(317, 6, 0),
(317, 7, 0),
(317, 8, 0),
(317, 9, 0),
(317, 12, 0),
(317, 31, 0),
(317, 32, 0),
(317, 34, 0),
(317, 36, 0),
(317, 37, 0),
(317, 38, 0),
(317, 39, 0),
(318, 1, 0),
(318, 2, 2),
(318, 3, 0),
(318, 4, 0),
(318, 5, 0),
(318, 6, 0),
(318, 7, 0),
(318, 8, 0),
(318, 9, 0),
(318, 12, 0),
(318, 31, 0),
(318, 32, 0),
(318, 34, 0),
(318, 36, 0),
(318, 37, 0),
(318, 38, 0),
(318, 39, 0),
(319, 1, 27),
(319, 2, 0),
(319, 3, 19),
(319, 4, 0),
(319, 5, 0),
(319, 6, 0),
(319, 7, 0),
(319, 8, 0),
(319, 9, 0),
(319, 12, 0),
(319, 31, 0),
(319, 32, 0),
(319, 34, 0),
(319, 36, 0),
(319, 37, 0),
(319, 38, 0),
(319, 39, 0),
(320, 1, 5),
(320, 2, 0),
(320, 3, 0),
(320, 4, 0),
(320, 5, 0),
(320, 6, 0),
(320, 7, 0),
(320, 8, 0),
(320, 9, 0),
(320, 12, 0),
(320, 31, 0),
(320, 32, 0),
(320, 34, 0),
(320, 36, 0),
(320, 37, 0),
(320, 38, 0),
(320, 39, 0),
(321, 1, 25),
(321, 2, 0),
(321, 3, 0),
(321, 4, 0),
(321, 5, 0),
(321, 6, 0),
(321, 7, 0),
(321, 8, 20),
(321, 9, 0),
(321, 12, 0),
(321, 31, 0),
(321, 32, 0),
(321, 34, 0),
(321, 36, 0),
(321, 37, 25),
(321, 38, 0),
(321, 39, 0),
(322, 1, 25),
(322, 2, 0),
(322, 3, 0),
(322, 4, 0),
(322, 5, 0),
(322, 6, 0),
(322, 7, 0),
(322, 8, 21),
(322, 9, 0),
(322, 12, 0),
(322, 31, 0),
(322, 32, 0),
(322, 34, 0),
(322, 36, 0),
(322, 37, 25),
(322, 38, 0),
(322, 39, 0),
(323, 1, 13),
(323, 2, 2),
(323, 3, 0),
(323, 4, 0),
(323, 5, 0),
(323, 6, 0),
(323, 7, 0),
(323, 8, 0),
(323, 9, 0),
(323, 12, 0),
(323, 31, 0),
(323, 32, 0),
(323, 34, 0),
(323, 36, 0),
(323, 37, 0),
(323, 38, 0),
(323, 39, 0),
(324, 1, 1),
(324, 2, 1),
(324, 3, 0),
(324, 4, 0),
(324, 5, 0),
(324, 6, 0),
(324, 7, 0),
(324, 8, 0),
(324, 9, 0),
(324, 12, 0),
(324, 31, 0),
(324, 32, 0),
(324, 34, 0),
(324, 36, 0),
(324, 37, 0),
(324, 38, 0),
(324, 39, 0),
(325, 1, 0),
(325, 2, 0),
(325, 3, 1),
(325, 4, 0),
(325, 5, 0),
(325, 6, 0),
(325, 7, 0),
(325, 8, 0),
(325, 9, 0),
(325, 12, 0),
(325, 31, 0),
(325, 32, 0),
(325, 34, 0),
(325, 36, 0),
(325, 37, 0),
(325, 38, 0),
(325, 39, 0),
(326, 1, 3),
(326, 2, 2),
(326, 3, 0),
(326, 4, 0),
(326, 5, 0),
(326, 6, 0),
(326, 7, 0),
(326, 8, 0),
(326, 9, 0),
(326, 12, 0),
(326, 31, 0),
(326, 32, 0),
(326, 34, 0),
(326, 36, 0),
(326, 37, 0),
(326, 38, 0),
(326, 39, 0),
(327, 1, 9),
(327, 2, 2),
(327, 3, 0),
(327, 4, 0),
(327, 5, 0),
(327, 6, 0),
(327, 7, 0),
(327, 8, 0),
(327, 9, 0),
(327, 12, 0),
(327, 31, 0),
(327, 32, 0),
(327, 34, 0),
(327, 36, 0),
(327, 37, 0),
(327, 38, 0),
(327, 39, 0),
(328, 1, 1),
(328, 2, 0),
(328, 3, 1),
(328, 4, 0),
(328, 5, 0),
(328, 6, 0),
(328, 7, 0),
(328, 8, 0),
(328, 9, 0),
(328, 12, 0),
(328, 31, 0),
(328, 32, 0),
(328, 34, 0),
(328, 36, 0),
(328, 37, 0),
(328, 38, 0),
(328, 39, 0),
(329, 1, 2),
(329, 2, 6),
(329, 3, 0),
(329, 4, 0),
(329, 5, 0),
(329, 6, 0),
(329, 7, 0),
(329, 8, 0),
(329, 9, 0),
(329, 12, 0),
(329, 31, 0),
(329, 32, 0),
(329, 34, 0),
(329, 36, 0),
(329, 37, 0),
(329, 38, 0),
(329, 39, 0),
(330, 1, 6),
(330, 2, 2),
(330, 3, 0),
(330, 4, 0),
(330, 5, 0),
(330, 6, 0),
(330, 7, 0),
(330, 8, 0),
(330, 9, 0),
(330, 12, 0),
(330, 31, 0),
(330, 32, 0),
(330, 34, 0),
(330, 36, 0),
(330, 37, 0),
(330, 38, 0),
(330, 39, 0),
(331, 1, 0),
(331, 2, 0),
(331, 3, 1),
(331, 4, 0),
(331, 5, 0),
(331, 6, 0),
(331, 7, 0),
(331, 8, 0),
(331, 9, 0),
(331, 12, 0),
(331, 31, 0),
(331, 32, 0),
(331, 34, 0),
(331, 36, 0),
(331, 37, 0),
(331, 38, 0),
(331, 39, 0),
(332, 1, 1),
(332, 2, 0),
(332, 3, 0),
(332, 4, 0),
(332, 5, 0),
(332, 6, 0),
(332, 7, 0),
(332, 8, 0),
(332, 9, 0),
(332, 12, 0),
(332, 31, 0),
(332, 32, 0),
(332, 34, 0),
(332, 36, 0),
(332, 37, 0),
(332, 38, 0),
(332, 39, 0),
(333, 1, 0),
(333, 2, 0),
(333, 3, 0),
(333, 4, 0),
(333, 5, 0),
(333, 6, 0),
(333, 7, 0),
(333, 8, 0),
(333, 9, 0),
(333, 12, 0),
(334, 1, 0),
(334, 2, 0),
(334, 3, 0),
(334, 4, 0),
(334, 5, 0),
(334, 6, 0),
(334, 7, 0),
(334, 8, 0),
(334, 9, 0),
(334, 12, 0),
(335, 1, 0),
(335, 2, 0),
(335, 3, 0),
(335, 4, 0),
(335, 5, 0),
(335, 6, 0),
(335, 7, 0),
(335, 8, 0),
(335, 9, 0),
(335, 12, 0),
(336, 1, 0),
(336, 2, 0),
(336, 3, 0),
(336, 4, 0),
(336, 5, 0),
(336, 6, 0),
(336, 7, 0),
(336, 8, 0),
(336, 9, 0),
(336, 12, 0),
(337, 1, 0),
(337, 2, 0),
(337, 3, 0),
(337, 4, 0),
(337, 5, 0),
(337, 6, 0),
(337, 7, 0),
(337, 8, 0),
(337, 9, 0),
(337, 12, 0),
(338, 1, 2),
(338, 2, 0),
(338, 3, 0),
(338, 4, 0),
(338, 5, 0),
(338, 6, 0),
(338, 7, 0),
(338, 8, 0),
(338, 9, 0),
(338, 12, 0),
(338, 31, 0),
(338, 32, 0),
(338, 34, 0),
(338, 36, 0),
(338, 37, 0),
(338, 38, 0),
(338, 39, 0),
(339, 1, 4),
(339, 2, 0),
(339, 3, 0),
(339, 4, 0),
(339, 5, 0),
(339, 6, 0),
(339, 7, 0),
(339, 8, 0),
(339, 9, 0),
(339, 12, 0),
(339, 31, 0),
(339, 32, 0),
(339, 34, 0),
(339, 36, 0),
(339, 37, 0),
(339, 38, 0),
(339, 39, 0),
(340, 1, 92),
(340, 2, 0),
(340, 3, 0),
(340, 4, 0),
(340, 5, 0),
(340, 6, 0),
(340, 7, 0),
(340, 8, 0),
(340, 9, 0),
(340, 12, 0),
(341, 1, 0),
(341, 2, 10),
(341, 3, 0),
(341, 4, 0),
(341, 5, 0),
(341, 6, 0),
(341, 7, 0),
(341, 8, 0),
(341, 9, 0),
(341, 12, 0),
(341, 31, 0),
(341, 32, 0),
(341, 34, 0),
(341, 36, 0),
(341, 37, 0),
(341, 38, 0),
(341, 39, 0),
(342, 1, 0),
(342, 2, 1),
(342, 3, 0),
(342, 4, 0),
(342, 5, 0),
(342, 6, 0),
(342, 7, 0),
(342, 8, 0),
(342, 9, 0),
(342, 12, 0),
(342, 31, 0),
(342, 32, 0),
(342, 34, 0),
(342, 36, 0),
(342, 37, 0),
(342, 38, 0),
(342, 39, 0),
(343, 1, 4),
(343, 2, 1),
(343, 3, 0),
(343, 4, 0),
(343, 5, 0),
(343, 6, 0),
(343, 7, 0),
(343, 8, 0),
(343, 9, 0),
(343, 12, 0),
(343, 31, 0),
(343, 32, 0),
(343, 34, 0),
(343, 36, 0),
(343, 37, 0),
(343, 38, 0),
(343, 39, 0),
(344, 1, 2),
(344, 2, 3),
(344, 3, 0),
(344, 4, 0),
(344, 5, 0),
(344, 6, 0),
(344, 7, 0),
(344, 8, 0),
(344, 9, 0),
(344, 12, 0),
(344, 31, 0),
(344, 32, 0),
(344, 34, 0),
(344, 36, 0),
(344, 37, 0),
(344, 38, 0),
(344, 39, 0),
(345, 1, 5),
(345, 2, 0),
(345, 3, 0),
(345, 4, 0),
(345, 5, 0),
(345, 6, 0),
(345, 7, 0),
(345, 8, 0),
(345, 9, 0),
(345, 12, 0),
(345, 31, 0),
(345, 32, 0),
(345, 34, 0),
(345, 36, 0),
(345, 37, 0),
(345, 38, 0),
(345, 39, 0),
(346, 1, 4),
(346, 2, 1),
(346, 3, 0),
(346, 4, 0),
(346, 5, 0),
(346, 6, 0),
(346, 7, 0),
(346, 8, 0),
(346, 9, 0),
(346, 12, 0),
(346, 31, 0),
(346, 32, 0),
(346, 34, 0),
(346, 36, 0),
(346, 37, 0),
(346, 38, 0),
(346, 39, 0),
(347, 1, 0),
(347, 2, 2),
(347, 3, 2),
(347, 4, 0),
(347, 5, 0),
(347, 6, 0),
(347, 7, 0),
(347, 8, 0),
(347, 9, 0),
(347, 12, 0),
(347, 31, 0),
(347, 32, 0),
(347, 34, 0),
(347, 36, 0),
(347, 37, 0),
(347, 38, 0),
(347, 39, 0),
(348, 1, 0),
(348, 2, 0),
(348, 3, 0),
(348, 4, 0),
(348, 5, 0),
(348, 6, 0),
(348, 7, 0),
(348, 8, 0),
(348, 9, 0),
(348, 12, 0),
(349, 1, 0),
(349, 2, 0),
(349, 3, 0),
(349, 4, 0),
(349, 5, 0),
(349, 6, 0),
(349, 7, 0),
(349, 8, 0),
(349, 9, 0),
(349, 12, 0),
(350, 1, 110),
(350, 2, 1),
(350, 3, 0),
(350, 4, 0),
(350, 5, 0),
(350, 6, 0),
(350, 7, 0),
(350, 8, 56),
(350, 9, 0),
(350, 12, 0),
(350, 31, 0),
(350, 32, 0),
(350, 34, 0),
(350, 36, 0),
(350, 37, 50),
(350, 38, 0),
(350, 39, 0),
(351, 1, 0),
(351, 2, 0),
(351, 3, 19),
(351, 4, 0),
(351, 5, 0),
(351, 6, 0),
(351, 7, 0),
(351, 8, 0),
(351, 9, 0),
(351, 12, 0),
(351, 31, 0),
(351, 32, 0),
(351, 34, 0),
(351, 36, 0),
(351, 37, 0),
(351, 38, 0),
(351, 39, 0),
(352, 1, 116),
(352, 2, 2),
(352, 3, 0),
(352, 4, 0),
(352, 5, 0),
(352, 6, 0),
(352, 7, 0),
(352, 8, 45),
(352, 9, 0),
(352, 12, 0),
(352, 31, 0),
(352, 32, 0),
(352, 34, 0),
(352, 36, 0),
(352, 37, 59),
(352, 38, 0),
(352, 39, 0),
(353, 1, 347),
(353, 2, 1),
(353, 3, 50),
(353, 4, 0),
(353, 5, 0),
(353, 6, 0),
(353, 7, 0),
(353, 8, 51),
(353, 9, 0),
(353, 12, 0),
(353, 31, 0),
(353, 32, 0),
(353, 34, 0),
(353, 36, 0),
(353, 37, 50),
(353, 38, 0),
(353, 39, 0),
(354, 1, 64),
(354, 2, 0),
(354, 3, 17),
(354, 4, 0),
(354, 5, 0),
(354, 6, 0),
(354, 7, 0),
(354, 8, 0),
(354, 9, 0),
(354, 12, 0),
(354, 31, 0),
(354, 32, 0),
(354, 34, 0),
(354, 36, 0),
(354, 37, 50),
(354, 38, 0),
(354, 39, 0),
(355, 1, 65),
(355, 2, 0),
(355, 3, 0),
(355, 4, 0),
(355, 5, 0),
(355, 6, 0),
(355, 7, 0),
(355, 8, 20),
(355, 9, 0),
(355, 12, 0),
(355, 31, 0),
(355, 32, 0),
(355, 34, 0),
(355, 36, 0),
(355, 37, 25),
(355, 38, 0),
(355, 39, 0),
(356, 1, 40),
(356, 2, 0),
(356, 3, 0),
(356, 4, 0),
(356, 5, 0),
(356, 6, 0),
(356, 7, 0),
(356, 8, 25),
(356, 9, 0),
(356, 12, 0),
(356, 31, 0),
(356, 32, 0),
(356, 34, 0),
(356, 36, 0),
(356, 37, 25),
(356, 38, 0),
(356, 39, 0),
(357, 1, 0),
(357, 2, 0),
(357, 3, 0),
(357, 4, 0),
(357, 5, 0),
(357, 6, 0),
(357, 7, 0),
(357, 8, 0),
(357, 9, 0),
(357, 12, 0),
(358, 1, 358),
(358, 2, 1),
(358, 3, 0),
(358, 4, 0),
(358, 5, 0),
(358, 6, 0),
(358, 7, 0),
(358, 8, 115),
(358, 9, 0),
(358, 12, 0),
(358, 31, 0),
(358, 32, 0),
(358, 34, 0),
(358, 36, 0),
(358, 37, 126),
(358, 38, 0),
(358, 39, 0),
(359, 1, 138),
(359, 2, 3),
(359, 3, 0),
(359, 4, 0),
(359, 5, 0),
(359, 6, 0),
(359, 7, 0),
(359, 8, 53),
(359, 9, 0),
(359, 12, 0),
(359, 31, 0),
(359, 32, 0),
(359, 34, 0),
(359, 36, 0),
(359, 37, 55),
(359, 38, 0),
(359, 39, 0),
(360, 1, 25),
(360, 2, 0),
(360, 3, 0),
(360, 4, 0),
(360, 5, 0),
(360, 6, 0),
(360, 7, 0),
(360, 8, 0),
(360, 9, 0),
(360, 12, 0),
(360, 31, 0),
(360, 32, 0),
(360, 34, 0),
(360, 36, 0),
(360, 37, 25),
(360, 38, 0),
(360, 39, 0),
(361, 1, 108),
(361, 2, 0),
(361, 3, 0),
(361, 4, 0),
(361, 5, 0),
(361, 6, 0),
(361, 7, 0),
(361, 8, 31),
(361, 9, 0),
(361, 12, 0),
(361, 31, 0),
(361, 32, 0),
(361, 34, 0),
(361, 36, 0),
(361, 37, 50),
(361, 38, 0),
(361, 39, 0),
(362, 1, 92),
(362, 2, 0),
(362, 3, 0),
(362, 4, 0),
(362, 5, 0),
(362, 6, 0),
(362, 7, 0),
(362, 8, 30),
(362, 9, 0),
(362, 12, 0),
(362, 31, 0),
(362, 32, 0),
(362, 34, 0),
(362, 36, 0),
(362, 37, 50),
(362, 38, 0),
(362, 39, 0),
(363, 1, 50),
(363, 2, 0),
(363, 3, 0),
(363, 4, 0),
(363, 5, 0),
(363, 6, 0),
(363, 7, 0),
(363, 8, 40),
(363, 9, 0),
(363, 12, 0),
(363, 31, 0),
(363, 32, 0),
(363, 34, 0),
(363, 36, 0),
(363, 37, 50),
(363, 38, 0),
(363, 39, 0),
(364, 1, 13),
(364, 2, 0),
(364, 3, 0),
(364, 4, 0),
(364, 5, 0),
(364, 6, 0),
(364, 7, 0),
(364, 8, 58),
(364, 9, 0),
(364, 12, 0),
(364, 31, 0),
(364, 32, 0),
(364, 34, 0),
(364, 36, 0),
(364, 37, 75),
(364, 38, 0),
(364, 39, 0),
(365, 1, 0),
(365, 2, 0),
(365, 3, 0),
(365, 4, 0),
(365, 5, 0),
(365, 6, 0),
(365, 7, 0),
(365, 8, 0),
(365, 9, 0),
(365, 12, 0),
(366, 1, 0),
(366, 2, 2),
(366, 3, 0),
(366, 4, 0),
(366, 5, 0),
(366, 6, 0),
(366, 7, 0),
(366, 8, 0),
(366, 9, 0),
(366, 12, 0),
(366, 31, 0),
(366, 32, 0),
(366, 34, 0),
(366, 36, 0),
(366, 37, 0),
(366, 38, 0),
(366, 39, 0),
(367, 1, 2),
(367, 2, 12),
(367, 3, 1),
(367, 4, 0),
(367, 5, 0),
(367, 6, 0),
(367, 7, 0),
(367, 8, 0),
(367, 9, 0),
(367, 12, 0),
(367, 31, 0),
(367, 32, 0),
(367, 34, 0),
(367, 36, 0),
(367, 37, 0),
(367, 38, 0),
(367, 39, 0),
(368, 1, 2),
(368, 2, 4),
(368, 3, 1),
(368, 4, 0),
(368, 5, 0),
(368, 6, 0),
(368, 7, 0),
(368, 8, 0),
(368, 9, 0),
(368, 12, 0),
(368, 31, 0),
(368, 32, 0),
(368, 34, 0),
(368, 36, 0),
(368, 37, 0),
(368, 38, 0),
(368, 39, 0),
(369, 1, 3),
(369, 2, 8),
(369, 3, 1),
(369, 4, 0),
(369, 5, 0),
(369, 6, 0),
(369, 7, 0),
(369, 8, 0),
(369, 9, 0),
(369, 12, 0),
(369, 31, 0),
(369, 32, 0),
(369, 34, 0),
(369, 36, 0),
(369, 37, 0),
(369, 38, 0),
(369, 39, 0),
(370, 1, 4),
(370, 2, 0),
(370, 3, 0),
(370, 4, 0),
(370, 5, 0),
(370, 6, 0),
(370, 7, 0),
(370, 8, 0),
(370, 9, 0),
(370, 12, 0),
(370, 31, 0),
(370, 32, 0),
(370, 34, 0),
(370, 36, 0),
(370, 37, 0),
(370, 38, 0),
(370, 39, 0),
(371, 1, 0),
(371, 2, 2),
(371, 3, 0),
(371, 4, 0),
(371, 5, 0),
(371, 6, 0),
(371, 7, 0),
(371, 8, 0),
(371, 9, 0),
(371, 12, 0),
(371, 31, 0),
(371, 32, 0),
(371, 34, 0),
(371, 36, 0),
(371, 37, 0),
(371, 38, 0),
(371, 39, 0),
(372, 1, 3),
(372, 2, 3),
(372, 3, 0),
(372, 4, 0),
(372, 5, 0),
(372, 6, 0),
(372, 7, 0),
(372, 8, 0),
(372, 9, 0),
(372, 12, 0),
(372, 31, 0),
(372, 32, 0),
(372, 34, 0),
(372, 36, 0),
(372, 37, 0),
(372, 38, 0),
(372, 39, 0),
(373, 1, 5),
(373, 2, 2),
(373, 3, 0),
(373, 4, 0),
(373, 5, 0),
(373, 6, 0),
(373, 7, 0),
(373, 8, 0),
(373, 9, 0),
(373, 12, 0),
(373, 31, 0),
(373, 32, 0),
(373, 34, 0),
(373, 36, 0),
(373, 37, 0),
(373, 38, 0),
(373, 39, 0),
(374, 1, 2),
(374, 2, 2),
(374, 3, 0),
(374, 4, 0),
(374, 5, 0),
(374, 6, 0),
(374, 7, 0),
(374, 8, 0),
(374, 9, 0),
(374, 12, 0),
(374, 31, 0),
(374, 32, 0),
(374, 34, 0),
(374, 36, 0),
(374, 37, 0),
(374, 38, 0),
(374, 39, 0),
(375, 1, 2),
(375, 2, 4),
(375, 3, 1),
(375, 4, 0),
(375, 5, 0),
(375, 6, 0),
(375, 7, 0),
(375, 8, 0),
(375, 9, 0),
(375, 12, 0),
(375, 31, 0),
(375, 32, 0),
(375, 34, 0),
(375, 36, 0),
(375, 37, 0),
(375, 38, 0),
(375, 39, 0),
(376, 1, 25),
(376, 2, 0),
(376, 3, 0),
(376, 4, 0),
(376, 5, 0),
(376, 6, 0),
(376, 7, 0),
(376, 8, 20),
(376, 9, 0),
(376, 12, 0),
(376, 31, 0),
(376, 32, 0),
(376, 34, 0),
(376, 36, 0),
(376, 37, 25),
(376, 38, 0),
(376, 39, 0),
(377, 1, 41),
(377, 2, 0),
(377, 3, 0),
(377, 4, 0),
(377, 5, 0),
(377, 6, 0),
(377, 7, 0),
(377, 8, 20),
(377, 9, 0),
(377, 12, 0),
(377, 31, 0),
(377, 32, 0),
(377, 34, 0),
(377, 36, 0),
(377, 37, 25),
(377, 38, 0),
(377, 39, 0),
(378, 1, 40),
(378, 2, 0),
(378, 3, 0),
(378, 4, 0),
(378, 5, 0),
(378, 6, 0),
(378, 7, 0),
(378, 8, 0),
(378, 9, 0),
(378, 12, 0),
(378, 31, 0),
(378, 32, 0),
(378, 34, 0),
(378, 36, 0),
(378, 37, 25),
(378, 38, 0),
(378, 39, 0),
(379, 1, 14),
(379, 2, 0),
(379, 3, 26),
(379, 4, 0),
(379, 5, 0),
(379, 6, 0),
(379, 7, 0),
(379, 8, 24),
(379, 9, 0),
(379, 12, 0),
(379, 31, 0),
(379, 32, 0),
(379, 34, 0),
(379, 36, 0),
(379, 37, 25),
(379, 38, 0),
(379, 39, 0),
(380, 1, 0),
(380, 2, 3),
(380, 3, 0),
(380, 4, 0),
(380, 5, 0),
(380, 6, 0),
(380, 7, 0),
(380, 8, 0),
(380, 9, 0),
(380, 12, 0),
(380, 31, 0),
(380, 32, 0),
(380, 34, 0),
(380, 36, 0),
(380, 37, 0),
(380, 38, 0),
(380, 39, 0),
(381, 1, 0),
(381, 2, 1),
(381, 3, 0),
(381, 4, 0),
(381, 5, 0),
(381, 6, 0),
(381, 7, 0),
(381, 8, 0),
(381, 9, 0),
(381, 12, 0),
(381, 31, 0),
(381, 32, 0),
(381, 34, 0),
(381, 36, 0),
(381, 37, 0),
(381, 38, 0),
(381, 39, 0),
(382, 1, 0),
(382, 2, 4),
(382, 3, 0),
(382, 4, 0),
(382, 5, 0),
(382, 6, 0),
(382, 7, 0),
(382, 8, 0),
(382, 9, 0),
(382, 12, 0),
(382, 31, 0),
(382, 32, 0),
(382, 34, 0),
(382, 36, 0),
(382, 37, 0),
(382, 38, 0),
(382, 39, 0),
(383, 1, 0),
(383, 2, 1),
(383, 3, 0),
(383, 4, 0),
(383, 5, 0),
(383, 6, 0),
(383, 7, 0),
(383, 8, 0),
(383, 9, 0),
(383, 12, 0),
(383, 31, 0),
(383, 32, 0),
(383, 34, 0),
(383, 36, 0),
(383, 37, 0),
(383, 38, 0),
(383, 39, 0),
(384, 1, 0),
(384, 2, 2),
(384, 3, 0),
(384, 4, 0),
(384, 5, 0),
(384, 6, 0),
(384, 7, 0),
(384, 8, 0),
(384, 9, 0),
(384, 12, 0),
(384, 31, 0),
(384, 32, 0),
(384, 34, 0),
(384, 36, 0),
(384, 37, 0),
(384, 38, 0),
(384, 39, 0),
(385, 1, 0),
(385, 2, 1),
(385, 3, 0),
(385, 4, 0),
(385, 5, 0),
(385, 6, 0),
(385, 7, 0),
(385, 8, 0),
(385, 9, 0),
(385, 12, 0),
(385, 31, 0),
(385, 32, 0),
(385, 34, 0),
(385, 36, 0),
(385, 37, 0),
(385, 38, 0),
(385, 39, 0),
(386, 1, 0),
(386, 2, 1),
(386, 3, 0),
(386, 4, 0),
(386, 5, 0),
(386, 6, 0),
(386, 7, 0),
(386, 8, 0),
(386, 9, 0),
(386, 12, 0),
(386, 31, 0),
(386, 32, 0),
(386, 34, 0),
(386, 36, 0),
(386, 37, 0),
(386, 38, 0),
(386, 39, 0),
(387, 1, 0),
(387, 2, 1),
(387, 3, 0),
(387, 4, 0),
(387, 5, 0),
(387, 6, 0),
(387, 7, 0),
(387, 8, 0),
(387, 9, 0),
(387, 12, 0),
(387, 31, 0),
(387, 32, 0),
(387, 34, 0),
(387, 36, 0),
(387, 37, 0),
(387, 38, 0),
(387, 39, 0),
(388, 1, 0),
(388, 2, 10),
(388, 3, 0),
(388, 4, 0),
(388, 5, 0),
(388, 6, 0),
(388, 7, 0),
(388, 8, 0),
(388, 9, 10),
(388, 12, 0),
(388, 31, 0),
(388, 32, 0),
(388, 34, 0),
(388, 36, 0),
(388, 37, 0),
(388, 38, 0),
(388, 39, 0),
(389, 1, 0),
(389, 2, 10),
(389, 3, 0),
(389, 4, 0),
(389, 5, 0),
(389, 6, 0),
(389, 7, 0),
(389, 8, 0),
(389, 9, 0),
(389, 12, 0),
(389, 31, 0),
(389, 32, 0),
(389, 34, 0),
(389, 36, 0),
(389, 37, 0),
(389, 38, 0),
(389, 39, 0),
(390, 1, 0),
(390, 2, 6),
(390, 3, 0),
(390, 4, 0),
(390, 5, 0),
(390, 6, 0),
(390, 7, 0),
(390, 8, 0),
(390, 9, 0),
(390, 12, 0),
(390, 31, 0),
(390, 32, 0),
(390, 34, 0),
(390, 36, 0),
(390, 37, 0),
(390, 38, 0),
(390, 39, 0),
(391, 1, 0),
(391, 2, 6),
(391, 3, 0),
(391, 4, 0),
(391, 5, 0),
(391, 6, 0),
(391, 7, 0),
(391, 8, 0),
(391, 9, 0),
(391, 12, 0),
(391, 31, 0),
(391, 32, 0),
(391, 34, 0),
(391, 36, 0),
(391, 37, 0),
(391, 38, 0),
(391, 39, 0),
(392, 1, 0),
(392, 2, 6),
(392, 3, 0),
(392, 4, 0),
(392, 5, 0),
(392, 6, 0),
(392, 7, 0),
(392, 8, 0),
(392, 9, 0),
(392, 12, 0),
(392, 31, 0),
(392, 32, 0),
(392, 34, 0),
(392, 36, 0),
(392, 37, 0),
(392, 38, 0),
(392, 39, 0),
(393, 1, 0),
(393, 2, 6),
(393, 3, 0),
(393, 4, 0),
(393, 5, 0),
(393, 6, 0),
(393, 7, 0),
(393, 8, 0),
(393, 9, 0),
(393, 12, 0),
(393, 31, 0),
(393, 32, 0),
(393, 34, 0),
(393, 36, 0),
(393, 37, 0),
(393, 38, 0),
(393, 39, 0),
(394, 1, 992),
(394, 2, 0),
(394, 3, 8),
(394, 4, 0),
(394, 5, 0),
(394, 6, 0),
(394, 7, 0),
(394, 8, 0),
(394, 9, 0),
(394, 12, 0),
(395, 1, 2500),
(395, 2, 0),
(395, 3, 0),
(395, 4, 0),
(395, 5, 0),
(395, 6, 0),
(395, 7, 0),
(395, 8, 0),
(395, 9, 0),
(395, 12, 0),
(396, 1, 607),
(396, 2, 0),
(396, 3, 0),
(396, 4, 0),
(396, 5, 0),
(396, 6, 0),
(396, 7, 0),
(396, 8, 193),
(396, 9, 0),
(396, 12, 0),
(396, 31, 0),
(396, 32, 0),
(396, 34, 0),
(396, 36, 0),
(396, 37, 200),
(396, 38, 0),
(396, 39, 0),
(397, 1, 611),
(397, 2, 0),
(397, 3, 0),
(397, 4, 0),
(397, 5, 0),
(397, 6, 0),
(397, 7, 0),
(397, 8, 154),
(397, 9, 0),
(397, 12, 0),
(397, 31, 0),
(397, 32, 0),
(397, 34, 0),
(397, 36, 0),
(397, 37, 235),
(397, 38, 0),
(397, 39, 0),
(398, 1, 940),
(398, 2, 0),
(398, 3, 0),
(398, 4, 0),
(398, 5, 0),
(398, 6, 0),
(398, 7, 0),
(398, 8, 35),
(398, 9, 0),
(398, 12, 0),
(398, 31, 0),
(398, 32, 0),
(398, 34, 0),
(398, 36, 0),
(398, 37, 25),
(398, 38, 0),
(398, 39, 0),
(399, 1, 10),
(399, 2, 0),
(399, 3, 0),
(399, 4, 0),
(399, 5, 0),
(399, 6, 0),
(399, 7, 0),
(399, 8, 0),
(399, 9, 0),
(399, 12, 0),
(399, 31, 0),
(399, 32, 0),
(399, 34, 0),
(399, 36, 0),
(399, 37, 0),
(399, 38, 0),
(399, 39, 0),
(400, 1, 1),
(400, 2, 1),
(400, 3, 0),
(400, 4, 0),
(400, 5, 0),
(400, 6, 0),
(400, 7, 0),
(400, 8, 0),
(400, 9, 0),
(400, 12, 0),
(400, 31, 0),
(400, 32, 0),
(400, 34, 0),
(400, 36, 0),
(400, 37, 0),
(400, 38, 0),
(400, 39, 0),
(401, 1, 0),
(401, 2, 6),
(401, 3, 1),
(401, 4, 0),
(401, 5, 0),
(401, 6, 0),
(401, 7, 0),
(401, 8, 0),
(401, 9, 0),
(401, 12, 0),
(401, 31, 0),
(401, 32, 0),
(401, 34, 0),
(401, 36, 0),
(401, 37, 0),
(401, 38, 0),
(401, 39, 0),
(402, 1, 1),
(402, 2, 0),
(402, 3, 0),
(402, 4, 0),
(402, 5, 0),
(402, 6, 0),
(402, 7, 0),
(402, 8, 0),
(402, 9, 0),
(402, 12, 0),
(402, 31, 0),
(402, 32, 0),
(402, 34, 0),
(402, 36, 0),
(402, 37, 0),
(402, 38, 0),
(402, 39, 0),
(403, 1, 0),
(403, 2, 0),
(403, 3, 0),
(403, 4, 0),
(403, 5, 0),
(403, 6, 0),
(403, 7, 0),
(403, 8, 0),
(403, 9, 0),
(403, 12, 0),
(404, 1, 0),
(404, 2, 2),
(404, 3, 0),
(404, 4, 0),
(404, 5, 0),
(404, 6, 0),
(404, 7, 0),
(404, 8, 0),
(404, 9, 0),
(404, 12, 0),
(404, 31, 0),
(404, 32, 0),
(404, 34, 0),
(404, 36, 0),
(404, 37, 0),
(404, 38, 0),
(404, 39, 0),
(405, 1, 2),
(405, 2, 0),
(405, 3, 0),
(405, 4, 0),
(405, 5, 0),
(405, 6, 0),
(405, 7, 0),
(405, 8, 0),
(405, 9, 0),
(405, 12, 0),
(405, 31, 0),
(405, 32, 0),
(405, 34, 0),
(405, 36, 0),
(405, 37, 0),
(405, 38, 0),
(405, 39, 0),
(406, 1, 2),
(406, 2, 0),
(406, 3, 0),
(406, 4, 0),
(406, 5, 0),
(406, 6, 0),
(406, 7, 0),
(406, 8, 0),
(406, 9, 0),
(406, 12, 0),
(406, 31, 0),
(406, 32, 0),
(406, 34, 0),
(406, 36, 0),
(406, 37, 0),
(406, 38, 0),
(406, 39, 0),
(407, 1, 0),
(407, 2, 1),
(407, 3, 0),
(407, 4, 0),
(407, 5, 0),
(407, 6, 0),
(407, 7, 0),
(407, 8, 0),
(407, 9, 0),
(407, 12, 0),
(407, 31, 0),
(407, 32, 0),
(407, 34, 0),
(407, 36, 0),
(407, 37, 0),
(407, 38, 0),
(407, 39, 0),
(408, 1, 0),
(408, 2, 1),
(408, 3, 0),
(408, 4, 0),
(408, 5, 0),
(408, 6, 0),
(408, 7, 0),
(408, 8, 0),
(408, 9, 0),
(408, 12, 0),
(408, 31, 0),
(408, 32, 0),
(408, 34, 0),
(408, 36, 0),
(408, 37, 0),
(408, 38, 0),
(408, 39, 0),
(409, 1, 0),
(409, 2, 1),
(409, 3, 0),
(409, 4, 0),
(409, 5, 0),
(409, 6, 0),
(409, 7, 0),
(409, 8, 0),
(409, 9, 0),
(409, 12, 0),
(409, 31, 0),
(409, 32, 0),
(409, 34, 0),
(409, 36, 0),
(409, 37, 0),
(409, 38, 0),
(409, 39, 0),
(410, 1, 4),
(410, 2, 1),
(410, 3, 0),
(410, 4, 0),
(410, 5, 0),
(410, 6, 0),
(410, 7, 0),
(410, 8, 0),
(410, 9, 0),
(410, 12, 0),
(410, 31, 0),
(410, 32, 0),
(410, 34, 0),
(410, 36, 0),
(410, 37, 0),
(410, 38, 0),
(410, 39, 0),
(411, 1, 0),
(411, 2, 0),
(411, 3, 0),
(411, 4, 0),
(411, 5, 0),
(411, 6, 0),
(411, 7, 0),
(411, 8, 0),
(411, 9, 0),
(411, 12, 0),
(411, 31, 0),
(411, 32, 0),
(411, 34, 0),
(411, 36, 0),
(411, 37, 0),
(411, 38, 0),
(411, 39, 0),
(412, 1, 5),
(412, 2, 0),
(412, 3, 0),
(412, 4, 0),
(412, 5, 0),
(412, 6, 0),
(412, 7, 0),
(412, 8, 0),
(412, 9, 0),
(412, 12, 0),
(412, 31, 0),
(412, 32, 0),
(412, 34, 0),
(412, 36, 0),
(412, 37, 0),
(412, 38, 0),
(412, 39, 0),
(413, 1, 0),
(413, 2, 1),
(413, 3, 0),
(413, 4, 0),
(413, 5, 0),
(413, 6, 0),
(413, 7, 0),
(413, 8, 0),
(413, 9, 0),
(413, 12, 0),
(413, 31, 0),
(413, 32, 0),
(413, 34, 0),
(413, 36, 0),
(413, 37, 0),
(413, 38, 0),
(413, 39, 0),
(414, 1, 1),
(414, 2, 0),
(414, 3, 0),
(414, 4, 0),
(414, 5, 0),
(414, 6, 0),
(414, 7, 0),
(414, 8, 0),
(414, 9, 0),
(414, 12, 0),
(414, 31, 0),
(414, 32, 0),
(414, 34, 0),
(414, 36, 0),
(414, 37, 0),
(414, 38, 0),
(414, 39, 0),
(415, 1, 2),
(415, 2, 0),
(415, 3, 0),
(415, 4, 0),
(415, 5, 0),
(415, 6, 0),
(415, 7, 0),
(415, 8, 0),
(415, 9, 0),
(415, 12, 0),
(415, 31, 0),
(415, 32, 0),
(415, 34, 0),
(415, 36, 0),
(415, 37, 0),
(415, 38, 0),
(415, 39, 0),
(416, 1, 1),
(416, 2, 0),
(416, 3, 0),
(416, 4, 0),
(416, 5, 0),
(416, 6, 0),
(416, 7, 0),
(416, 8, 0),
(416, 9, 0),
(416, 12, 0),
(416, 31, 0),
(416, 32, 0),
(416, 34, 0),
(416, 36, 0),
(416, 37, 0),
(416, 38, 0),
(416, 39, 0),
(417, 1, 5),
(417, 2, 0),
(417, 3, 0),
(417, 4, 0),
(417, 5, 0),
(417, 6, 0),
(417, 7, 0),
(417, 8, 0),
(417, 9, 0),
(417, 12, 0),
(417, 31, 0),
(417, 32, 0),
(417, 34, 0),
(417, 36, 0),
(417, 37, 0),
(417, 38, 0),
(417, 39, 0),
(418, 1, 5),
(418, 2, 1),
(418, 3, 0),
(418, 4, 0),
(418, 5, 0),
(418, 6, 0),
(418, 7, 0),
(418, 8, 0),
(418, 9, 0),
(418, 12, 0),
(418, 31, 0),
(418, 32, 0),
(418, 34, 0),
(418, 36, 0),
(418, 37, 0),
(418, 38, 0),
(418, 39, 0),
(419, 1, 0),
(419, 2, 2),
(419, 3, 0),
(419, 4, 0),
(419, 5, 0),
(419, 6, 0),
(419, 7, 0),
(419, 8, 0),
(419, 9, 0),
(419, 12, 0),
(419, 31, 0),
(419, 32, 0),
(419, 34, 0),
(419, 36, 0),
(419, 37, 0),
(419, 38, 0),
(419, 39, 0),
(420, 1, 0),
(420, 2, 2),
(420, 3, 0),
(420, 4, 0),
(420, 5, 0),
(420, 6, 0),
(420, 7, 0),
(420, 8, 0),
(420, 9, 0),
(420, 12, 0),
(420, 31, 0),
(420, 32, 0),
(420, 34, 0),
(420, 36, 0),
(420, 37, 0),
(420, 38, 0),
(420, 39, 0),
(421, 1, 109),
(421, 2, 0),
(421, 3, 0),
(421, 4, 0),
(421, 5, 0),
(421, 6, 0),
(421, 7, 0),
(421, 8, 21),
(421, 9, 0),
(421, 12, 0),
(421, 31, 0),
(421, 32, 0),
(421, 34, 0),
(421, 36, 0),
(421, 37, 35),
(421, 38, 0),
(421, 39, 0),
(422, 1, 165),
(422, 2, 0),
(422, 3, 0),
(422, 4, 0),
(422, 5, 0),
(422, 6, 0),
(422, 7, 0),
(422, 8, 20),
(422, 9, 0),
(422, 12, 0),
(422, 31, 0),
(422, 32, 0),
(422, 34, 0),
(422, 36, 0),
(422, 37, 110),
(422, 38, 0),
(422, 39, 0),
(423, 1, 650),
(423, 2, 0),
(423, 3, 0),
(423, 4, 0),
(423, 5, 0),
(423, 6, 0),
(423, 7, 0),
(423, 8, 51),
(423, 9, 0),
(423, 12, 0),
(423, 31, 0),
(423, 32, 0),
(423, 34, 0),
(423, 36, 0),
(423, 37, 150),
(423, 38, 0),
(423, 39, 0),
(424, 1, 114),
(424, 2, 0),
(424, 3, 0),
(424, 4, 0),
(424, 5, 0),
(424, 6, 0),
(424, 7, 0),
(424, 8, 7),
(424, 9, 0),
(424, 12, 0),
(424, 31, 0),
(424, 32, 0),
(424, 34, 0),
(424, 36, 0),
(424, 37, 22),
(424, 38, 0),
(424, 39, 0),
(425, 1, 2),
(425, 2, 0),
(425, 3, 0),
(425, 4, 0),
(425, 5, 0),
(425, 6, 0),
(425, 7, 0),
(425, 8, 0),
(425, 9, 0),
(425, 12, 0),
(425, 31, 0),
(425, 32, 0),
(425, 34, 0),
(425, 36, 0),
(425, 37, 0),
(425, 38, 0),
(425, 39, 0),
(426, 1, 1),
(426, 2, 1),
(426, 3, 0),
(426, 4, 0),
(426, 5, 0),
(426, 6, 0),
(426, 7, 0),
(426, 8, 0),
(426, 9, 0),
(426, 12, 0),
(426, 31, 0),
(426, 32, 0),
(426, 34, 0),
(426, 36, 0),
(426, 37, 0),
(426, 38, 0),
(426, 39, 0),
(427, 1, 2),
(427, 2, 0),
(427, 3, 0),
(427, 4, 0),
(427, 5, 0),
(427, 6, 0),
(427, 7, 0),
(427, 8, 0),
(427, 9, 0),
(427, 12, 0),
(427, 31, 0),
(427, 32, 0),
(427, 34, 0),
(427, 36, 0),
(427, 37, 0),
(427, 38, 0),
(427, 39, 0),
(428, 1, 1),
(428, 2, 1),
(428, 3, 0),
(428, 4, 0),
(428, 5, 0),
(428, 6, 0),
(428, 7, 0),
(428, 8, 0),
(428, 9, 0),
(428, 12, 0),
(428, 31, 0),
(428, 32, 0),
(428, 34, 0),
(428, 36, 0),
(428, 37, 0),
(428, 38, 0),
(428, 39, 0),
(429, 1, 2),
(429, 2, 0),
(429, 3, 0),
(429, 4, 0),
(429, 5, 0),
(429, 6, 0),
(429, 7, 0),
(429, 8, 0),
(429, 9, 0),
(429, 12, 0),
(429, 31, 0),
(429, 32, 0),
(429, 34, 0),
(429, 36, 0),
(429, 37, 0),
(429, 38, 0),
(429, 39, 0),
(430, 1, 2),
(430, 2, 1),
(430, 3, 0),
(430, 4, 0),
(430, 5, 0),
(430, 6, 0),
(430, 7, 0),
(430, 8, 0),
(430, 9, 0),
(430, 12, 0),
(430, 31, 0),
(430, 32, 0),
(430, 34, 0),
(430, 36, 0),
(430, 37, 0),
(430, 38, 0),
(430, 39, 0),
(431, 1, 6),
(431, 2, 0),
(431, 3, 0),
(431, 4, 0),
(431, 5, 0),
(431, 6, 0),
(431, 7, 0),
(431, 8, 0),
(431, 9, 0),
(431, 12, 0),
(431, 31, 0),
(431, 32, 0),
(431, 34, 0),
(431, 36, 0),
(431, 37, 0),
(431, 38, 0),
(431, 39, 0),
(432, 1, 0),
(432, 2, 1),
(432, 3, 1),
(432, 4, 0),
(432, 5, 0),
(432, 6, 0),
(432, 7, 0),
(432, 8, 0),
(432, 9, 0),
(432, 12, 0),
(432, 31, 0),
(432, 32, 0),
(432, 34, 0),
(432, 36, 0),
(432, 37, 0),
(432, 38, 0),
(432, 39, 0),
(433, 1, 1),
(433, 2, 1),
(433, 3, 0),
(433, 4, 0),
(433, 5, 0),
(433, 6, 0),
(433, 7, 0),
(433, 8, 0),
(433, 9, 0),
(433, 12, 0),
(433, 31, 0),
(433, 32, 0),
(433, 34, 0),
(433, 36, 0),
(433, 37, 0),
(433, 38, 0),
(433, 39, 0),
(434, 1, 0),
(434, 2, 1),
(434, 3, 0),
(434, 4, 0),
(434, 5, 0),
(434, 6, 0),
(434, 7, 0),
(434, 8, 0),
(434, 9, 0),
(434, 12, 0),
(434, 31, 0),
(434, 32, 0),
(434, 34, 0),
(434, 36, 0),
(434, 37, 0),
(434, 38, 0),
(434, 39, 0),
(435, 1, 0),
(435, 2, 1),
(435, 3, 0),
(435, 4, 0),
(435, 5, 0),
(435, 6, 0),
(435, 7, 0),
(435, 8, 0),
(435, 9, 0),
(435, 12, 0),
(435, 31, 0),
(435, 32, 0),
(435, 34, 0),
(435, 36, 0),
(435, 37, 0),
(435, 38, 0),
(435, 39, 0),
(436, 1, 23),
(436, 2, 0),
(436, 3, 0),
(436, 4, 0),
(436, 5, 0),
(436, 6, 0),
(436, 7, 0),
(436, 8, 0),
(436, 9, 0),
(436, 12, 0),
(436, 31, 0),
(436, 32, 0),
(436, 34, 0),
(436, 36, 0),
(436, 37, 0),
(436, 38, 0),
(436, 39, 0),
(437, 1, 20),
(437, 2, 0),
(437, 3, 0),
(437, 4, 0),
(437, 5, 0),
(437, 6, 0),
(437, 7, 0),
(437, 8, 0),
(437, 9, 0),
(437, 12, 0),
(437, 31, 0),
(437, 32, 0),
(437, 34, 0),
(437, 36, 0),
(437, 37, 0),
(437, 38, 0),
(437, 39, 0),
(438, 1, 20),
(438, 2, 0),
(438, 3, 0),
(438, 4, 0),
(438, 5, 0),
(438, 6, 0),
(438, 7, 0),
(438, 8, 0),
(438, 9, 0),
(438, 12, 0),
(438, 31, 0),
(438, 32, 0),
(438, 34, 0),
(438, 36, 0),
(438, 37, 0),
(438, 38, 0),
(438, 39, 0),
(439, 1, 20),
(439, 2, 0),
(439, 3, 0),
(439, 4, 0),
(439, 5, 0),
(439, 6, 0),
(439, 7, 0),
(439, 8, 0),
(439, 9, 0),
(439, 12, 0),
(439, 31, 0),
(439, 32, 0),
(439, 34, 0),
(439, 36, 0),
(439, 37, 0),
(439, 38, 0),
(439, 39, 0),
(440, 1, 0),
(440, 2, 1),
(440, 3, 0),
(440, 4, 0),
(440, 5, 0),
(440, 6, 0),
(440, 7, 0),
(440, 8, 0),
(440, 9, 0),
(440, 12, 0),
(440, 31, 0),
(440, 32, 0),
(440, 34, 0),
(440, 36, 0),
(440, 37, 0),
(440, 38, 0),
(440, 39, 0),
(441, 1, 0),
(441, 2, 10),
(441, 3, 0),
(441, 4, 0),
(441, 5, 0),
(441, 6, 0),
(441, 7, 0),
(441, 8, 0),
(441, 9, 0),
(441, 12, 0),
(441, 31, 0),
(441, 32, 0),
(441, 34, 0),
(441, 36, 0),
(441, 37, 0),
(441, 38, 0),
(441, 39, 0),
(442, 1, 0),
(442, 2, 10),
(442, 3, 0),
(442, 4, 0),
(442, 5, 0),
(442, 6, 0),
(442, 7, 0),
(442, 8, 0),
(442, 9, 0),
(442, 12, 0),
(442, 31, 0),
(442, 32, 0),
(442, 34, 0),
(442, 36, 0),
(442, 37, 0),
(442, 38, 0),
(442, 39, 0),
(443, 1, 0),
(443, 2, 2),
(443, 3, 0),
(443, 4, 0),
(443, 5, 0),
(443, 6, 0),
(443, 7, 0),
(443, 8, 0),
(443, 9, 0),
(443, 12, 0),
(443, 31, 0),
(443, 32, 0),
(443, 34, 0),
(443, 36, 0),
(443, 37, 0),
(443, 38, 0),
(443, 39, 0),
(444, 1, 1),
(444, 2, 1),
(444, 3, 0),
(444, 4, 0),
(444, 5, 0),
(444, 6, 0),
(444, 7, 0),
(444, 8, 0),
(444, 9, 0),
(444, 12, 0),
(444, 31, 0),
(444, 32, 0),
(444, 34, 0),
(444, 36, 0),
(444, 37, 0),
(444, 38, 0),
(444, 39, 0),
(445, 1, 1),
(445, 2, 0),
(445, 3, 0),
(445, 4, 0),
(445, 5, 0),
(445, 6, 0),
(445, 7, 0),
(445, 8, 0),
(445, 9, 0),
(445, 12, 0),
(445, 31, 0),
(445, 32, 0),
(445, 34, 0),
(445, 36, 0),
(445, 37, 0),
(445, 38, 0),
(445, 39, 0),
(446, 1, 0),
(446, 2, 0),
(446, 3, 1),
(446, 4, 0),
(446, 5, 0),
(446, 6, 0),
(446, 7, 0),
(446, 8, 0),
(446, 9, 0),
(446, 12, 0),
(446, 31, 0),
(446, 32, 0),
(446, 34, 0),
(446, 36, 0),
(446, 37, 0),
(446, 38, 0),
(446, 39, 0),
(447, 1, 2),
(447, 2, 1),
(447, 3, 0),
(447, 4, 0),
(447, 5, 0),
(447, 6, 0),
(447, 7, 0),
(447, 8, 0),
(447, 9, 0),
(447, 12, 0),
(447, 31, 0),
(447, 32, 0),
(447, 34, 0),
(447, 36, 0),
(447, 37, 0),
(447, 38, 0),
(447, 39, 0),
(448, 1, 4),
(448, 2, 0),
(448, 3, 2),
(448, 4, 0),
(448, 5, 0),
(448, 6, 0),
(448, 7, 0),
(448, 8, 0),
(448, 9, 0),
(448, 12, 0),
(448, 31, 0),
(448, 32, 0),
(448, 34, 0),
(448, 36, 0),
(448, 37, 0),
(448, 38, 0),
(448, 39, 0),
(449, 1, 0),
(449, 2, 0),
(449, 3, 0),
(449, 4, 0),
(449, 5, 0),
(449, 6, 0),
(449, 7, 0),
(449, 8, 0),
(449, 9, 0),
(449, 12, 0),
(449, 31, 0),
(449, 32, 0),
(449, 34, 0),
(449, 36, 0),
(449, 37, 0),
(449, 38, 0),
(449, 39, 0),
(450, 1, 7),
(450, 2, 2),
(450, 3, 1),
(450, 4, 0),
(450, 5, 0),
(450, 6, 0),
(450, 7, 0),
(450, 8, 0),
(450, 9, 0),
(450, 12, 0),
(450, 31, 0),
(450, 32, 0),
(450, 34, 0),
(450, 36, 0),
(450, 37, 0),
(450, 38, 0),
(450, 39, 0),
(451, 1, 1),
(451, 2, 1),
(451, 3, 2),
(451, 4, 0),
(451, 5, 0),
(451, 6, 0),
(451, 7, 0),
(451, 8, 0),
(451, 9, 0),
(451, 12, 0),
(451, 31, 0),
(451, 32, 0),
(451, 34, 0),
(451, 36, 0),
(451, 37, 0),
(451, 38, 0),
(451, 39, 0),
(452, 1, 2),
(452, 2, 0),
(452, 3, 2),
(452, 4, 0),
(452, 5, 0),
(452, 6, 0),
(452, 7, 0),
(452, 8, 0),
(452, 9, 0),
(452, 12, 0),
(452, 31, 0),
(452, 32, 0),
(452, 34, 0),
(452, 36, 0),
(452, 37, 0),
(452, 38, 0),
(452, 39, 0),
(453, 1, 1),
(453, 2, 0),
(453, 3, 0),
(453, 4, 0),
(453, 5, 0),
(453, 6, 0),
(453, 7, 0),
(453, 8, 0),
(453, 9, 0),
(453, 12, 0),
(453, 31, 0),
(453, 32, 0),
(453, 34, 0),
(453, 36, 0),
(453, 37, 0),
(453, 38, 0),
(453, 39, 0),
(454, 1, 1),
(454, 2, 0),
(454, 3, 0),
(454, 4, 0),
(454, 5, 0),
(454, 6, 0),
(454, 7, 0),
(454, 8, 0),
(454, 9, 0),
(454, 12, 0),
(454, 31, 0),
(454, 32, 0),
(454, 34, 0),
(454, 36, 0),
(454, 37, 0),
(454, 38, 0),
(454, 39, 0),
(455, 1, 1),
(455, 2, 0),
(455, 3, 0),
(455, 4, 0),
(455, 5, 0),
(455, 6, 0),
(455, 7, 0),
(455, 8, 0),
(455, 9, 0),
(455, 12, 0),
(455, 31, 0),
(455, 32, 0),
(455, 34, 0),
(455, 36, 0),
(455, 37, 0),
(455, 38, 0),
(455, 39, 0),
(456, 1, 1),
(456, 2, 0),
(456, 3, 0),
(456, 4, 0),
(456, 5, 0),
(456, 6, 0),
(456, 7, 0),
(456, 8, 0),
(456, 9, 0),
(456, 12, 0),
(456, 31, 0),
(456, 32, 0),
(456, 34, 0),
(456, 36, 0),
(456, 37, 0),
(456, 38, 0),
(456, 39, 0),
(457, 1, 1),
(457, 2, 0),
(457, 3, 0),
(457, 4, 0),
(457, 5, 0),
(457, 6, 0),
(457, 7, 0),
(457, 8, 0),
(457, 9, 0),
(457, 12, 0),
(457, 31, 0),
(457, 32, 0),
(457, 34, 0),
(457, 36, 0),
(457, 37, 0),
(457, 38, 0),
(457, 39, 0),
(458, 1, 0),
(458, 2, 0),
(458, 3, 1),
(458, 4, 0),
(458, 5, 0),
(458, 6, 0),
(458, 7, 0),
(458, 8, 0),
(458, 9, 0),
(458, 12, 0),
(458, 31, 0),
(458, 32, 0),
(458, 34, 0),
(458, 36, 0),
(458, 37, 0),
(458, 38, 0),
(458, 39, 0),
(459, 1, 4),
(459, 2, 0),
(459, 3, 1),
(459, 4, 0),
(459, 5, 0),
(459, 6, 0),
(459, 7, 0),
(459, 8, 0),
(459, 9, 0),
(459, 12, 0),
(459, 31, 0),
(459, 32, 0),
(459, 34, 0),
(459, 36, 0),
(459, 37, 0),
(459, 38, 0),
(459, 39, 0),
(460, 1, 4),
(460, 2, 0),
(460, 3, 0),
(460, 4, 0),
(460, 5, 0),
(460, 6, 0),
(460, 7, 0),
(460, 8, 0),
(460, 9, 0),
(460, 12, 0),
(460, 31, 0),
(460, 32, 0),
(460, 34, 0),
(460, 36, 0),
(460, 37, 0),
(460, 38, 0),
(460, 39, 0),
(461, 1, 10),
(461, 2, 0),
(461, 3, 0),
(461, 4, 0),
(461, 5, 0),
(461, 6, 0),
(461, 7, 0),
(461, 8, 0),
(461, 9, 0),
(461, 12, 0),
(461, 31, 0),
(461, 32, 0),
(461, 34, 0),
(461, 36, 0),
(461, 37, 0),
(461, 38, 0),
(461, 39, 0),
(462, 1, 3),
(462, 2, 1),
(462, 3, 0),
(462, 4, 0),
(462, 5, 0),
(462, 6, 0),
(462, 7, 0),
(462, 8, 0),
(462, 9, 0),
(462, 12, 0),
(462, 31, 0),
(462, 32, 0),
(462, 34, 0),
(462, 36, 0),
(462, 37, 0),
(462, 38, 0),
(462, 39, 0),
(463, 1, 26),
(463, 2, 0),
(463, 3, 6),
(463, 4, 0),
(463, 5, 0),
(463, 6, 0),
(463, 7, 0),
(463, 8, 0),
(463, 9, 0),
(463, 12, 0),
(463, 31, 0),
(463, 32, 0),
(463, 34, 0),
(463, 36, 0),
(463, 37, 0),
(463, 38, 0),
(463, 39, 0),
(464, 1, 2),
(464, 2, 1),
(464, 3, 0),
(464, 4, 0),
(464, 5, 0),
(464, 6, 0),
(464, 7, 0),
(464, 8, 0),
(464, 9, 0),
(464, 12, 0),
(464, 31, 0),
(464, 32, 0),
(464, 34, 0),
(464, 36, 0),
(464, 37, 0),
(464, 38, 0),
(464, 39, 0),
(465, 1, 7),
(465, 2, 0),
(465, 3, 0),
(465, 4, 0),
(465, 5, 0),
(465, 6, 0),
(465, 7, 0),
(465, 8, 0),
(465, 9, 0),
(465, 12, 0),
(465, 31, 0),
(465, 32, 0),
(465, 34, 0),
(465, 36, 0),
(465, 37, 0),
(465, 38, 0),
(465, 39, 0),
(466, 1, 7),
(466, 2, 0),
(466, 3, 1),
(466, 4, 0),
(466, 5, 0),
(466, 6, 0),
(466, 7, 0),
(466, 8, 0),
(466, 9, 0),
(466, 12, 0),
(466, 31, 0),
(466, 32, 0),
(466, 34, 0),
(466, 36, 0),
(466, 37, 0),
(466, 38, 0),
(466, 39, 0),
(467, 1, 6),
(467, 2, 1),
(467, 3, 0),
(467, 4, 0),
(467, 5, 0),
(467, 6, 0),
(467, 7, 0),
(467, 8, 0),
(467, 9, 0),
(467, 12, 0),
(467, 31, 0),
(467, 32, 0),
(467, 34, 0),
(467, 36, 0),
(467, 37, 0),
(467, 38, 0),
(467, 39, 0),
(468, 1, 4),
(468, 2, 0),
(468, 3, 2),
(468, 4, 0),
(468, 5, 0),
(468, 6, 0),
(468, 7, 0),
(468, 8, 0),
(468, 9, 0),
(468, 12, 0),
(468, 31, 0),
(468, 32, 0),
(468, 34, 0),
(468, 36, 0),
(468, 37, 0),
(468, 38, 0),
(468, 39, 0),
(469, 1, 3),
(469, 2, 0),
(469, 3, 0),
(469, 4, 0),
(469, 5, 0),
(469, 6, 0),
(469, 7, 0),
(469, 8, 0),
(469, 9, 0),
(469, 12, 0),
(469, 31, 0),
(469, 32, 0),
(469, 34, 0),
(469, 36, 0),
(469, 37, 0),
(469, 38, 0),
(469, 39, 0),
(470, 1, 9),
(470, 2, 1),
(470, 3, 0),
(470, 4, 0),
(470, 5, 0),
(470, 6, 0),
(470, 7, 0),
(470, 8, 0),
(470, 9, 0),
(470, 12, 0),
(470, 31, 0),
(470, 32, 0),
(470, 34, 0),
(470, 36, 0),
(470, 37, 0),
(470, 38, 0),
(470, 39, 0),
(471, 1, 7),
(471, 2, 0),
(471, 3, 2),
(471, 4, 0),
(471, 5, 0),
(471, 6, 0),
(471, 7, 0),
(471, 8, 0),
(471, 9, 0),
(471, 12, 0),
(471, 31, 0),
(471, 32, 0),
(471, 34, 0),
(471, 36, 0),
(471, 37, 0),
(471, 38, 0),
(471, 39, 0),
(472, 1, 71),
(472, 2, 2),
(472, 3, 25),
(472, 4, 0),
(472, 5, 0),
(472, 6, 0),
(472, 7, 0),
(472, 8, 27),
(472, 9, 0),
(472, 12, 0),
(472, 31, 0),
(472, 32, 0),
(472, 34, 0),
(472, 36, 0),
(472, 37, 25),
(472, 38, 0),
(472, 39, 0),
(473, 1, 98),
(473, 2, 0),
(473, 3, 50),
(473, 4, 0),
(473, 5, 0),
(473, 6, 0),
(473, 7, 0),
(473, 8, 0),
(473, 9, 0),
(473, 12, 0),
(473, 31, 0),
(473, 32, 0),
(473, 34, 0),
(473, 36, 0),
(473, 37, 50),
(473, 38, 0),
(473, 39, 0),
(474, 1, 284),
(474, 2, 1),
(474, 3, 0),
(474, 4, 0),
(474, 5, 0),
(474, 6, 0),
(474, 7, 0),
(474, 8, 34),
(474, 9, 0),
(474, 12, 0),
(474, 31, 0),
(474, 32, 0),
(474, 34, 0),
(474, 36, 0),
(474, 37, 77),
(474, 38, 0),
(474, 39, 0),
(475, 1, 688),
(475, 2, 0),
(475, 3, 0),
(475, 4, 0),
(475, 5, 0),
(475, 6, 0),
(475, 7, 0),
(475, 8, 261),
(475, 9, 0),
(475, 12, 0),
(475, 31, 0),
(475, 32, 0),
(475, 34, 0),
(475, 36, 0),
(475, 37, 300),
(475, 38, 0),
(475, 39, 0),
(476, 1, 384),
(476, 2, 0),
(476, 3, 0),
(476, 4, 0),
(476, 5, 0),
(476, 6, 0),
(476, 7, 0),
(476, 8, 216),
(476, 9, 0),
(476, 12, 0),
(476, 31, 0),
(476, 32, 0),
(476, 34, 0),
(476, 36, 0),
(476, 37, 200),
(476, 38, 0),
(476, 39, 0),
(477, 1, 35),
(477, 2, 1),
(477, 3, 0),
(477, 4, 0),
(477, 5, 0),
(477, 6, 0),
(477, 7, 0),
(477, 8, 13),
(477, 9, 0),
(477, 12, 0),
(477, 31, 0),
(477, 32, 0),
(477, 34, 0),
(477, 36, 0),
(477, 37, 1),
(477, 38, 0),
(477, 39, 0),
(478, 1, 167),
(478, 2, 0),
(478, 3, 0),
(478, 4, 0),
(478, 5, 0),
(478, 6, 0),
(478, 7, 0),
(478, 8, 23),
(478, 9, 0),
(478, 12, 0),
(478, 31, 0),
(478, 32, 0),
(478, 34, 0),
(478, 36, 0),
(478, 37, 0),
(478, 38, 0),
(478, 39, 0),
(479, 1, 2),
(479, 2, 0),
(479, 3, 0),
(479, 4, 0),
(479, 5, 0),
(479, 6, 0),
(479, 7, 0),
(479, 8, 0),
(479, 9, 0),
(479, 12, 0),
(479, 31, 0),
(479, 32, 0),
(479, 34, 0),
(479, 36, 0),
(479, 37, 0),
(479, 38, 0),
(479, 39, 0),
(480, 1, 0),
(480, 2, 0),
(480, 3, 0),
(480, 4, 0),
(480, 5, 0),
(480, 6, 0),
(480, 7, 0),
(480, 8, 0),
(480, 9, 0),
(480, 12, 0),
(480, 31, 0),
(480, 32, 0),
(480, 34, 0),
(480, 36, 0),
(480, 37, 0),
(480, 38, 0),
(480, 39, 0),
(481, 1, 0),
(481, 2, 0),
(481, 3, 0),
(481, 4, 0),
(481, 5, 0),
(481, 6, 0),
(481, 7, 0),
(481, 8, 0),
(481, 9, 0),
(481, 12, 0),
(481, 31, 0),
(481, 32, 0),
(481, 34, 0),
(481, 36, 0),
(481, 37, 0),
(481, 38, 0),
(481, 39, 0),
(482, 1, 0),
(482, 2, 0),
(482, 3, 1),
(482, 4, 0),
(482, 5, 0),
(482, 6, 0),
(482, 7, 0),
(482, 8, 0),
(482, 9, 0),
(482, 12, 0),
(482, 31, 0),
(482, 32, 0),
(482, 34, 0),
(482, 36, 0),
(482, 37, 0),
(482, 38, 0),
(482, 39, 0),
(483, 1, 3),
(483, 2, 0),
(483, 3, 0),
(483, 4, 0),
(483, 5, 0),
(483, 6, 0),
(483, 7, 0),
(483, 8, 20),
(483, 9, 0),
(483, 12, 0),
(483, 31, 0),
(483, 32, 37),
(483, 34, 0),
(483, 36, 0),
(483, 37, 25),
(483, 38, 0),
(483, 39, 0),
(484, 1, 38),
(484, 2, 0),
(484, 3, 0),
(484, 4, 0),
(484, 5, 0),
(484, 6, 0),
(484, 7, 0),
(484, 8, 20),
(484, 9, 0),
(484, 12, 0),
(484, 31, 0),
(484, 32, 0),
(484, 34, 0),
(484, 36, 0),
(484, 37, 30),
(484, 38, 0),
(484, 39, 0),
(485, 1, 30),
(485, 2, 0),
(485, 3, 0),
(485, 4, 0),
(485, 5, 0),
(485, 6, 0),
(485, 7, 0),
(485, 8, 51),
(485, 9, 0),
(485, 12, 0),
(485, 31, 0),
(485, 32, 0),
(485, 34, 0),
(485, 36, 0),
(485, 37, 0),
(485, 38, 0),
(485, 39, 0),
(486, 1, 40),
(486, 2, 0),
(486, 3, 0),
(486, 4, 0),
(486, 5, 0),
(486, 6, 0),
(486, 7, 0),
(486, 8, 50),
(486, 9, 0),
(486, 12, 0),
(486, 31, 0),
(486, 32, 0),
(486, 34, 0),
(486, 36, 0),
(486, 37, 0),
(486, 38, 0),
(486, 39, 0),
(487, 1, 30),
(487, 2, 0),
(487, 3, 0),
(487, 4, 0),
(487, 5, 0),
(487, 6, 0),
(487, 7, 0),
(487, 8, 20),
(487, 9, 0),
(487, 12, 0),
(487, 31, 0),
(487, 32, 0),
(487, 34, 0),
(487, 36, 0),
(487, 37, 30),
(487, 38, 0),
(487, 39, 0),
(488, 1, 30),
(488, 2, 0),
(488, 3, 0),
(488, 4, 0),
(488, 5, 0),
(488, 6, 0),
(488, 7, 0),
(488, 8, 20),
(488, 9, 0),
(488, 12, 0),
(488, 31, 0),
(488, 32, 0),
(488, 34, 0),
(488, 36, 0),
(488, 37, 30),
(488, 38, 0),
(488, 39, 0),
(489, 1, 10),
(489, 2, 0),
(489, 3, 25),
(489, 4, 0),
(489, 5, 0),
(489, 6, 0),
(489, 7, 0),
(489, 8, 20),
(489, 9, 0),
(489, 12, 0),
(489, 31, 0),
(489, 32, 0),
(489, 34, 0),
(489, 36, 0),
(489, 37, 25),
(489, 38, 0),
(489, 39, 0),
(490, 1, 400),
(490, 2, 0),
(490, 3, 0),
(490, 4, 0),
(490, 5, 0),
(490, 6, 0),
(490, 7, 0),
(490, 8, 386),
(490, 9, 740),
(490, 12, 0),
(490, 31, 0),
(490, 32, 0),
(490, 34, 0),
(490, 36, 0),
(490, 37, 100),
(490, 38, 0),
(490, 39, 0),
(491, 1, 27),
(491, 2, 8),
(491, 3, 0),
(491, 4, 0),
(491, 5, 0),
(491, 6, 0),
(491, 7, 0),
(491, 8, 0),
(491, 9, 0),
(491, 12, 0),
(491, 31, 0),
(491, 32, 0),
(491, 34, 0),
(491, 36, 0),
(491, 37, 0),
(491, 38, 0),
(491, 39, 0),
(492, 1, 13),
(492, 2, 0),
(492, 3, 27),
(492, 4, 0),
(492, 5, 0),
(492, 6, 0),
(492, 7, 0),
(492, 8, 24),
(492, 9, 0),
(492, 12, 0),
(492, 31, 0),
(492, 32, 0),
(492, 34, 0),
(492, 36, 0),
(492, 37, 25),
(492, 38, 0),
(492, 39, 0),
(493, 1, 25),
(493, 2, 0),
(493, 3, 0),
(493, 4, 0),
(493, 5, 0),
(493, 6, 0),
(493, 7, 0),
(493, 8, 22),
(493, 9, 0),
(493, 12, 0),
(493, 31, 0),
(493, 32, 0),
(493, 34, 0),
(493, 36, 0),
(493, 37, 25),
(493, 38, 0),
(493, 39, 0),
(494, 1, 0),
(494, 2, 0),
(494, 3, 0),
(494, 4, 0),
(494, 5, 0),
(494, 6, 0),
(494, 7, 0),
(494, 8, 72),
(494, 9, 0),
(494, 12, 0),
(494, 31, 0),
(494, 32, 0),
(494, 34, 0),
(494, 36, 0),
(494, 37, 100),
(494, 38, 0),
(494, 39, 0),
(495, 1, 0),
(495, 2, 0),
(495, 3, 0),
(495, 4, 0),
(495, 5, 0),
(495, 6, 0),
(495, 7, 0),
(495, 8, 27),
(495, 9, 0),
(495, 12, 0),
(495, 31, 0),
(495, 32, 0),
(495, 34, 0),
(495, 36, 0),
(495, 37, 0),
(495, 38, 0),
(495, 39, 0),
(496, 1, 0),
(496, 2, 0),
(496, 3, 0),
(496, 4, 0),
(496, 5, 0),
(496, 6, 0),
(496, 7, 0),
(496, 8, 72),
(496, 9, 0),
(496, 12, 0),
(496, 31, 0),
(496, 32, 0),
(496, 34, 0),
(496, 36, 0),
(496, 37, 100),
(496, 38, 0),
(496, 39, 0),
(497, 1, 0),
(497, 2, 0),
(497, 3, 0),
(497, 4, 0),
(497, 5, 0),
(497, 6, 0),
(497, 7, 0),
(497, 8, 0),
(497, 9, 0),
(497, 12, 0),
(497, 31, 0),
(497, 32, 0),
(497, 34, 0),
(497, 36, 0),
(497, 37, 51),
(497, 38, 0),
(497, 39, 0),
(498, 1, 0),
(498, 2, 0),
(498, 3, 0),
(498, 4, 0),
(498, 5, 0),
(498, 6, 0),
(498, 7, 0),
(498, 8, 45),
(498, 9, 0),
(498, 12, 0),
(498, 31, 0),
(498, 32, 0),
(498, 34, 0),
(498, 36, 0),
(498, 37, 0),
(498, 38, 0),
(498, 39, 0),
(499, 1, 37),
(499, 2, 1),
(499, 3, 25),
(499, 4, 0),
(499, 5, 0),
(499, 6, 0),
(499, 7, 0),
(499, 8, 26),
(499, 9, 0),
(499, 12, 0),
(499, 31, 0),
(499, 32, 0),
(499, 34, 0),
(499, 36, 0),
(499, 37, 25),
(499, 38, 0),
(499, 39, 0),
(500, 1, 25),
(500, 2, 0),
(500, 3, 0),
(500, 4, 0),
(500, 5, 0),
(500, 6, 0),
(500, 7, 0),
(500, 8, 1),
(500, 9, 0),
(500, 12, 0),
(500, 31, 0),
(500, 32, 0),
(500, 34, 0),
(500, 36, 0),
(500, 37, 25),
(500, 38, 0),
(500, 39, 0),
(501, 1, 500),
(501, 2, 0),
(501, 3, 0),
(501, 4, 0),
(501, 5, 0),
(501, 6, 0),
(501, 7, 0),
(501, 8, 0),
(501, 9, 0),
(501, 12, 0),
(501, 31, 0),
(501, 32, 0),
(501, 34, 0),
(501, 36, 0),
(501, 37, 60),
(501, 38, 0),
(501, 39, 0),
(502, 1, 500),
(502, 2, 0),
(502, 3, 0),
(502, 4, 0),
(502, 5, 0),
(502, 6, 0),
(502, 7, 0),
(502, 8, 0),
(502, 9, 0),
(502, 12, 0),
(502, 31, 0),
(502, 32, 0),
(502, 34, 0),
(502, 36, 0),
(502, 37, 60),
(502, 38, 0),
(502, 39, 0),
(503, 1, 470),
(503, 2, 6),
(503, 3, 25),
(503, 4, 0),
(503, 5, 0),
(503, 6, 0),
(503, 7, 0),
(503, 8, 20),
(503, 9, 0),
(503, 12, 0),
(503, 31, 0),
(503, 32, 0),
(503, 34, 0),
(503, 36, 0),
(503, 37, 25),
(503, 38, 0),
(503, 39, 0),
(504, 1, 0),
(504, 2, 0),
(504, 3, 0),
(504, 4, 0),
(504, 5, 0),
(504, 6, 0),
(504, 7, 0),
(504, 8, 0),
(504, 9, 0),
(504, 12, 0),
(504, 31, 0),
(504, 32, 0),
(504, 34, 0),
(504, 36, 0),
(504, 37, 100),
(504, 38, 0),
(504, 39, 0),
(505, 1, 50),
(505, 2, 0),
(505, 3, 0),
(505, 4, 0),
(505, 5, 0),
(505, 6, 0),
(505, 7, 0),
(505, 8, 40),
(505, 9, 0),
(505, 12, 0),
(505, 31, 0),
(505, 32, 0),
(505, 34, 0),
(505, 36, 0),
(505, 37, 51),
(505, 38, 0),
(505, 39, 0),
(506, 1, 25),
(506, 2, 0),
(506, 3, 0),
(506, 4, 0),
(506, 5, 0),
(506, 6, 0),
(506, 7, 0),
(506, 8, 20),
(506, 9, 0),
(506, 12, 0),
(506, 31, 0),
(506, 32, 0),
(506, 34, 0),
(506, 36, 0),
(506, 37, 26),
(506, 38, 0),
(506, 39, 0),
(507, 1, 406),
(507, 2, 1),
(507, 3, 0),
(507, 4, 0),
(507, 5, 0),
(507, 6, 0),
(507, 7, 0),
(507, 8, 84),
(507, 9, 0),
(507, 12, 0),
(507, 31, 0),
(507, 32, 0),
(507, 34, 0),
(507, 36, 0),
(507, 37, 104),
(507, 38, 0),
(507, 39, 0),
(508, 1, 2),
(508, 2, 3),
(508, 3, 0),
(508, 4, 0),
(508, 5, 0),
(508, 6, 0),
(508, 7, 0),
(508, 8, 0),
(508, 9, 0),
(508, 12, 0),
(508, 31, 0),
(508, 32, 0),
(508, 34, 0),
(508, 36, 0),
(508, 37, 0),
(508, 38, 0),
(508, 39, 0),
(509, 1, 5),
(509, 2, 0),
(509, 3, 0),
(509, 4, 0),
(509, 5, 0),
(509, 6, 0),
(509, 7, 0),
(509, 8, 0),
(509, 9, 0),
(509, 12, 0),
(509, 31, 0),
(509, 32, 0),
(509, 34, 0),
(509, 36, 0),
(509, 37, 0),
(509, 38, 0),
(509, 39, 0),
(510, 1, 1),
(510, 2, 4),
(510, 3, 0),
(510, 4, 0),
(510, 5, 0),
(510, 6, 0),
(510, 7, 0),
(510, 8, 0),
(510, 9, 0),
(510, 12, 0),
(510, 31, 0),
(510, 32, 0),
(510, 34, 0),
(510, 36, 0),
(510, 37, 0),
(510, 38, 0),
(510, 39, 0),
(511, 1, 18),
(511, 2, 0),
(511, 3, 0),
(511, 4, 0),
(511, 5, 0),
(511, 6, 0),
(511, 7, 0),
(511, 8, 0),
(511, 9, 0),
(511, 12, 0),
(511, 31, 0),
(511, 32, 0),
(511, 34, 0),
(511, 36, 0),
(511, 37, 0),
(511, 38, 0),
(511, 39, 0),
(512, 1, 18),
(512, 2, 0),
(512, 3, 0),
(512, 4, 0),
(512, 5, 0),
(512, 6, 0),
(512, 7, 0),
(512, 8, 0),
(512, 9, 0),
(512, 12, 0),
(512, 31, 0),
(512, 32, 0),
(512, 34, 0),
(512, 36, 0),
(512, 37, 0),
(512, 38, 0),
(512, 39, 0),
(513, 1, 1),
(513, 2, 0),
(513, 3, 0),
(513, 4, 0),
(513, 5, 0),
(513, 6, 0),
(513, 7, 0),
(513, 8, 0),
(513, 9, 0),
(513, 12, 0),
(513, 31, 0),
(513, 32, 0),
(513, 34, 0),
(513, 36, 0),
(513, 37, 0),
(513, 38, 0),
(513, 39, 0),
(514, 1, 1),
(514, 2, 0),
(514, 3, 0),
(514, 4, 0),
(514, 5, 0),
(514, 6, 0),
(514, 7, 0),
(514, 8, 0),
(514, 9, 0),
(514, 12, 0),
(514, 31, 0),
(514, 32, 0),
(514, 34, 0),
(514, 36, 0),
(514, 37, 0),
(514, 38, 0),
(514, 39, 0),
(515, 1, 0),
(515, 2, 1),
(515, 3, 0),
(515, 4, 0),
(515, 5, 0),
(515, 6, 0),
(515, 7, 0),
(515, 8, 0),
(515, 9, 0),
(515, 12, 0),
(515, 31, 0),
(515, 32, 0),
(515, 34, 0),
(515, 36, 0),
(515, 37, 0),
(515, 38, 0),
(515, 39, 0),
(516, 1, 2),
(516, 2, 0),
(516, 3, 0),
(516, 4, 0),
(516, 5, 0),
(516, 6, 0),
(516, 7, 0),
(516, 8, 0),
(516, 9, 0),
(516, 12, 0),
(516, 31, 0),
(516, 32, 0),
(516, 34, 0),
(516, 36, 0),
(516, 37, 0),
(516, 38, 0),
(516, 39, 0),
(517, 1, 1),
(517, 2, 0),
(517, 3, 0),
(517, 4, 0),
(517, 5, 0),
(517, 6, 0),
(517, 7, 0),
(517, 8, 0),
(517, 9, 0),
(517, 12, 0),
(517, 31, 0),
(517, 32, 0),
(517, 34, 0),
(517, 36, 0),
(517, 37, 0),
(517, 38, 0),
(517, 39, 0),
(518, 1, 0),
(518, 2, 1),
(518, 3, 0),
(518, 4, 0),
(518, 5, 0),
(518, 6, 0),
(518, 7, 0),
(518, 8, 0),
(518, 9, 0),
(518, 12, 0),
(518, 31, 0),
(518, 32, 0),
(518, 34, 0),
(518, 36, 0),
(518, 37, 0),
(518, 38, 0),
(518, 39, 0),
(519, 1, 1),
(519, 2, 0),
(519, 3, 0),
(519, 4, 0),
(519, 5, 0),
(519, 6, 0),
(519, 7, 0),
(519, 8, 0),
(519, 9, 0),
(519, 12, 0),
(519, 31, 0),
(519, 32, 0),
(519, 34, 0),
(519, 36, 0),
(519, 37, 0),
(519, 38, 0),
(519, 39, 0),
(520, 1, 4),
(520, 2, 0),
(520, 3, 3),
(520, 4, 0),
(520, 5, 0),
(520, 6, 0),
(520, 7, 0),
(520, 8, 0),
(520, 9, 0),
(520, 12, 0),
(520, 31, 0),
(520, 32, 0),
(520, 34, 0),
(520, 36, 0),
(520, 37, 0),
(520, 38, 0),
(520, 39, 0),
(521, 1, 1),
(521, 2, 0),
(521, 3, 0),
(521, 4, 0),
(521, 5, 0),
(521, 6, 0),
(521, 7, 0),
(521, 8, 0),
(521, 9, 0),
(521, 12, 0),
(521, 31, 0),
(521, 32, 0),
(521, 34, 0),
(521, 36, 0),
(521, 37, 0),
(521, 38, 0),
(521, 39, 0),
(522, 1, 5),
(522, 2, 0),
(522, 3, 1),
(522, 4, 0),
(522, 5, 0),
(522, 6, 0),
(522, 7, 0),
(522, 8, 0),
(522, 9, 0),
(522, 12, 0),
(522, 31, 0),
(522, 32, 0),
(522, 34, 0),
(522, 36, 0),
(522, 37, 0),
(522, 38, 0),
(522, 39, 0),
(523, 1, 5),
(523, 2, 0),
(523, 3, 0),
(523, 4, 0),
(523, 5, 0),
(523, 6, 0),
(523, 7, 0),
(523, 8, 0),
(523, 9, 0),
(523, 12, 0),
(523, 31, 0),
(523, 32, 0),
(523, 34, 0),
(523, 36, 0),
(523, 37, 0),
(523, 38, 0),
(523, 39, 0),
(524, 1, 23),
(524, 2, 1),
(524, 3, 10),
(524, 4, 0),
(524, 5, 0),
(524, 6, 0),
(524, 7, 0),
(524, 8, 0),
(524, 9, 0),
(524, 12, 0),
(524, 31, 0),
(524, 32, 0),
(524, 34, 0),
(524, 36, 0),
(524, 37, 0),
(524, 38, 0),
(524, 39, 0),
(525, 1, 650),
(525, 2, 0),
(525, 3, 0),
(525, 4, 0),
(525, 5, 0),
(525, 6, 0),
(525, 7, 0),
(525, 8, 143),
(525, 9, 0),
(525, 12, 0),
(525, 31, 0),
(525, 32, 0),
(525, 34, 0),
(525, 36, 0),
(525, 37, 200),
(525, 38, 0),
(525, 39, 0),
(526, 1, 2300),
(526, 2, 0),
(526, 3, 0),
(526, 4, 0),
(526, 5, 0),
(526, 6, 0),
(526, 7, 0),
(526, 8, 86),
(526, 9, 0),
(526, 12, 0),
(526, 31, 0),
(526, 32, 0),
(526, 34, 0),
(526, 36, 0),
(526, 37, 100),
(526, 38, 0),
(526, 39, 0),
(527, 1, 750),
(527, 2, 0),
(527, 3, 0),
(527, 4, 0),
(527, 5, 0),
(527, 6, 0),
(527, 7, 0),
(527, 8, 52),
(527, 9, 0),
(527, 12, 0),
(527, 31, 0),
(527, 32, 0),
(527, 34, 0),
(527, 36, 0),
(527, 37, 50),
(527, 38, 0),
(527, 39, 0),
(528, 1, 0),
(528, 2, 0),
(528, 3, 0),
(528, 4, 0),
(528, 5, 0),
(528, 6, 0),
(528, 7, 0),
(528, 8, 1),
(528, 9, 0),
(528, 12, 0),
(528, 31, 0),
(528, 32, 0),
(528, 34, 0),
(528, 36, 0),
(528, 37, 50),
(528, 38, 0),
(528, 39, 0),
(529, 1, 0),
(529, 2, 0),
(529, 3, 0),
(529, 4, 0),
(529, 5, 0),
(529, 6, 0),
(529, 7, 0),
(529, 8, 0),
(529, 9, 0),
(529, 12, 0),
(529, 31, 0),
(529, 32, 0),
(529, 34, 0),
(529, 36, 0),
(529, 37, 0),
(529, 38, 0),
(529, 39, 0),
(530, 1, 50),
(530, 2, 0),
(530, 3, 0),
(530, 4, 0),
(530, 5, 0),
(530, 6, 0),
(530, 7, 0),
(530, 8, 20),
(530, 9, 0),
(530, 12, 0),
(530, 31, 0),
(530, 32, 0),
(530, 34, 0),
(530, 36, 0),
(530, 37, 52),
(530, 38, 0),
(530, 39, 0),
(531, 1, 122),
(531, 2, 0),
(531, 3, 25),
(531, 4, 0),
(531, 5, 0),
(531, 6, 0),
(531, 7, 0),
(531, 8, 42),
(531, 9, 0),
(531, 12, 0),
(531, 31, 0),
(531, 32, 0),
(531, 34, 0),
(531, 36, 0),
(531, 37, 60),
(531, 38, 0),
(531, 39, 0),
(532, 1, 41),
(532, 2, 0),
(532, 3, 0),
(532, 4, 0),
(532, 5, 0),
(532, 6, 0),
(532, 7, 0),
(532, 8, 0),
(532, 9, 0),
(532, 12, 0),
(532, 31, 0),
(532, 32, 0),
(532, 34, 0),
(532, 36, 0),
(532, 37, 25),
(532, 38, 0),
(532, 39, 0),
(533, 1, 43),
(533, 2, 0),
(533, 3, 0),
(533, 4, 0),
(533, 5, 0),
(533, 6, 0),
(533, 7, 0),
(533, 8, 0),
(533, 9, 0),
(533, 12, 0),
(533, 31, 0),
(533, 32, 0),
(533, 34, 0),
(533, 36, 0),
(533, 37, 25),
(533, 38, 0),
(533, 39, 0),
(534, 1, 51),
(534, 2, 0),
(534, 3, 0),
(534, 4, 0),
(534, 5, 0),
(534, 6, 0),
(534, 7, 0),
(534, 8, 26),
(534, 9, 0),
(534, 12, 0),
(534, 31, 0),
(534, 32, 0),
(534, 34, 0),
(534, 36, 0),
(534, 37, 26),
(534, 38, 0),
(534, 39, 0),
(535, 1, 50),
(535, 2, 0),
(535, 3, 0),
(535, 4, 0),
(535, 5, 0),
(535, 6, 0),
(535, 7, 0),
(535, 8, 0),
(535, 9, 0),
(535, 12, 0),
(535, 31, 0),
(535, 32, 0),
(535, 34, 0),
(535, 36, 0),
(535, 37, 50),
(535, 38, 0),
(535, 39, 0),
(536, 1, 25),
(536, 2, 0),
(536, 3, 0),
(536, 4, 0),
(536, 5, 0),
(536, 6, 0),
(536, 7, 0),
(536, 8, 40),
(536, 9, 0),
(536, 12, 0),
(536, 31, 0),
(536, 32, 0),
(536, 34, 0),
(536, 36, 0),
(536, 37, 50),
(536, 38, 0),
(536, 39, 0),
(537, 1, 25),
(537, 2, 0),
(537, 3, 0),
(537, 4, 0),
(537, 5, 0),
(537, 6, 0),
(537, 7, 0),
(537, 8, 20),
(537, 9, 0),
(537, 12, 0),
(537, 31, 0),
(537, 32, 0),
(537, 34, 0),
(537, 36, 0),
(537, 37, 26),
(537, 38, 0),
(537, 39, 0),
(538, 1, 40),
(538, 2, 0),
(538, 3, 0),
(538, 4, 0),
(538, 5, 0),
(538, 6, 0),
(538, 7, 0),
(538, 8, 0),
(538, 9, 0),
(538, 12, 0),
(538, 31, 0),
(538, 32, 0),
(538, 34, 0),
(538, 36, 0),
(538, 37, 25),
(538, 38, 0),
(538, 39, 0),
(539, 1, 25),
(539, 2, 0),
(539, 3, 0),
(539, 4, 0),
(539, 5, 0),
(539, 6, 0),
(539, 7, 0),
(539, 8, 0),
(539, 9, 0),
(539, 12, 0),
(539, 31, 0),
(539, 32, 0),
(539, 34, 0),
(539, 36, 0),
(539, 37, 25),
(539, 38, 0),
(539, 39, 0),
(540, 1, 87),
(540, 2, 0),
(540, 3, 0),
(540, 4, 0),
(540, 5, 0),
(540, 6, 0),
(540, 7, 0),
(540, 8, 57),
(540, 9, 0),
(540, 12, 0),
(540, 31, 0),
(540, 32, 0),
(540, 34, 0),
(540, 36, 0),
(540, 37, 50),
(540, 38, 0),
(540, 39, 0),
(541, 1, 926),
(541, 2, 0),
(541, 3, 0),
(541, 4, 0),
(541, 5, 0),
(541, 6, 0),
(541, 7, 0),
(541, 8, 29),
(541, 9, 0),
(541, 12, 0),
(541, 31, 0),
(541, 32, 0),
(541, 34, 0),
(541, 36, 0),
(541, 37, 75),
(541, 38, 0),
(541, 39, 0),
(542, 1, 0),
(542, 2, 0),
(542, 3, 0),
(542, 4, 0),
(542, 5, 0),
(542, 6, 0),
(542, 7, 0),
(542, 8, 0),
(542, 9, 0),
(542, 12, 0),
(542, 31, 0),
(542, 32, 0),
(542, 34, 0),
(542, 36, 0),
(542, 37, 0),
(542, 38, 0),
(542, 39, 0),
(543, 1, 7),
(543, 2, 0),
(543, 3, 0),
(543, 4, 0),
(543, 5, 0),
(543, 6, 0),
(543, 7, 0),
(543, 8, 21),
(543, 9, 0),
(543, 12, 0),
(543, 31, 0),
(543, 32, 0),
(543, 34, 0),
(543, 36, 0),
(543, 37, 75),
(543, 38, 0),
(543, 39, 0),
(544, 1, 0),
(544, 2, 0),
(544, 3, 0),
(544, 4, 0),
(544, 5, 0),
(544, 6, 0),
(544, 7, 0),
(544, 8, 0),
(544, 9, 0),
(544, 12, 0),
(545, 1, 40),
(545, 2, 0),
(545, 3, 0),
(545, 4, 0),
(545, 5, 0),
(545, 6, 0),
(545, 7, 0),
(545, 8, 20),
(545, 9, 0),
(545, 12, 0),
(545, 31, 0),
(545, 32, 0),
(545, 34, 0),
(545, 36, 0),
(545, 37, 25),
(545, 38, 0),
(545, 39, 0),
(546, 1, 25),
(546, 2, 0),
(546, 3, 0),
(546, 4, 0),
(546, 5, 0),
(546, 6, 0),
(546, 7, 0),
(546, 8, 20),
(546, 9, 0),
(546, 12, 0),
(546, 31, 0),
(546, 32, 0),
(546, 34, 0),
(546, 36, 0),
(546, 37, 26),
(546, 38, 0),
(546, 39, 0),
(547, 1, 25),
(547, 2, 0),
(547, 3, 0),
(547, 4, 0),
(547, 5, 0),
(547, 6, 0),
(547, 7, 0),
(547, 8, 20),
(547, 9, 0),
(547, 12, 0),
(547, 31, 0),
(547, 32, 0),
(547, 34, 0),
(547, 36, 0),
(547, 37, 26),
(547, 38, 0),
(547, 39, 0),
(548, 1, 165),
(548, 2, 0),
(548, 3, 0),
(548, 4, 0),
(548, 5, 0),
(548, 6, 0),
(548, 7, 0),
(548, 8, 19),
(548, 9, 0),
(548, 12, 0),
(548, 31, 0),
(548, 32, 0),
(548, 34, 0),
(548, 36, 0),
(548, 37, 18),
(548, 38, 0),
(548, 39, 0),
(549, 1, 163),
(549, 2, 0),
(549, 3, 0),
(549, 4, 0),
(549, 5, 0),
(549, 6, 0),
(549, 7, 0),
(549, 8, 19),
(549, 9, 0),
(549, 12, 0),
(549, 31, 0),
(549, 32, 0),
(549, 34, 0),
(549, 36, 0),
(549, 37, 18),
(549, 38, 0),
(549, 39, 0),
(550, 1, 0),
(550, 2, 0),
(550, 3, 0),
(550, 4, 0),
(550, 5, 0),
(550, 6, 0),
(550, 7, 0),
(550, 8, 0),
(550, 9, 0),
(550, 12, 0),
(550, 31, 0),
(550, 32, 0),
(550, 34, 0),
(550, 36, 0),
(550, 37, 0),
(550, 38, 0),
(550, 39, 0),
(551, 1, 0),
(551, 2, 0),
(551, 3, 0),
(551, 4, 0),
(551, 5, 0),
(551, 6, 0),
(551, 7, 0),
(551, 8, 0),
(551, 9, 0),
(551, 12, 0),
(551, 31, 0),
(551, 32, 0),
(551, 34, 0),
(551, 36, 0),
(551, 37, 0),
(551, 38, 0),
(551, 39, 0),
(552, 1, 0),
(552, 2, 0),
(552, 3, 0),
(552, 4, 0),
(552, 5, 0),
(552, 6, 0),
(552, 7, 0),
(552, 8, 0),
(552, 9, 0),
(552, 12, 0),
(552, 31, 0),
(552, 32, 0),
(552, 34, 0),
(552, 36, 0),
(552, 37, 0),
(552, 38, 0),
(552, 39, 0),
(553, 1, 0),
(553, 2, 0),
(553, 3, 0),
(553, 4, 0),
(553, 5, 0),
(553, 6, 0),
(553, 7, 0),
(553, 8, 0),
(553, 9, 0),
(553, 12, 0),
(553, 31, 0),
(553, 32, 0),
(553, 34, 0),
(553, 36, 0),
(553, 37, 0),
(553, 38, 0),
(553, 39, 0),
(554, 1, 50),
(554, 2, 0),
(554, 3, 0),
(554, 4, 0),
(554, 5, 0),
(554, 6, 0),
(554, 7, 0),
(554, 8, 0),
(554, 9, 0),
(554, 12, 0),
(554, 31, 0),
(554, 32, 0),
(554, 34, 0),
(554, 36, 0),
(554, 37, 25),
(554, 38, 0),
(554, 39, 0),
(555, 1, 50),
(555, 2, 0),
(555, 3, 0),
(555, 4, 0),
(555, 5, 0),
(555, 6, 0),
(555, 7, 0),
(555, 8, 0),
(555, 9, 0),
(555, 12, 0),
(555, 31, 0),
(555, 32, 0),
(555, 34, 0),
(555, 36, 0),
(555, 37, 25),
(555, 38, 0),
(555, 39, 0),
(556, 1, 40),
(556, 2, 0),
(556, 3, 0),
(556, 4, 0),
(556, 5, 0),
(556, 6, 0),
(556, 7, 0),
(556, 8, 0),
(556, 9, 0),
(556, 12, 0),
(556, 31, 0),
(556, 32, 0),
(556, 34, 0),
(556, 36, 0),
(556, 37, 25),
(556, 38, 0),
(556, 39, 0),
(557, 1, 0),
(557, 2, 0),
(557, 3, 0),
(557, 4, 0),
(557, 5, 0),
(557, 6, 0),
(557, 7, 0),
(557, 8, 0),
(557, 9, 0),
(557, 12, 0),
(557, 31, 0),
(557, 32, 0),
(557, 34, 0),
(557, 36, 0),
(557, 37, 0);
INSERT INTO `stock_almacen` (`id_producto`, `id_almacen`, `stock`) VALUES
(557, 38, 0),
(557, 39, 0),
(558, 1, 0),
(558, 2, 0),
(558, 3, 0),
(558, 4, 0),
(558, 5, 0),
(558, 6, 0),
(558, 7, 0),
(558, 8, 0),
(558, 9, 0),
(558, 12, 0),
(558, 31, 0),
(558, 32, 0),
(558, 34, 0),
(558, 36, 0),
(558, 37, 0),
(558, 38, 0),
(558, 39, 0),
(559, 1, 0),
(559, 2, 0),
(559, 3, 0),
(559, 4, 0),
(559, 5, 0),
(559, 6, 0),
(559, 7, 0),
(559, 8, 0),
(559, 9, 0),
(559, 12, 0),
(559, 31, 0),
(559, 32, 0),
(559, 34, 0),
(559, 36, 0),
(559, 37, 0),
(559, 38, 0),
(559, 39, 0),
(560, 1, 30),
(560, 2, 0),
(560, 3, 0),
(560, 4, 0),
(560, 5, 0),
(560, 6, 0),
(560, 7, 0),
(560, 8, 0),
(560, 9, 0),
(560, 12, 0),
(560, 31, 0),
(560, 32, 0),
(560, 34, 0),
(560, 36, 0),
(560, 37, 0),
(560, 38, 0),
(560, 39, 0),
(561, 1, 286),
(561, 2, 3),
(561, 3, 0),
(561, 4, 0),
(561, 5, 0),
(561, 6, 0),
(561, 7, 0),
(561, 8, 80),
(561, 9, 467),
(561, 12, 0),
(561, 31, 0),
(561, 32, 0),
(561, 34, 0),
(561, 36, 0),
(561, 37, 114),
(561, 38, 0),
(561, 39, 0),
(562, 1, 0),
(562, 2, 2),
(562, 3, 0),
(562, 4, 0),
(562, 5, 0),
(562, 6, 0),
(562, 7, 0),
(562, 8, 0),
(562, 9, 0),
(562, 12, 0),
(562, 31, 0),
(562, 32, 0),
(562, 34, 0),
(562, 36, 0),
(562, 37, 0),
(562, 38, 0),
(562, 39, 0),
(563, 1, 3),
(563, 2, 2),
(563, 3, 0),
(563, 4, 0),
(563, 5, 0),
(563, 6, 0),
(563, 7, 0),
(563, 8, 0),
(563, 9, 0),
(563, 12, 0),
(563, 31, 0),
(563, 32, 0),
(563, 34, 0),
(563, 36, 0),
(563, 37, 0),
(563, 38, 0),
(563, 39, 0),
(564, 1, 3),
(564, 2, 1),
(564, 3, 0),
(564, 4, 0),
(564, 5, 0),
(564, 6, 0),
(564, 7, 0),
(564, 8, 0),
(564, 9, 0),
(564, 12, 0),
(564, 31, 0),
(564, 32, 0),
(564, 34, 0),
(564, 36, 0),
(564, 37, 0),
(564, 38, 0),
(564, 39, 0),
(565, 1, 4),
(565, 2, 0),
(565, 3, 0),
(565, 4, 0),
(565, 5, 0),
(565, 6, 0),
(565, 7, 0),
(565, 8, 0),
(565, 9, 0),
(565, 12, 0),
(565, 31, 0),
(565, 32, 0),
(565, 34, 0),
(565, 36, 0),
(565, 37, 0),
(565, 38, 0),
(565, 39, 0),
(566, 1, 2),
(566, 2, 0),
(566, 3, 0),
(566, 4, 0),
(566, 5, 0),
(566, 6, 0),
(566, 7, 0),
(566, 8, 0),
(566, 9, 0),
(566, 12, 0),
(566, 31, 0),
(566, 32, 0),
(566, 34, 0),
(566, 36, 0),
(566, 37, 0),
(566, 38, 0),
(566, 39, 0),
(567, 1, 0),
(567, 2, 1),
(567, 3, 0),
(567, 4, 0),
(567, 5, 0),
(567, 6, 0),
(567, 7, 0),
(567, 8, 0),
(567, 9, 0),
(567, 12, 0),
(567, 31, 0),
(567, 32, 0),
(567, 34, 0),
(567, 36, 0),
(567, 37, 0),
(567, 38, 0),
(567, 39, 0),
(568, 1, 400),
(568, 2, 0),
(568, 3, 0),
(568, 4, 0),
(568, 5, 0),
(568, 6, 0),
(568, 7, 0),
(568, 8, 0),
(568, 9, 0),
(568, 12, 0),
(568, 31, 0),
(568, 32, 0),
(568, 34, 0),
(568, 36, 0),
(568, 37, 0),
(568, 38, 0),
(568, 39, 0),
(569, 1, 2),
(569, 2, 1),
(569, 3, 3),
(569, 4, 0),
(569, 5, 0),
(569, 6, 0),
(569, 7, 0),
(569, 8, 0),
(569, 9, 0),
(569, 12, 0),
(569, 31, 0),
(569, 32, 0),
(569, 34, 0),
(569, 36, 0),
(569, 37, 0),
(569, 38, 0),
(569, 39, 0),
(570, 1, 96),
(570, 2, 3),
(570, 3, 0),
(570, 4, 0),
(570, 5, 0),
(570, 6, 0),
(570, 7, 0),
(570, 8, 22),
(570, 9, 0),
(570, 12, 0),
(570, 31, 0),
(570, 32, 0),
(570, 34, 0),
(570, 36, 0),
(570, 37, 29),
(570, 38, 0),
(570, 39, 0),
(571, 1, 912),
(571, 2, 0),
(571, 3, 0),
(571, 4, 0),
(571, 5, 0),
(571, 6, 0),
(571, 7, 0),
(571, 8, 38),
(571, 9, 0),
(571, 12, 0),
(571, 31, 0),
(571, 32, 0),
(571, 34, 0),
(571, 36, 0),
(571, 37, 50),
(571, 38, 0),
(571, 39, 0),
(572, 1, 2),
(572, 2, 0),
(572, 3, 0),
(572, 4, 0),
(572, 5, 0),
(572, 6, 0),
(572, 7, 0),
(572, 8, 0),
(572, 9, 0),
(572, 12, 0),
(572, 31, 0),
(572, 32, 0),
(572, 34, 0),
(572, 36, 0),
(572, 37, 0),
(572, 38, 0),
(572, 39, 0),
(573, 1, 0),
(573, 2, 1),
(573, 3, 0),
(573, 4, 0),
(573, 5, 0),
(573, 6, 0),
(573, 7, 0),
(573, 8, 0),
(573, 9, 0),
(573, 12, 0),
(573, 31, 0),
(573, 32, 0),
(573, 34, 0),
(573, 36, 0),
(573, 37, 0),
(573, 38, 0),
(573, 39, 0),
(574, 1, 4),
(574, 2, 1),
(574, 3, 0),
(574, 4, 0),
(574, 5, 0),
(574, 6, 0),
(574, 7, 0),
(574, 8, 0),
(574, 9, 0),
(574, 12, 0),
(574, 31, 0),
(574, 32, 0),
(574, 34, 0),
(574, 36, 0),
(574, 37, 0),
(574, 38, 0),
(574, 39, 0),
(575, 1, 0),
(575, 2, 5),
(575, 3, 0),
(575, 4, 0),
(575, 5, 0),
(575, 6, 0),
(575, 7, 0),
(575, 8, 0),
(575, 9, 0),
(575, 12, 0),
(575, 31, 0),
(575, 32, 0),
(575, 34, 0),
(575, 36, 0),
(575, 37, 0),
(575, 38, 0),
(575, 39, 0),
(576, 1, 2),
(576, 2, 3),
(576, 3, 0),
(576, 4, 0),
(576, 5, 0),
(576, 6, 0),
(576, 7, 0),
(576, 8, 0),
(576, 9, 0),
(576, 12, 0),
(576, 31, 0),
(576, 32, 0),
(576, 34, 0),
(576, 36, 0),
(576, 37, 0),
(576, 38, 0),
(576, 39, 0),
(577, 1, 0),
(577, 2, 1),
(577, 3, 1),
(577, 4, 0),
(577, 5, 0),
(577, 6, 0),
(577, 7, 0),
(577, 8, 0),
(577, 9, 0),
(577, 12, 0),
(577, 31, 0),
(577, 32, 0),
(577, 34, 0),
(577, 36, 0),
(577, 37, 0),
(577, 38, 0),
(577, 39, 0),
(578, 1, 5),
(578, 2, 3),
(578, 3, 0),
(578, 4, 0),
(578, 5, 0),
(578, 6, 0),
(578, 7, 0),
(578, 8, 0),
(578, 9, 0),
(578, 12, 0),
(578, 31, 0),
(578, 32, 0),
(578, 34, 0),
(578, 36, 0),
(578, 37, 0),
(578, 38, 0),
(578, 39, 0),
(579, 1, 300),
(579, 2, 100),
(579, 3, 0),
(579, 4, 0),
(579, 5, 0),
(579, 6, 0),
(579, 7, 0),
(579, 8, 0),
(579, 9, 0),
(579, 12, 0),
(579, 31, 0),
(579, 32, 0),
(579, 34, 0),
(579, 36, 0),
(579, 37, 0),
(579, 38, 0),
(579, 39, 0),
(580, 1, 1),
(580, 2, 0),
(580, 3, 0),
(580, 4, 0),
(580, 5, 0),
(580, 6, 0),
(580, 7, 0),
(580, 8, 0),
(580, 9, 0),
(580, 12, 0),
(580, 31, 0),
(580, 32, 0),
(580, 34, 0),
(580, 36, 0),
(580, 37, 0),
(580, 38, 0),
(580, 39, 0),
(581, 1, 5),
(581, 2, 0),
(581, 3, 0),
(581, 4, 0),
(581, 5, 0),
(581, 6, 0),
(581, 7, 0),
(581, 8, 0),
(581, 9, 0),
(581, 12, 0),
(581, 31, 0),
(581, 32, 0),
(581, 34, 0),
(581, 36, 0),
(581, 37, 0),
(581, 38, 0),
(581, 39, 0),
(582, 1, 3),
(582, 2, 0),
(582, 3, 0),
(582, 4, 0),
(582, 5, 0),
(582, 6, 0),
(582, 7, 0),
(582, 8, 0),
(582, 9, 0),
(582, 12, 0),
(582, 31, 0),
(582, 32, 0),
(582, 34, 0),
(582, 36, 0),
(582, 37, 0),
(582, 38, 0),
(582, 39, 0),
(583, 1, 2),
(583, 2, 0),
(583, 3, 0),
(583, 4, 0),
(583, 5, 0),
(583, 6, 0),
(583, 7, 0),
(583, 8, 0),
(583, 9, 0),
(583, 12, 0),
(583, 31, 0),
(583, 32, 0),
(583, 34, 0),
(583, 36, 0),
(583, 37, 0),
(583, 38, 0),
(583, 39, 0),
(584, 1, 2),
(584, 2, 0),
(584, 3, 0),
(584, 4, 0),
(584, 5, 0),
(584, 6, 0),
(584, 7, 0),
(584, 8, 0),
(584, 9, 0),
(584, 12, 0),
(584, 31, 0),
(584, 32, 0),
(584, 34, 0),
(584, 36, 0),
(584, 37, 0),
(584, 38, 0),
(584, 39, 0),
(585, 1, 1),
(585, 2, 1),
(585, 3, 1),
(585, 4, 0),
(585, 5, 0),
(585, 6, 0),
(585, 7, 0),
(585, 8, 0),
(585, 9, 0),
(585, 12, 0),
(585, 31, 0),
(585, 32, 0),
(585, 34, 0),
(585, 36, 0),
(585, 37, 0),
(585, 38, 0),
(585, 39, 0),
(586, 1, 2),
(586, 2, 0),
(586, 3, 0),
(586, 4, 0),
(586, 5, 0),
(586, 6, 0),
(586, 7, 0),
(586, 8, 0),
(586, 9, 0),
(586, 12, 0),
(586, 31, 0),
(586, 32, 0),
(586, 34, 0),
(586, 36, 0),
(586, 37, 0),
(586, 38, 0),
(586, 39, 0),
(587, 1, 2),
(587, 2, 0),
(587, 3, 0),
(587, 4, 0),
(587, 5, 0),
(587, 6, 0),
(587, 7, 0),
(587, 8, 0),
(587, 9, 0),
(587, 12, 0),
(587, 31, 0),
(587, 32, 0),
(587, 34, 0),
(587, 36, 0),
(587, 37, 0),
(587, 38, 0),
(587, 39, 0),
(588, 1, 1),
(588, 2, 0),
(588, 3, 0),
(588, 4, 0),
(588, 5, 0),
(588, 6, 0),
(588, 7, 0),
(588, 8, 0),
(588, 9, 0),
(588, 12, 0),
(588, 31, 0),
(588, 32, 0),
(588, 34, 0),
(588, 36, 0),
(588, 37, 0),
(588, 38, 0),
(588, 39, 0),
(589, 1, 14),
(589, 2, 0),
(589, 3, 1),
(589, 4, 0),
(589, 5, 0),
(589, 6, 0),
(589, 7, 0),
(589, 8, 12),
(589, 9, 0),
(589, 12, 0),
(589, 31, 0),
(589, 32, 0),
(589, 34, 0),
(589, 36, 0),
(589, 37, 22),
(589, 38, 0),
(589, 39, 0),
(590, 1, 30),
(590, 2, 0),
(590, 3, 0),
(590, 4, 0),
(590, 5, 0),
(590, 6, 0),
(590, 7, 0),
(590, 8, 12),
(590, 9, 0),
(590, 12, 0),
(590, 31, 0),
(590, 32, 0),
(590, 34, 0),
(590, 36, 0),
(590, 37, 24),
(590, 38, 0),
(590, 39, 0),
(591, 1, 0),
(591, 2, 0),
(591, 3, 0),
(591, 4, 11),
(591, 5, 0),
(591, 6, 0),
(591, 7, 1),
(591, 8, 0),
(591, 9, 0),
(591, 12, 0),
(591, 31, 0),
(591, 32, 0),
(591, 34, 0),
(591, 36, 0),
(591, 37, 0),
(591, 38, 0),
(591, 39, 0),
(592, 1, 0),
(592, 2, 0),
(592, 3, 0),
(592, 4, 0),
(592, 5, 0),
(592, 6, 0),
(592, 7, 0),
(592, 8, 0),
(592, 9, 0),
(592, 12, 0),
(592, 31, 0),
(592, 32, 0),
(592, 34, 0),
(592, 36, 0),
(592, 37, 0),
(592, 38, 0),
(592, 39, 0),
(593, 1, 0),
(593, 2, 0),
(593, 3, 0),
(593, 4, 0),
(593, 5, 0),
(593, 6, 0),
(593, 7, 0),
(593, 8, 0),
(593, 9, 0),
(593, 12, 0),
(593, 31, 0),
(593, 32, 0),
(593, 34, 0),
(593, 36, 0),
(593, 37, 0),
(593, 38, 0),
(593, 39, 0),
(594, 1, 0),
(594, 2, 0),
(594, 3, 0),
(594, 4, 0),
(594, 5, 0),
(594, 6, 0),
(594, 7, 0),
(594, 8, 0),
(594, 9, 0),
(594, 12, 0),
(594, 31, 0),
(594, 32, 0),
(594, 34, 0),
(594, 36, 0),
(594, 37, 0),
(594, 38, 0),
(594, 39, 0),
(595, 1, 10),
(595, 2, 0),
(595, 3, 0),
(595, 4, 0),
(595, 5, 0),
(595, 6, 0),
(595, 7, 0),
(595, 8, 0),
(595, 9, 0),
(595, 12, 0),
(595, 31, 0),
(595, 32, 0),
(595, 34, 0),
(595, 36, 0),
(595, 37, 0),
(595, 38, 0),
(595, 39, 0),
(596, 1, 1),
(596, 2, 2),
(596, 3, 0),
(596, 4, 0),
(596, 5, 0),
(596, 6, 0),
(596, 7, 0),
(596, 8, 0),
(596, 9, 0),
(596, 12, 0),
(596, 31, 0),
(596, 32, 0),
(596, 34, 0),
(596, 36, 0),
(596, 37, 0),
(596, 38, 0),
(596, 39, 0),
(597, 1, 2),
(597, 2, 1),
(597, 3, 0),
(597, 4, 0),
(597, 5, 0),
(597, 6, 0),
(597, 7, 0),
(597, 8, 0),
(597, 9, 0),
(597, 12, 0),
(597, 31, 0),
(597, 32, 0),
(597, 34, 0),
(597, 36, 0),
(597, 37, 0),
(597, 38, 0),
(597, 39, 0),
(598, 1, 2),
(598, 2, 1),
(598, 3, 0),
(598, 4, 0),
(598, 5, 0),
(598, 6, 0),
(598, 7, 0),
(598, 8, 0),
(598, 9, 0),
(598, 12, 0),
(598, 31, 0),
(598, 32, 0),
(598, 34, 0),
(598, 36, 0),
(598, 37, 0),
(598, 38, 0),
(598, 39, 0),
(599, 1, 2),
(599, 2, 1),
(599, 3, 0),
(599, 4, 0),
(599, 5, 0),
(599, 6, 0),
(599, 7, 0),
(599, 8, 0),
(599, 9, 0),
(599, 12, 0),
(599, 31, 0),
(599, 32, 0),
(599, 34, 0),
(599, 36, 0),
(599, 37, 0),
(599, 38, 0),
(599, 39, 0),
(600, 1, 0),
(600, 2, 0),
(600, 3, 1),
(600, 4, 0),
(600, 5, 0),
(600, 6, 0),
(600, 7, 0),
(600, 8, 0),
(600, 9, 0),
(600, 12, 0),
(600, 31, 0),
(600, 32, 0),
(600, 34, 0),
(600, 36, 0),
(600, 37, 0),
(600, 38, 0),
(600, 39, 0),
(601, 1, 3),
(601, 2, 2),
(601, 3, 0),
(601, 4, 0),
(601, 5, 0),
(601, 6, 0),
(601, 7, 0),
(601, 8, 0),
(601, 9, 0),
(601, 12, 0),
(601, 31, 0),
(601, 32, 0),
(601, 34, 0),
(601, 36, 0),
(601, 37, 0),
(601, 38, 0),
(601, 39, 0),
(602, 1, 1000),
(602, 2, 0),
(602, 3, 0),
(602, 4, 0),
(602, 5, 0),
(602, 6, 0),
(602, 7, 0),
(602, 8, 0),
(602, 9, 0),
(602, 12, 0),
(602, 31, 0),
(602, 32, 0),
(602, 34, 0),
(602, 36, 0),
(602, 37, 0),
(602, 38, 0),
(602, 39, 0),
(603, 1, 2000),
(603, 2, 0),
(603, 3, 0),
(603, 4, 0),
(603, 5, 0),
(603, 6, 0),
(603, 7, 0),
(603, 8, 0),
(603, 9, 0),
(603, 12, 0),
(603, 31, 0),
(603, 32, 0),
(603, 34, 0),
(603, 36, 0),
(603, 37, 0),
(603, 38, 0),
(603, 39, 0),
(604, 1, 400),
(604, 2, 0),
(604, 3, 0),
(604, 4, 0),
(604, 5, 0),
(604, 6, 0),
(604, 7, 0),
(604, 8, 0),
(604, 9, 0),
(604, 12, 0),
(604, 31, 0),
(604, 32, 0),
(604, 34, 0),
(604, 36, 0),
(604, 37, 0),
(604, 38, 0),
(604, 39, 0),
(605, 1, 0),
(605, 2, 0),
(605, 3, 0),
(605, 4, 0),
(605, 5, 0),
(605, 6, 0),
(605, 7, 0),
(605, 8, 0),
(605, 9, 0),
(605, 12, 0),
(605, 31, 0),
(605, 32, 0),
(605, 34, 0),
(605, 36, 0),
(605, 37, 47),
(605, 38, 0),
(605, 39, 0),
(606, 1, 0),
(606, 2, 0),
(606, 3, 0),
(606, 4, 0),
(606, 5, 0),
(606, 6, 0),
(606, 7, 0),
(606, 8, 0),
(606, 9, 0),
(606, 12, 0),
(606, 31, 0),
(606, 32, 0),
(606, 34, 0),
(606, 36, 0),
(606, 37, 29),
(606, 38, 0),
(606, 39, 0),
(607, 1, 0),
(607, 2, 0),
(607, 3, 0),
(607, 4, 0),
(607, 5, 0),
(607, 6, 0),
(607, 7, 0),
(607, 8, 0),
(607, 9, 0),
(607, 12, 0),
(607, 31, 0),
(607, 32, 0),
(607, 34, 0),
(607, 36, 0),
(607, 37, 0),
(607, 38, 0),
(607, 39, 0),
(608, 1, 0),
(608, 2, 0),
(608, 3, 0),
(608, 4, 0),
(608, 5, 0),
(608, 6, 0),
(608, 7, 0),
(608, 8, 0),
(608, 9, 0),
(608, 12, 0),
(608, 31, 0),
(608, 32, 0),
(608, 34, 0),
(608, 36, 0),
(608, 37, 0),
(608, 38, 0),
(608, 39, 0),
(609, 1, 0),
(609, 2, 0),
(609, 3, 0),
(609, 4, 0),
(609, 5, 0),
(609, 6, 0),
(609, 7, 0),
(609, 8, 0),
(609, 9, 0),
(609, 12, 0),
(609, 31, 0),
(609, 32, 0),
(609, 34, 0),
(609, 36, 0),
(609, 37, 0),
(609, 38, 0),
(609, 39, 0),
(610, 1, 0),
(610, 2, 0),
(610, 3, 0),
(610, 4, 0),
(610, 5, 0),
(610, 6, 0),
(610, 7, 0),
(610, 8, 0),
(610, 9, 0),
(610, 12, 0),
(610, 31, 0),
(610, 32, 0),
(610, 34, 0),
(610, 36, 0),
(610, 37, 0),
(610, 38, 0),
(610, 39, 0),
(611, 1, 0),
(611, 2, 0),
(611, 3, 0),
(611, 4, 0),
(611, 5, 0),
(611, 6, 0),
(611, 7, 0),
(611, 8, 0),
(611, 9, 0),
(611, 12, 0),
(611, 31, 0),
(611, 32, 0),
(611, 34, 0),
(611, 36, 0),
(611, 37, 0),
(611, 38, 0),
(611, 39, 0),
(612, 1, 0),
(612, 2, 0),
(612, 3, 0),
(612, 4, 0),
(612, 5, 0),
(612, 6, 0),
(612, 7, 0),
(612, 8, 0),
(612, 9, 0),
(612, 12, 0),
(612, 31, 0),
(612, 32, 0),
(612, 34, 0),
(612, 36, 0),
(612, 37, 0),
(612, 38, 0),
(612, 39, 0),
(613, 1, 0),
(613, 2, 0),
(613, 3, 0),
(613, 4, 0),
(613, 5, 0),
(613, 6, 0),
(613, 7, 0),
(613, 8, 0),
(613, 9, 0),
(613, 12, 0),
(613, 31, 0),
(613, 32, 0),
(613, 34, 0),
(613, 36, 0),
(613, 37, 0),
(613, 38, 0),
(613, 39, 0),
(614, 1, 0),
(614, 2, 0),
(614, 3, 0),
(614, 4, 0),
(614, 5, 0),
(614, 6, 0),
(614, 7, 0),
(614, 8, 0),
(614, 9, 0),
(614, 12, 0),
(614, 31, 0),
(614, 32, 0),
(614, 34, 0),
(614, 36, 0),
(614, 37, 0),
(614, 38, 0),
(614, 39, 0),
(615, 1, 0),
(615, 2, 0),
(615, 3, 0),
(615, 4, 0),
(615, 5, 0),
(615, 6, 0),
(615, 7, 0),
(615, 8, 0),
(615, 9, 0),
(615, 12, 0),
(615, 31, 0),
(615, 32, 0),
(615, 34, 0),
(615, 36, 0),
(615, 37, 0),
(615, 38, 0),
(615, 39, 0),
(616, 1, 0),
(616, 2, 0),
(616, 3, 0),
(616, 4, 0),
(616, 5, 0),
(616, 6, 0),
(616, 7, 0),
(616, 8, 0),
(616, 9, 0),
(616, 12, 0),
(616, 31, 0),
(616, 32, 0),
(616, 34, 0),
(616, 36, 0),
(616, 37, 0),
(616, 38, 0),
(616, 39, 0),
(617, 1, 0),
(617, 2, 0),
(617, 3, 0),
(617, 4, 0),
(617, 5, 0),
(617, 6, 0),
(617, 7, 0),
(617, 8, 0),
(617, 9, 0),
(617, 12, 0),
(617, 31, 0),
(617, 32, 0),
(617, 34, 0),
(617, 36, 0),
(617, 37, 0),
(617, 38, 0),
(617, 39, 0),
(618, 1, 0),
(618, 2, 0),
(618, 3, 0),
(618, 4, 0),
(618, 5, 0),
(618, 6, 0),
(618, 7, 0),
(618, 8, 0),
(618, 9, 0),
(618, 12, 0),
(618, 31, 0),
(618, 32, 0),
(618, 34, 0),
(618, 36, 0),
(618, 37, 0),
(618, 38, 0),
(618, 39, 0),
(619, 1, 0),
(619, 2, 0),
(619, 3, 0),
(619, 4, 0),
(619, 5, 0),
(619, 6, 0),
(619, 7, 0),
(619, 8, 0),
(619, 9, 0),
(619, 12, 0),
(619, 31, 0),
(619, 32, 0),
(619, 34, 0),
(619, 36, 0),
(619, 37, 0),
(619, 38, 0),
(619, 39, 0),
(620, 1, 0),
(620, 2, 0),
(620, 3, 0),
(620, 4, 0),
(620, 5, 0),
(620, 6, 0),
(620, 7, 0),
(620, 8, 0),
(620, 9, 0),
(620, 12, 0),
(620, 31, 0),
(620, 32, 0),
(620, 34, 0),
(620, 36, 0),
(620, 37, 0),
(620, 38, 0),
(620, 39, 0),
(621, 1, 0),
(621, 2, 0),
(621, 3, 0),
(621, 4, 0),
(621, 5, 0),
(621, 6, 0),
(621, 7, 0),
(621, 8, 0),
(621, 9, 0),
(621, 12, 0),
(621, 31, 0),
(621, 32, 0),
(621, 34, 0),
(621, 36, 0),
(621, 37, 0),
(621, 38, 0),
(621, 39, 0),
(622, 1, 0),
(622, 2, 0),
(622, 3, 0),
(622, 4, 0),
(622, 5, 0),
(622, 6, 0),
(622, 7, 0),
(622, 8, 0),
(622, 9, 0),
(622, 12, 0),
(622, 31, 0),
(622, 32, 0),
(622, 34, 0),
(622, 36, 0),
(622, 37, 0),
(622, 38, 0),
(622, 39, 0),
(623, 1, 0),
(623, 2, 0),
(623, 3, 0),
(623, 4, 0),
(623, 5, 0),
(623, 6, 0),
(623, 7, 0),
(623, 8, 0),
(623, 9, 0),
(623, 12, 0),
(623, 31, 0),
(623, 32, 0),
(623, 34, 0),
(623, 36, 0),
(623, 37, 0),
(623, 38, 0),
(623, 39, 0),
(624, 1, 6),
(624, 2, 0),
(624, 3, 0),
(624, 4, 0),
(624, 5, 0),
(624, 6, 0),
(624, 7, 0),
(624, 8, 0),
(624, 9, 0),
(624, 12, 0),
(624, 31, 0),
(624, 32, 0),
(624, 34, 0),
(624, 36, 0),
(624, 37, 25),
(624, 38, 0),
(624, 39, 0),
(625, 1, 8),
(625, 2, 0),
(625, 3, 0),
(625, 4, 0),
(625, 5, 0),
(625, 6, 0),
(625, 7, 0),
(625, 8, 0),
(625, 9, 0),
(625, 12, 0),
(625, 31, 0),
(625, 32, 0),
(625, 34, 0),
(625, 36, 0),
(625, 37, 25),
(625, 38, 0),
(625, 39, 0),
(626, 1, 0),
(626, 2, 0),
(626, 3, 0),
(626, 4, 0),
(626, 5, 0),
(626, 6, 0),
(626, 7, 0),
(626, 8, 0),
(626, 9, 0),
(626, 12, 0),
(626, 31, 0),
(626, 32, 0),
(626, 34, 0),
(626, 36, 0),
(626, 37, 0),
(626, 38, 0),
(626, 39, 0),
(627, 1, 0),
(627, 2, 0),
(627, 3, 0),
(627, 4, 0),
(627, 5, 0),
(627, 6, 0),
(627, 7, 0),
(627, 8, 0),
(627, 9, 0),
(627, 12, 0),
(627, 31, 0),
(627, 32, 0),
(627, 34, 0),
(627, 36, 0),
(627, 37, 29),
(627, 38, 0),
(627, 39, 0),
(628, 1, 0),
(628, 2, 1),
(628, 3, 0),
(628, 4, 0),
(628, 5, 0),
(628, 6, 0),
(628, 7, 0),
(628, 8, 0),
(628, 9, 0),
(628, 12, 0),
(628, 31, 0),
(628, 32, 0),
(628, 34, 0),
(628, 36, 0),
(628, 37, 0),
(628, 38, 0),
(628, 39, 0),
(629, 1, 3),
(629, 2, 0),
(629, 3, 1),
(629, 4, 0),
(629, 5, 0),
(629, 6, 0),
(629, 7, 0),
(629, 8, 0),
(629, 9, 0),
(629, 12, 0),
(629, 31, 0),
(629, 32, 0),
(629, 34, 0),
(629, 36, 0),
(629, 37, 0),
(629, 38, 0),
(629, 39, 0),
(630, 1, 4),
(630, 2, 0),
(630, 3, 0),
(630, 4, 0),
(630, 5, 0),
(630, 6, 0),
(630, 7, 0),
(630, 8, 0),
(630, 9, 0),
(630, 12, 0),
(630, 31, 0),
(630, 32, 0),
(630, 34, 0),
(630, 36, 0),
(630, 37, 0),
(630, 38, 0),
(630, 39, 0),
(631, 1, 4),
(631, 2, 0),
(631, 3, 0),
(631, 4, 0),
(631, 5, 0),
(631, 6, 0),
(631, 7, 0),
(631, 8, 0),
(631, 9, 0),
(631, 12, 0),
(631, 31, 0),
(631, 32, 0),
(631, 34, 0),
(631, 36, 0),
(631, 37, 0),
(631, 38, 0),
(631, 39, 0),
(632, 1, 2),
(632, 2, 1),
(632, 3, 0),
(632, 4, 0),
(632, 5, 0),
(632, 6, 0),
(632, 7, 0),
(632, 8, 0),
(632, 9, 0),
(632, 12, 0),
(632, 31, 0),
(632, 32, 0),
(632, 34, 0),
(632, 36, 0),
(632, 37, 0),
(632, 38, 0),
(632, 39, 0),
(633, 1, 3),
(633, 2, 2),
(633, 3, 0),
(633, 4, 0),
(633, 5, 0),
(633, 6, 0),
(633, 7, 0),
(633, 8, 0),
(633, 9, 0),
(633, 12, 0),
(633, 31, 0),
(633, 32, 0),
(633, 34, 0),
(633, 36, 0),
(633, 37, 0),
(633, 38, 0),
(633, 39, 0),
(634, 1, 1),
(634, 2, 1),
(634, 3, 0),
(634, 4, 0),
(634, 5, 0),
(634, 6, 0),
(634, 7, 0),
(634, 8, 0),
(634, 9, 0),
(634, 12, 0),
(634, 31, 0),
(634, 32, 0),
(634, 34, 0),
(634, 36, 0),
(634, 37, 0),
(634, 38, 0),
(634, 39, 0),
(635, 1, 2),
(635, 2, 0),
(635, 3, 0),
(635, 4, 0),
(635, 5, 0),
(635, 6, 0),
(635, 7, 0),
(635, 8, 0),
(635, 9, 0),
(635, 12, 0),
(635, 31, 0),
(635, 32, 0),
(635, 34, 0),
(635, 36, 0),
(635, 37, 0),
(635, 38, 0),
(635, 39, 0),
(636, 1, 4),
(636, 2, 0),
(636, 3, 0),
(636, 4, 0),
(636, 5, 0),
(636, 6, 0),
(636, 7, 0),
(636, 8, 0),
(636, 9, 0),
(636, 12, 0),
(636, 31, 0),
(636, 32, 0),
(636, 34, 0),
(636, 36, 0),
(636, 37, 0),
(636, 38, 0),
(636, 39, 0),
(637, 1, 0),
(637, 2, 1),
(637, 3, 0),
(637, 4, 0),
(637, 5, 0),
(637, 6, 0),
(637, 7, 0),
(637, 8, 0),
(637, 9, 0),
(637, 12, 0),
(637, 31, 0),
(637, 32, 0),
(637, 34, 0),
(637, 36, 0),
(637, 37, 0),
(637, 38, 0),
(637, 39, 0),
(638, 1, 8),
(638, 2, 0),
(638, 3, 0),
(638, 4, 0),
(638, 5, 0),
(638, 6, 0),
(638, 7, 0),
(638, 8, 0),
(638, 9, 0),
(638, 12, 0),
(638, 31, 0),
(638, 32, 0),
(638, 34, 0),
(638, 36, 0),
(638, 37, 0),
(638, 38, 0),
(638, 39, 0),
(639, 1, 9),
(639, 2, 0),
(639, 3, 0),
(639, 4, 0),
(639, 5, 0),
(639, 6, 0),
(639, 7, 0),
(639, 8, 0),
(639, 9, 0),
(639, 12, 0),
(639, 31, 0),
(639, 32, 0),
(639, 34, 0),
(639, 36, 0),
(639, 37, 0),
(639, 38, 0),
(639, 39, 0),
(640, 1, 9),
(640, 2, 0),
(640, 3, 0),
(640, 4, 0),
(640, 5, 0),
(640, 6, 0),
(640, 7, 0),
(640, 8, 0),
(640, 9, 0),
(640, 12, 0),
(640, 31, 0),
(640, 32, 0),
(640, 34, 0),
(640, 36, 0),
(640, 37, 0),
(640, 38, 0),
(640, 39, 0),
(641, 1, 2),
(641, 2, 1),
(641, 3, 0),
(641, 4, 0),
(641, 5, 0),
(641, 6, 0),
(641, 7, 0),
(641, 8, 0),
(641, 9, 0),
(641, 12, 0),
(641, 31, 0),
(641, 32, 0),
(641, 34, 0),
(641, 36, 0),
(641, 37, 0),
(641, 38, 0),
(641, 39, 0),
(642, 1, 0),
(642, 2, 1),
(642, 3, 0),
(642, 4, 0),
(642, 5, 0),
(642, 6, 0),
(642, 7, 0),
(642, 8, 0),
(642, 9, 0),
(642, 12, 0),
(642, 31, 0),
(642, 32, 0),
(642, 34, 0),
(642, 36, 0),
(642, 37, 0),
(642, 38, 0),
(642, 39, 0),
(643, 1, 0),
(643, 2, 0),
(643, 3, 0),
(643, 4, 0),
(643, 5, 0),
(643, 6, 0),
(643, 7, 0),
(643, 8, 0),
(643, 9, 0),
(643, 12, 0),
(643, 31, 0),
(643, 32, 0),
(643, 34, 0),
(643, 36, 0),
(643, 37, 100),
(643, 38, 0),
(643, 39, 0),
(644, 1, 4),
(644, 2, 1),
(644, 3, 0),
(644, 4, 0),
(644, 5, 0),
(644, 6, 0),
(644, 7, 0),
(644, 8, 0),
(644, 9, 0),
(644, 12, 0),
(644, 31, 0),
(644, 32, 0),
(644, 34, 0),
(644, 36, 0),
(644, 37, 0),
(644, 38, 0),
(644, 39, 0),
(645, 1, 0),
(645, 2, 1),
(645, 3, 0),
(645, 4, 0),
(645, 5, 0),
(645, 6, 0),
(645, 7, 0),
(645, 8, 0),
(645, 9, 0),
(645, 12, 0),
(645, 31, 0),
(645, 32, 0),
(645, 34, 0),
(645, 36, 0),
(645, 37, 0),
(645, 38, 0),
(645, 39, 0),
(646, 1, 0),
(646, 2, 10),
(646, 3, 0),
(646, 4, 0),
(646, 5, 0),
(646, 6, 0),
(646, 7, 0),
(646, 8, 0),
(646, 9, 0),
(646, 12, 0),
(646, 31, 0),
(646, 32, 0),
(646, 34, 0),
(646, 36, 0),
(646, 37, 0),
(646, 38, 0),
(646, 39, 0),
(647, 1, 10),
(647, 2, 0),
(647, 3, 0),
(647, 4, 0),
(647, 5, 0),
(647, 6, 0),
(647, 7, 0),
(647, 8, 0),
(647, 9, 0),
(647, 12, 0),
(649, 1, 0),
(649, 2, 10),
(649, 3, 0),
(649, 4, 0),
(649, 5, 0),
(649, 6, 0),
(649, 7, 0),
(649, 8, 0),
(649, 9, 0),
(649, 12, 0),
(649, 31, 0),
(649, 32, 0),
(649, 34, 0),
(649, 36, 0),
(649, 37, 0),
(649, 38, 0),
(649, 39, 0),
(650, 1, 5),
(650, 2, 0),
(650, 3, 0),
(650, 4, 0),
(650, 5, 0),
(650, 6, 0),
(650, 7, 0),
(650, 8, 0),
(650, 9, 0),
(650, 12, 0),
(650, 31, 0),
(650, 32, 0),
(650, 34, 0),
(650, 36, 0),
(650, 37, 0),
(650, 38, 0),
(650, 39, 0),
(651, 1, 3),
(651, 2, 0),
(651, 3, 0),
(651, 4, 0),
(651, 5, 0),
(651, 6, 0),
(651, 7, 0),
(651, 8, 0),
(651, 9, 0),
(651, 12, 0),
(651, 31, 0),
(651, 32, 0),
(651, 34, 0),
(651, 36, 0),
(651, 37, 0),
(651, 38, 0),
(651, 39, 0),
(652, 1, 3),
(652, 2, 0),
(652, 3, 0),
(652, 4, 0),
(652, 5, 0),
(652, 6, 0),
(652, 7, 0),
(652, 8, 0),
(652, 9, 0),
(652, 12, 0),
(652, 31, 0),
(652, 32, 0),
(652, 34, 0),
(652, 36, 0),
(652, 37, 0),
(652, 38, 0),
(652, 39, 0),
(653, 1, 0),
(653, 2, 1),
(653, 3, 0),
(653, 4, 0),
(653, 5, 0),
(653, 6, 0),
(653, 7, 0),
(653, 8, 0),
(653, 9, 0),
(653, 12, 0),
(653, 31, 0),
(653, 32, 0),
(653, 34, 0),
(653, 36, 0),
(653, 37, 0),
(653, 38, 0),
(653, 39, 0),
(654, 1, 2),
(654, 2, 0),
(654, 3, 0),
(654, 4, 0),
(654, 5, 0),
(654, 6, 0),
(654, 7, 0),
(654, 8, 0),
(654, 9, 0),
(654, 12, 0),
(654, 31, 0),
(654, 32, 0),
(654, 34, 0),
(654, 36, 0),
(654, 37, 0),
(654, 38, 0),
(654, 39, 0),
(655, 1, 3),
(655, 2, 0),
(655, 3, 0),
(655, 4, 0),
(655, 5, 0),
(655, 6, 0),
(655, 7, 0),
(655, 8, 0),
(655, 9, 0),
(655, 12, 0),
(655, 31, 0),
(655, 32, 0),
(655, 34, 0),
(655, 36, 0),
(655, 37, 0),
(655, 38, 0),
(655, 39, 0),
(656, 1, 10),
(656, 2, 0),
(656, 3, 0),
(656, 4, 0),
(656, 5, 0),
(656, 6, 0),
(656, 7, 0),
(656, 8, 0),
(656, 9, 0),
(656, 12, 0),
(656, 31, 0),
(656, 32, 0),
(656, 34, 0),
(656, 36, 0),
(656, 37, 0),
(656, 38, 0),
(656, 39, 0),
(657, 1, 2),
(657, 2, 1),
(657, 3, 0),
(657, 4, 0),
(657, 5, 0),
(657, 6, 0),
(657, 7, 0),
(657, 8, 0),
(657, 9, 0),
(657, 12, 0),
(657, 31, 0),
(657, 32, 0),
(657, 34, 0),
(657, 36, 0),
(657, 37, 0),
(657, 38, 0),
(657, 39, 0);

-- --------------------------------------------------------

--
-- Estructura de tabla para la tabla `sub_categorias`
--

CREATE TABLE `sub_categorias` (
  `id_subcategoria` int(11) NOT NULL,
  `nombre_subcategoria` varchar(255) NOT NULL
) ENGINE=InnoDB DEFAULT CHARSET=utf8mb4 COLLATE=utf8mb4_spanish2_ci;

--
-- Volcado de datos para la tabla `sub_categorias`
--

INSERT INTO `sub_categorias` (`id_subcategoria`, `nombre_subcategoria`) VALUES
(1, 'TORNILLERIA COMPRA EXTERNA PARA KIT'),
(2, 'TORNILLERIA MAQUINADOS'),
(3, 'PIEZAS KIT MAQUINADOS'),
(4, 'PIEZAS COMPRA EXTERNA PARA KIT'),
(5, 'SIN SUB CATEGORIA');

-- --------------------------------------------------------

--
-- Estructura de tabla para la tabla `tipos_comprobante`
--

CREATE TABLE `tipos_comprobante` (
  `id_tipo_comprobante` int(11) NOT NULL,
  `clave_tipo_comprobante` char(1) NOT NULL,
  `descripcion_tipo_comprobante` varchar(100) NOT NULL,
  `efecto_comprobante` varchar(50) NOT NULL
) ENGINE=InnoDB DEFAULT CHARSET=utf8mb4 COLLATE=utf8mb4_general_ci;

--
-- Volcado de datos para la tabla `tipos_comprobante`
--

INSERT INTO `tipos_comprobante` (`id_tipo_comprobante`, `clave_tipo_comprobante`, `descripcion_tipo_comprobante`, `efecto_comprobante`) VALUES
(1, 'I', 'Ingreso', 'Suma'),
(2, 'E', 'Egreso', 'Resta'),
(3, 'T', 'Traslado', 'Informativo'),
(4, 'N', 'Nómina', 'Informativo'),
(5, 'P', 'Pago', 'Informativo');

-- --------------------------------------------------------

--
-- Estructura de tabla para la tabla `tipos_moneda`
--

CREATE TABLE `tipos_moneda` (
  `id_moneda` int(11) NOT NULL,
  `nombre_moneda` varchar(50) NOT NULL
) ENGINE=InnoDB DEFAULT CHARSET=utf8mb4 COLLATE=utf8mb4_general_ci;

--
-- Volcado de datos para la tabla `tipos_moneda`
--

INSERT INTO `tipos_moneda` (`id_moneda`, `nombre_moneda`) VALUES
(1, 'MXN'),
(2, 'USD');

-- --------------------------------------------------------

--
-- Estructura de tabla para la tabla `tipo_cambio_usd_mxn`
--

CREATE TABLE `tipo_cambio_usd_mxn` (
  `id` int(11) NOT NULL,
  `fecha` date NOT NULL,
  `tasa` decimal(10,4) NOT NULL,
  `fuente` varchar(100) DEFAULT NULL,
  `creado_en` timestamp NOT NULL DEFAULT current_timestamp(),
  `actualizado_en` timestamp NOT NULL DEFAULT current_timestamp() ON UPDATE current_timestamp()
) ENGINE=InnoDB DEFAULT CHARSET=utf8mb4 COLLATE=utf8mb4_general_ci;

--
-- Volcado de datos para la tabla `tipo_cambio_usd_mxn`
--

INSERT INTO `tipo_cambio_usd_mxn` (`id`, `fecha`, `tasa`, `fuente`, `creado_en`, `actualizado_en`) VALUES
(1, '2024-07-03', '18.8300', 'Banco de México', '2024-07-04 04:49:28', '2024-07-04 04:49:28');

-- --------------------------------------------------------

--
-- Estructura de tabla para la tabla `unidades_medida`
--

CREATE TABLE `unidades_medida` (
  `id_unidad` int(11) NOT NULL,
  `nombre_unidad` varchar(50) NOT NULL
) ENGINE=InnoDB DEFAULT CHARSET=utf8mb4 COLLATE=utf8mb4_general_ci;

--
-- Volcado de datos para la tabla `unidades_medida`
--

INSERT INTO `unidades_medida` (`id_unidad`, `nombre_unidad`) VALUES
(1, 'Pieza'),
(2, 'Kilogramos'),
(3, 'Metros'),
(4, 'Centímetros'),
(5, 'Pulgadas'),
(6, 'Milímetros'),
(7, 'Litros'),
(8, 'Par'),
(9, 'Juego'),
(10, 'Gramos'),
(11, 'SERVICIO'),
(12, 'KIT'),
(13, 'MILLAR'),
(14, 'CIENTO');

-- --------------------------------------------------------

--
-- Estructura de tabla para la tabla `usuario`
--

CREATE TABLE `usuario` (
  `usuario_id` int(11) NOT NULL,
  `usuario_usuario` varchar(50) NOT NULL,
  `usuario_clave` varchar(255) NOT NULL,
  `usuario_foto` varchar(535) CHARACTER SET utf8mb3 COLLATE utf8mb3_spanish2_ci NOT NULL,
  `usuario_creado` timestamp NOT NULL DEFAULT current_timestamp(),
  `usuario_actualizado` timestamp NOT NULL DEFAULT current_timestamp(),
  `permiso` int(1) NOT NULL DEFAULT 2
) ENGINE=InnoDB DEFAULT CHARSET=utf8mb4 COLLATE=utf8mb4_general_ci;

--
-- Volcado de datos para la tabla `usuario`
--

INSERT INTO `usuario` (`usuario_id`, `usuario_usuario`, `usuario_clave`, `usuario_foto`, `usuario_creado`, `usuario_actualizado`, `permiso`) VALUES
(1, 'Administrador', '$2y$10$uJv3jCCQKn20CMWiYjw6sOh81jCmUoEN8YJMLASs30kbTa6g6/Fuq', 'Administrador_95.jpg', '2023-11-06 21:45:33', '2023-11-10 22:33:51', 1),
(16, 'luis', '$2y$10$92WMAcU2tmHgxEZsi3yTt.MzV3YocId4mF3fXYBr9fCjvjYmPR7vO', '', '2024-04-29 04:19:09', '2024-04-29 04:19:09', 2);

--
-- Índices para tablas volcadas
--

--
-- Indices de la tabla `almacenes`
--
ALTER TABLE `almacenes`
  ADD PRIMARY KEY (`id_almacen`);

--
-- Indices de la tabla `areas`
--
ALTER TABLE `areas`
  ADD PRIMARY KEY (`id_area`);

--
-- Indices de la tabla `categorias`
--
ALTER TABLE `categorias`
  ADD PRIMARY KEY (`id_categoria`);

--
-- Indices de la tabla `catmetodospago`
--
ALTER TABLE `catmetodospago`
  ADD PRIMARY KEY (`id_catmetodospago`);

--
-- Indices de la tabla `catusoscfdi`
--
ALTER TABLE `catusoscfdi`
  ADD PRIMARY KEY (`id_catusoscfdi`);

--
-- Indices de la tabla `claves_productos_sat`
--
ALTER TABLE `claves_productos_sat`
  ADD PRIMARY KEY (`id_clave_sat`),
  ADD UNIQUE KEY `clave_sat` (`clave_sat`);

--
-- Indices de la tabla `clientes`
--
ALTER TABLE `clientes`
  ADD PRIMARY KEY (`id_cliente`);

--
-- Indices de la tabla `cpi_art_af`
--
ALTER TABLE `cpi_art_af`
  ADD PRIMARY KEY (`id_cpi_art_af`);

--
-- Indices de la tabla `detalle_factura`
--
ALTER TABLE `detalle_factura`
  ADD PRIMARY KEY (`id_detalle_factura`),
  ADD KEY `df-f` (`id_factura`);

--
-- Indices de la tabla `detalle_nota_entrada`
--
ALTER TABLE `detalle_nota_entrada`
  ADD PRIMARY KEY (`id_detalle_nota`),
  ADD KEY `unidad-nota` (`id_unidad_medida`),
  ADD KEY `idnota-detalle` (`id_nota_entrada`);

--
-- Indices de la tabla `detalle_orden_compra`
--
ALTER TABLE `detalle_orden_compra`
  ADD PRIMARY KEY (`id_detalle_orden`),
  ADD KEY `id_orden_compra` (`id_orden_compra`),
  ADD KEY `detalleorden-unidades` (`id_unidad`);

--
-- Indices de la tabla `detalle_orden_gasto`
--
ALTER TABLE `detalle_orden_gasto`
  ADD PRIMARY KEY (`id_detalle_orden`),
  ADD KEY `id_orden_gasto` (`id_orden_gasto`),
  ADD KEY `id_unidad` (`id_unidad`);

--
-- Indices de la tabla `detalle_salidas_producto_terminado`
--
ALTER TABLE `detalle_salidas_producto_terminado`
  ADD PRIMARY KEY (`id_detalle_salida`),
  ADD KEY `detalle-salida` (`id_salida`),
  ADD KEY `detalle-lote` (`id_numero_lote`),
  ADD KEY `detalle-serie` (`id_numero_serie`);

--
-- Indices de la tabla `empleados`
--
ALTER TABLE `empleados`
  ADD PRIMARY KEY (`id_empleado`),
  ADD KEY `emplead- area` (`area`);

--
-- Indices de la tabla `facturas`
--
ALTER TABLE `facturas`
  ADD PRIMARY KEY (`id_factura`),
  ADD KEY `f-p` (`id_proveedor`),
  ADD KEY `f-m` (`id_moneda`),
  ADD KEY `f-e` (`id_empleado`);

--
-- Indices de la tabla `modelos`
--
ALTER TABLE `modelos`
  ADD PRIMARY KEY (`id_model`);

--
-- Indices de la tabla `movimientos`
--
ALTER TABLE `movimientos`
  ADD PRIMARY KEY (`id_movimiento`),
  ADD KEY `id_producto` (`id_producto`),
  ADD KEY `id_almacen_origen` (`id_almacen_origen`),
  ADD KEY `id_almacen_destino` (`id_almacen_destino`),
  ADD KEY `empleado-movimiento` (`id_empleado`);

--
-- Indices de la tabla `notas_entrada`
--
ALTER TABLE `notas_entrada`
  ADD PRIMARY KEY (`id_nota_entrada`),
  ADD KEY `nota-provedores` (`id_proveedor`),
  ADD KEY `moneda-nota` (`id_empleado`);

--
-- Indices de la tabla `numeros_lote`
--
ALTER TABLE `numeros_lote`
  ADD PRIMARY KEY (`id_numero_lote`);

--
-- Indices de la tabla `numeros_serie`
--
ALTER TABLE `numeros_serie`
  ADD PRIMARY KEY (`id_numero_serie`),
  ADD KEY `lote-serie` (`id_numero_lote`);

--
-- Indices de la tabla `ordenes_compra`
--
ALTER TABLE `ordenes_compra`
  ADD PRIMARY KEY (`id_orden_compra`),
  ADD UNIQUE KEY `numero_orden` (`numero_orden`),
  ADD KEY `id_proveedor` (`id_proveedor`),
  ADD KEY `id_moneda` (`id_moneda`),
  ADD KEY `empleado` (`id_empleado`),
  ADD KEY `usos-compra` (`id_catusoscfdi`),
  ADD KEY `pago-compra` (`id_catmetodospago`);

--
-- Indices de la tabla `ordenes_gasto`
--
ALTER TABLE `ordenes_gasto`
  ADD PRIMARY KEY (`id_orden_gasto`),
  ADD KEY `id_proveedor` (`id_proveedor`),
  ADD KEY `empleado-orden` (`id_empleado`),
  ADD KEY `moneda-orden` (`id_moneda`),
  ADD KEY `usos-gasto` (`id_catusoscfdi`),
  ADD KEY `pago-gasto` (`id_catmetodospago`);

--
-- Indices de la tabla `permisos`
--
ALTER TABLE `permisos`
  ADD PRIMARY KEY (`id_permiso`);

--
-- Indices de la tabla `productos`
--
ALTER TABLE `productos`
  ADD PRIMARY KEY (`id_producto`),
  ADD KEY `id_categoria` (`id_categoria`),
  ADD KEY `id_proveedor` (`id_proveedor`),
  ADD KEY `id_unidad` (`id_unidad`),
  ADD KEY `id_moneda` (`id_moneda`),
  ADD KEY `succat-product` (`id_subcategoria`);

--
-- Indices de la tabla `productos_cpi_art_af`
--
ALTER TABLE `productos_cpi_art_af`
  ADD PRIMARY KEY (`id_productos_cpi_art_af`),
  ADD KEY `id_producto` (`id_producto`,`id_cpi_art_af`),
  ADD KEY `cpi_art_af_producto` (`id_cpi_art_af`);

--
-- Indices de la tabla `proveedores`
--
ALTER TABLE `proveedores`
  ADD PRIMARY KEY (`id_proveedor`),
  ADD UNIQUE KEY `email_proveedor` (`email_proveedor`);

--
-- Indices de la tabla `regimenes_fiscales`
--
ALTER TABLE `regimenes_fiscales`
  ADD PRIMARY KEY (`id_regimen`),
  ADD UNIQUE KEY `codigo` (`codigo_regimen`);

--
-- Indices de la tabla `salidas_producto_terminado`
--
ALTER TABLE `salidas_producto_terminado`
  ADD PRIMARY KEY (`id_salida`),
  ADD KEY `salida-empleado` (`id_empleado`),
  ADD KEY `salida-almacen` (`id_almacen_destino`);

--
-- Indices de la tabla `stock_almacen`
--
ALTER TABLE `stock_almacen`
  ADD PRIMARY KEY (`id_producto`,`id_almacen`),
  ADD KEY `id_almacen` (`id_almacen`);

--
-- Indices de la tabla `sub_categorias`
--
ALTER TABLE `sub_categorias`
  ADD PRIMARY KEY (`id_subcategoria`);

--
-- Indices de la tabla `tipos_comprobante`
--
ALTER TABLE `tipos_comprobante`
  ADD PRIMARY KEY (`id_tipo_comprobante`),
  ADD UNIQUE KEY `clave` (`clave_tipo_comprobante`);

--
-- Indices de la tabla `tipos_moneda`
--
ALTER TABLE `tipos_moneda`
  ADD PRIMARY KEY (`id_moneda`);

--
-- Indices de la tabla `tipo_cambio_usd_mxn`
--
ALTER TABLE `tipo_cambio_usd_mxn`
  ADD PRIMARY KEY (`id`),
  ADD UNIQUE KEY `unique_fecha` (`fecha`);

--
-- Indices de la tabla `unidades_medida`
--
ALTER TABLE `unidades_medida`
  ADD PRIMARY KEY (`id_unidad`);

--
-- Indices de la tabla `usuario`
--
ALTER TABLE `usuario`
  ADD PRIMARY KEY (`usuario_id`),
  ADD KEY `permiso` (`permiso`);

--
-- AUTO_INCREMENT de las tablas volcadas
--

--
-- AUTO_INCREMENT de la tabla `almacenes`
--
ALTER TABLE `almacenes`
  MODIFY `id_almacen` int(11) NOT NULL AUTO_INCREMENT, AUTO_INCREMENT=40;

--
-- AUTO_INCREMENT de la tabla `areas`
--
ALTER TABLE `areas`
  MODIFY `id_area` int(11) NOT NULL AUTO_INCREMENT, AUTO_INCREMENT=6;

--
-- AUTO_INCREMENT de la tabla `categorias`
--
ALTER TABLE `categorias`
  MODIFY `id_categoria` int(11) NOT NULL AUTO_INCREMENT, AUTO_INCREMENT=12;

--
-- AUTO_INCREMENT de la tabla `catmetodospago`
--
ALTER TABLE `catmetodospago`
  MODIFY `id_catmetodospago` int(11) NOT NULL AUTO_INCREMENT, AUTO_INCREMENT=4;

--
-- AUTO_INCREMENT de la tabla `catusoscfdi`
--
ALTER TABLE `catusoscfdi`
  MODIFY `id_catusoscfdi` int(11) NOT NULL AUTO_INCREMENT, AUTO_INCREMENT=12;

--
-- AUTO_INCREMENT de la tabla `claves_productos_sat`
--
ALTER TABLE `claves_productos_sat`
  MODIFY `id_clave_sat` int(11) NOT NULL AUTO_INCREMENT, AUTO_INCREMENT=7;

--
-- AUTO_INCREMENT de la tabla `clientes`
--
ALTER TABLE `clientes`
  MODIFY `id_cliente` int(11) NOT NULL AUTO_INCREMENT, AUTO_INCREMENT=2;

--
-- AUTO_INCREMENT de la tabla `cpi_art_af`
--
ALTER TABLE `cpi_art_af`
  MODIFY `id_cpi_art_af` int(11) NOT NULL AUTO_INCREMENT, AUTO_INCREMENT=5;

--
-- AUTO_INCREMENT de la tabla `detalle_factura`
--
ALTER TABLE `detalle_factura`
  MODIFY `id_detalle_factura` int(11) NOT NULL AUTO_INCREMENT, AUTO_INCREMENT=157;

--
-- AUTO_INCREMENT de la tabla `detalle_nota_entrada`
--
ALTER TABLE `detalle_nota_entrada`
  MODIFY `id_detalle_nota` int(11) NOT NULL AUTO_INCREMENT, AUTO_INCREMENT=197;

--
-- AUTO_INCREMENT de la tabla `detalle_orden_compra`
--
ALTER TABLE `detalle_orden_compra`
  MODIFY `id_detalle_orden` int(11) NOT NULL AUTO_INCREMENT, AUTO_INCREMENT=277;

--
-- AUTO_INCREMENT de la tabla `detalle_orden_gasto`
--
ALTER TABLE `detalle_orden_gasto`
  MODIFY `id_detalle_orden` int(11) NOT NULL AUTO_INCREMENT, AUTO_INCREMENT=171;

--
-- AUTO_INCREMENT de la tabla `detalle_salidas_producto_terminado`
--
ALTER TABLE `detalle_salidas_producto_terminado`
  MODIFY `id_detalle_salida` int(11) NOT NULL AUTO_INCREMENT, AUTO_INCREMENT=91;

--
-- AUTO_INCREMENT de la tabla `empleados`
--
ALTER TABLE `empleados`
  MODIFY `id_empleado` int(11) NOT NULL AUTO_INCREMENT, AUTO_INCREMENT=11;

--
-- AUTO_INCREMENT de la tabla `facturas`
--
ALTER TABLE `facturas`
  MODIFY `id_factura` int(11) NOT NULL AUTO_INCREMENT, AUTO_INCREMENT=154;

--
-- AUTO_INCREMENT de la tabla `modelos`
--
ALTER TABLE `modelos`
  MODIFY `id_model` int(11) NOT NULL AUTO_INCREMENT, AUTO_INCREMENT=2;

--
-- AUTO_INCREMENT de la tabla `movimientos`
--
ALTER TABLE `movimientos`
  MODIFY `id_movimiento` int(11) NOT NULL AUTO_INCREMENT, AUTO_INCREMENT=845;

--
-- AUTO_INCREMENT de la tabla `notas_entrada`
--
ALTER TABLE `notas_entrada`
  MODIFY `id_nota_entrada` int(11) NOT NULL AUTO_INCREMENT, AUTO_INCREMENT=83;

--
-- AUTO_INCREMENT de la tabla `numeros_lote`
--
ALTER TABLE `numeros_lote`
  MODIFY `id_numero_lote` int(11) NOT NULL AUTO_INCREMENT, AUTO_INCREMENT=5;

--
-- AUTO_INCREMENT de la tabla `numeros_serie`
--
ALTER TABLE `numeros_serie`
  MODIFY `id_numero_serie` int(11) NOT NULL AUTO_INCREMENT, AUTO_INCREMENT=64;

--
-- AUTO_INCREMENT de la tabla `ordenes_compra`
--
ALTER TABLE `ordenes_compra`
  MODIFY `id_orden_compra` int(11) NOT NULL AUTO_INCREMENT, AUTO_INCREMENT=69;

--
-- AUTO_INCREMENT de la tabla `ordenes_gasto`
--
ALTER TABLE `ordenes_gasto`
  MODIFY `id_orden_gasto` int(11) NOT NULL AUTO_INCREMENT, AUTO_INCREMENT=50;

--
-- AUTO_INCREMENT de la tabla `permisos`
--
ALTER TABLE `permisos`
  MODIFY `id_permiso` int(11) NOT NULL AUTO_INCREMENT, AUTO_INCREMENT=3;

--
-- AUTO_INCREMENT de la tabla `productos`
--
ALTER TABLE `productos`
  MODIFY `id_producto` int(11) NOT NULL AUTO_INCREMENT, AUTO_INCREMENT=658;

--
-- AUTO_INCREMENT de la tabla `productos_cpi_art_af`
--
ALTER TABLE `productos_cpi_art_af`
  MODIFY `id_productos_cpi_art_af` int(11) NOT NULL AUTO_INCREMENT, AUTO_INCREMENT=144;

--
-- AUTO_INCREMENT de la tabla `proveedores`
--
ALTER TABLE `proveedores`
  MODIFY `id_proveedor` int(11) NOT NULL AUTO_INCREMENT, AUTO_INCREMENT=53;

--
-- AUTO_INCREMENT de la tabla `regimenes_fiscales`
--
ALTER TABLE `regimenes_fiscales`
  MODIFY `id_regimen` int(11) NOT NULL AUTO_INCREMENT, AUTO_INCREMENT=24;

--
-- AUTO_INCREMENT de la tabla `salidas_producto_terminado`
--
ALTER TABLE `salidas_producto_terminado`
  MODIFY `id_salida` int(11) NOT NULL AUTO_INCREMENT, AUTO_INCREMENT=14;

--
-- AUTO_INCREMENT de la tabla `sub_categorias`
--
ALTER TABLE `sub_categorias`
  MODIFY `id_subcategoria` int(11) NOT NULL AUTO_INCREMENT, AUTO_INCREMENT=7;

--
-- AUTO_INCREMENT de la tabla `tipos_comprobante`
--
ALTER TABLE `tipos_comprobante`
  MODIFY `id_tipo_comprobante` int(11) NOT NULL AUTO_INCREMENT, AUTO_INCREMENT=6;

--
-- AUTO_INCREMENT de la tabla `tipos_moneda`
--
ALTER TABLE `tipos_moneda`
  MODIFY `id_moneda` int(11) NOT NULL AUTO_INCREMENT, AUTO_INCREMENT=3;

--
-- AUTO_INCREMENT de la tabla `tipo_cambio_usd_mxn`
--
ALTER TABLE `tipo_cambio_usd_mxn`
  MODIFY `id` int(11) NOT NULL AUTO_INCREMENT, AUTO_INCREMENT=2;

--
-- AUTO_INCREMENT de la tabla `unidades_medida`
--
ALTER TABLE `unidades_medida`
  MODIFY `id_unidad` int(11) NOT NULL AUTO_INCREMENT, AUTO_INCREMENT=15;

--
-- AUTO_INCREMENT de la tabla `usuario`
--
ALTER TABLE `usuario`
  MODIFY `usuario_id` int(11) NOT NULL AUTO_INCREMENT, AUTO_INCREMENT=17;

--
-- Restricciones para tablas volcadas
--

--
-- Filtros para la tabla `detalle_factura`
--
ALTER TABLE `detalle_factura`
  ADD CONSTRAINT `df-f` FOREIGN KEY (`id_factura`) REFERENCES `facturas` (`id_factura`) ON DELETE CASCADE ON UPDATE CASCADE;

--
-- Filtros para la tabla `detalle_nota_entrada`
--
ALTER TABLE `detalle_nota_entrada`
  ADD CONSTRAINT `ne-det` FOREIGN KEY (`id_nota_entrada`) REFERENCES `notas_entrada` (`id_nota_entrada`) ON DELETE CASCADE ON UPDATE CASCADE,
  ADD CONSTRAINT `unmed` FOREIGN KEY (`id_unidad_medida`) REFERENCES `unidades_medida` (`id_unidad`) ON DELETE CASCADE ON UPDATE CASCADE;

--
-- Filtros para la tabla `detalle_orden_compra`
--
ALTER TABLE `detalle_orden_compra`
  ADD CONSTRAINT `detalle_orden_compra_ibfk_1` FOREIGN KEY (`id_orden_compra`) REFERENCES `ordenes_compra` (`id_orden_compra`),
  ADD CONSTRAINT `detalleorden-unidades` FOREIGN KEY (`id_unidad`) REFERENCES `unidades_medida` (`id_unidad`);

--
-- Filtros para la tabla `detalle_orden_gasto`
--
ALTER TABLE `detalle_orden_gasto`
  ADD CONSTRAINT `detalle-unidades` FOREIGN KEY (`id_unidad`) REFERENCES `unidades_medida` (`id_unidad`) ON DELETE CASCADE ON UPDATE CASCADE,
  ADD CONSTRAINT `detalleorden-orden` FOREIGN KEY (`id_orden_gasto`) REFERENCES `ordenes_gasto` (`id_orden_gasto`) ON DELETE CASCADE ON UPDATE CASCADE;

--
-- Filtros para la tabla `detalle_salidas_producto_terminado`
--
ALTER TABLE `detalle_salidas_producto_terminado`
  ADD CONSTRAINT `detalle-lote` FOREIGN KEY (`id_numero_lote`) REFERENCES `numeros_lote` (`id_numero_lote`) ON DELETE CASCADE ON UPDATE CASCADE,
  ADD CONSTRAINT `detalle-salida` FOREIGN KEY (`id_salida`) REFERENCES `salidas_producto_terminado` (`id_salida`) ON DELETE CASCADE ON UPDATE CASCADE,
  ADD CONSTRAINT `detalle-serie` FOREIGN KEY (`id_numero_serie`) REFERENCES `numeros_serie` (`id_numero_serie`) ON DELETE CASCADE ON UPDATE CASCADE;

--
-- Filtros para la tabla `empleados`
--
ALTER TABLE `empleados`
  ADD CONSTRAINT `emplead- area` FOREIGN KEY (`area`) REFERENCES `areas` (`id_area`);

--
-- Filtros para la tabla `facturas`
--
ALTER TABLE `facturas`
  ADD CONSTRAINT `f-e` FOREIGN KEY (`id_empleado`) REFERENCES `empleados` (`id_empleado`) ON DELETE CASCADE ON UPDATE CASCADE,
  ADD CONSTRAINT `f-m` FOREIGN KEY (`id_moneda`) REFERENCES `tipos_moneda` (`id_moneda`) ON DELETE CASCADE ON UPDATE CASCADE,
  ADD CONSTRAINT `f-p` FOREIGN KEY (`id_proveedor`) REFERENCES `proveedores` (`id_proveedor`) ON DELETE CASCADE ON UPDATE CASCADE;

--
-- Filtros para la tabla `movimientos`
--
ALTER TABLE `movimientos`
  ADD CONSTRAINT `empleado-movimiento` FOREIGN KEY (`id_empleado`) REFERENCES `empleados` (`id_empleado`) ON DELETE CASCADE ON UPDATE CASCADE,
  ADD CONSTRAINT `movimientos_ibfk_2` FOREIGN KEY (`id_almacen_origen`) REFERENCES `almacenes` (`id_almacen`) ON DELETE CASCADE ON UPDATE CASCADE,
  ADD CONSTRAINT `movimientos_ibfk_3` FOREIGN KEY (`id_almacen_destino`) REFERENCES `almacenes` (`id_almacen`) ON DELETE CASCADE ON UPDATE CASCADE;

--
-- Filtros para la tabla `notas_entrada`
--
ALTER TABLE `notas_entrada`
  ADD CONSTRAINT `empleado-ordenwsa` FOREIGN KEY (`id_empleado`) REFERENCES `empleados` (`id_empleado`) ON DELETE CASCADE ON UPDATE CASCADE,
  ADD CONSTRAINT `notas_entrada_ibfk_1` FOREIGN KEY (`id_proveedor`) REFERENCES `proveedores` (`id_proveedor`) ON DELETE CASCADE ON UPDATE CASCADE;

--
-- Filtros para la tabla `numeros_serie`
--
ALTER TABLE `numeros_serie`
  ADD CONSTRAINT `lote-serie` FOREIGN KEY (`id_numero_lote`) REFERENCES `numeros_lote` (`id_numero_lote`) ON DELETE CASCADE ON UPDATE CASCADE;

--
-- Filtros para la tabla `ordenes_compra`
--
ALTER TABLE `ordenes_compra`
  ADD CONSTRAINT `empleado` FOREIGN KEY (`id_empleado`) REFERENCES `empleados` (`id_empleado`) ON DELETE CASCADE ON UPDATE CASCADE,
  ADD CONSTRAINT `moneda` FOREIGN KEY (`id_moneda`) REFERENCES `tipos_moneda` (`id_moneda`) ON DELETE CASCADE ON UPDATE CASCADE,
  ADD CONSTRAINT `ordenes_compra_ibfk_1` FOREIGN KEY (`id_proveedor`) REFERENCES `proveedores` (`id_proveedor`) ON DELETE CASCADE ON UPDATE CASCADE,
  ADD CONSTRAINT `pago-compra` FOREIGN KEY (`id_catmetodospago`) REFERENCES `catmetodospago` (`id_catmetodospago`) ON DELETE CASCADE ON UPDATE CASCADE,
  ADD CONSTRAINT `usos-compra` FOREIGN KEY (`id_catusoscfdi`) REFERENCES `catusoscfdi` (`id_catusoscfdi`) ON DELETE CASCADE ON UPDATE CASCADE;

--
-- Filtros para la tabla `ordenes_gasto`
--
ALTER TABLE `ordenes_gasto`
  ADD CONSTRAINT `empleado-orden` FOREIGN KEY (`id_empleado`) REFERENCES `empleados` (`id_empleado`) ON DELETE CASCADE ON UPDATE CASCADE,
  ADD CONSTRAINT `moneda-orden` FOREIGN KEY (`id_moneda`) REFERENCES `tipos_moneda` (`id_moneda`) ON DELETE CASCADE ON UPDATE CASCADE,
  ADD CONSTRAINT `orden-provedores` FOREIGN KEY (`id_proveedor`) REFERENCES `proveedores` (`id_proveedor`) ON DELETE CASCADE ON UPDATE CASCADE,
  ADD CONSTRAINT `pago-gasto` FOREIGN KEY (`id_catmetodospago`) REFERENCES `catmetodospago` (`id_catmetodospago`) ON DELETE CASCADE ON UPDATE CASCADE,
  ADD CONSTRAINT `usos-gasto` FOREIGN KEY (`id_catusoscfdi`) REFERENCES `catusoscfdi` (`id_catusoscfdi`) ON DELETE CASCADE ON UPDATE CASCADE;

--
-- Filtros para la tabla `productos`
--
ALTER TABLE `productos`
  ADD CONSTRAINT `succat-product` FOREIGN KEY (`id_subcategoria`) REFERENCES `sub_categorias` (`id_subcategoria`) ON DELETE CASCADE ON UPDATE CASCADE;

--
-- Filtros para la tabla `productos_cpi_art_af`
--
ALTER TABLE `productos_cpi_art_af`
  ADD CONSTRAINT `cpi_art_af_producto` FOREIGN KEY (`id_cpi_art_af`) REFERENCES `cpi_art_af` (`id_cpi_art_af`),
  ADD CONSTRAINT `producto_cpi_art_ar` FOREIGN KEY (`id_producto`) REFERENCES `productos` (`id_producto`) ON DELETE CASCADE ON UPDATE CASCADE;

--
-- Filtros para la tabla `salidas_producto_terminado`
--
ALTER TABLE `salidas_producto_terminado`
  ADD CONSTRAINT `salida-almacen` FOREIGN KEY (`id_almacen_destino`) REFERENCES `almacenes` (`id_almacen`) ON DELETE CASCADE ON UPDATE CASCADE,
  ADD CONSTRAINT `salida-empleado` FOREIGN KEY (`id_empleado`) REFERENCES `empleados` (`id_empleado`) ON DELETE CASCADE ON UPDATE CASCADE;

--
-- Filtros para la tabla `stock_almacen`
--
ALTER TABLE `stock_almacen`
  ADD CONSTRAINT `stock_almacen_ibfk_2` FOREIGN KEY (`id_almacen`) REFERENCES `almacenes` (`id_almacen`) ON DELETE CASCADE ON UPDATE CASCADE;

--
-- Filtros para la tabla `usuario`
--
ALTER TABLE `usuario`
  ADD CONSTRAINT `permiso` FOREIGN KEY (`permiso`) REFERENCES `permisos` (`id_permiso`) ON DELETE CASCADE ON UPDATE CASCADE;
COMMIT;

/*!40101 SET CHARACTER_SET_CLIENT=@OLD_CHARACTER_SET_CLIENT */;
/*!40101 SET CHARACTER_SET_RESULTS=@OLD_CHARACTER_SET_RESULTS */;
/*!40101 SET COLLATION_CONNECTION=@OLD_COLLATION_CONNECTION */;
